{
"type": "FeatureCollection",
"name": "grid_cells",
"crs": { "type": "name", "properties": { "name": "urn:ogc:def:crs:OGC:1.3:CRS84" } },
"features": [
{ "type": "Feature", "properties": { "cell_id": 1, "district": "deira", "gius": 0.472, "walkability_norm": 0.286, "services_norm": 0.129, "transit_norm": 1.0, "cluster": 0 }, "geometry": { "type": "Polygon", "coordinates": [ [ [ 55.27994439393715, 25.238806974302584 ], [ 55.279912622137026, 25.2410636524145 ], [ 55.28239382796886, 25.241092530077928 ], [ 55.282425553993498, 25.23883584902903 ], [ 55.27994439393715, 25.238806974302584 ] ] ] } },
{ "type": "Feature", "properties": { "cell_id": 2, "district": "deira", "gius": 0.586, "walkability_norm": 0.612, "services_norm": 0.161, "transit_norm": 0.985, "cluster": 1 }, "geometry": { "type": "Polygon", "coordinates": [ [ [ 55.279912622137026, 25.2410636524145 ], [ 55.279880846508867, 25.243320329799651 ], [ 55.282362098121688, 25.243349210400169 ], [ 55.28239382796886, 25.241092530077928 ], [ 55.279912622137026, 25.2410636524145 ] ] ] } },
{ "type": "Feature", "properties": { "cell_id": 3, "district": "deira", "gius": 0.574, "walkability_norm": 0.673, "services_norm": 0.129, "transit_norm": 0.921, "cluster": 1 }, "geometry": { "type": "Polygon", "coordinates": [ [ [ 55.279880846508867, 25.243320329799651 ], [ 55.279849067052361, 25.245577006457996 ], [ 55.282330364451695, 25.245605889995701 ], [ 55.282362098121688, 25.243349210400169 ], [ 55.279880846508867, 25.243320329799651 ] ] ] } },
{ "type": "Feature", "properties": { "cell_id": 4, "district": "deira", "gius": 0.456, "walkability_norm": 0.439, "services_norm": 0.097, "transit_norm": 0.832, "cluster": 1 }, "geometry": { "type": "Polygon", "coordinates": [ [ [ 55.279849067052361, 25.245577006457996 ], [ 55.279817283767201, 25.24783368238948 ], [ 55.28229862695855, 25.247862568864484 ], [ 55.282330364451695, 25.245605889995701 ], [ 55.279849067052361, 25.245577006457996 ] ] ] } },
{ "type": "Feature", "properties": { "cell_id": 5, "district": "deira", "gius": 0.46, "walkability_norm": 0.367, "services_norm": 0.129, "transit_norm": 0.884, "cluster": 0 }, "geometry": { "type": "Polygon", "coordinates": [ [ [ 55.279817283767201, 25.24783368238948 ], [ 55.279785496653076, 25.25009035759404 ], [ 55.282266885641967, 25.250119247006452 ], [ 55.28229862695855, 25.247862568864484 ], [ 55.279817283767201, 25.24783368238948 ] ] ] } },
{ "type": "Feature", "properties": { "cell_id": 6, "district": "deira", "gius": 0.455, "walkability_norm": 0.214, "services_norm": 0.161, "transit_norm": 0.991, "cluster": 0 }, "geometry": { "type": "Polygon", "coordinates": [ [ [ 55.279785496653076, 25.25009035759404 ], [ 55.279753705709687, 25.252347032071654 ], [ 55.282235140501619, 25.252375924421568 ], [ 55.282266885641967, 25.250119247006452 ], [ 55.279785496653076, 25.25009035759404 ] ] ] } },
{ "type": "Feature", "properties": { "cell_id": 7, "district": "deira", "gius": 0.494, "walkability_norm": 0.459, "services_norm": 0.065, "transit_norm": 0.958, "cluster": 1 }, "geometry": { "type": "Polygon", "coordinates": [ [ [ 55.279753705709687, 25.252347032071654 ], [ 55.279721910936715, 25.254603705822252 ], [ 55.282203391537209, 25.25463260110978 ], [ 55.282235140501619, 25.252375924421568 ], [ 55.279753705709687, 25.252347032071654 ] ] ] } },
{ "type": "Feature", "properties": { "cell_id": 8, "district": "deira", "gius": 0.419, "walkability_norm": 0.378, "services_norm": 0.032, "transit_norm": 0.847, "cluster": 0 }, "geometry": { "type": "Polygon", "coordinates": [ [ [ 55.279721910936715, 25.254603705822252 ], [ 55.279690112333853, 25.256860378845786 ], [ 55.282171638748423, 25.256889277071036 ], [ 55.282203391537209, 25.25463260110978 ], [ 55.279721910936715, 25.254603705822252 ] ] ] } },
{ "type": "Feature", "properties": { "cell_id": 9, "district": "deira", "gius": 0.39, "walkability_norm": 0.327, "services_norm": 0.0, "transit_norm": 0.844, "cluster": 0 }, "geometry": { "type": "Polygon", "coordinates": [ [ [ 55.279690112333853, 25.256860378845786 ], [ 55.279658309900789, 25.259117051142212 ], [ 55.282139882134949, 25.259145952305285 ], [ 55.282171638748423, 25.256889277071036 ], [ 55.279690112333853, 25.256860378845786 ] ] ] } },
{ "type": "Feature", "properties": { "cell_id": 22, "district": "deira", "gius": 0.128, "walkability_norm": 0.0, "services_norm": 0.0, "transit_norm": 0.383, "cluster": 2 }, "geometry": { "type": "Polygon", "coordinates": [ [ [ 55.279276381835807, 25.286197061966636 ], [ 55.279244529581987, 25.288453724806104 ], [ 55.281726697972964, 25.288482664170512 ], [ 55.281758504335457, 25.286225998391849 ], [ 55.279276381835807, 25.286197061966636 ] ] ] } },
{ "type": "Feature", "properties": { "cell_id": 23, "district": "deira", "gius": 0.094, "walkability_norm": 0.0, "services_norm": 0.0, "transit_norm": 0.281, "cluster": 2 }, "geometry": { "type": "Polygon", "coordinates": [ [ [ 55.279244529581987, 25.288453724806104 ], [ 55.279212673493625, 25.290710386917773 ], [ 55.281694887781455, 25.290739329221491 ], [ 55.281726697972964, 25.288482664170512 ], [ 55.279244529581987, 25.288453724806104 ] ] ] } },
{ "type": "Feature", "properties": { "cell_id": 24, "district": "deira", "gius": 0.059, "walkability_norm": 0.0, "services_norm": 0.0, "transit_norm": 0.176, "cluster": 2 }, "geometry": { "type": "Polygon", "coordinates": [ [ [ 55.279212673493625, 25.290710386917773 ], [ 55.27918081357042, 25.292967048301584 ], [ 55.281663073760633, 25.292995993544711 ], [ 55.281694887781455, 25.290739329221491 ], [ 55.279212673493625, 25.290710386917773 ] ] ] } },
{ "type": "Feature", "properties": { "cell_id": 25, "district": "deira", "gius": 0.023, "walkability_norm": 0.0, "services_norm": 0.0, "transit_norm": 0.069, "cluster": 2 }, "geometry": { "type": "Polygon", "coordinates": [ [ [ 55.27918081357042, 25.292967048301584 ], [ 55.279148949812061, 25.295223708957497 ], [ 55.281631255910163, 25.295252657140136 ], [ 55.281663073760633, 25.292995993544711 ], [ 55.27918081357042, 25.292967048301584 ] ] ] } },
{ "type": "Feature", "properties": { "cell_id": 26, "district": "deira", "gius": 0.0, "walkability_norm": 0.0, "services_norm": 0.0, "transit_norm": 0.0, "cluster": 2 }, "geometry": { "type": "Polygon", "coordinates": [ [ [ 55.279148949812061, 25.295223708957497 ], [ 55.279117082218235, 25.297480368885449 ], [ 55.281599434229769, 25.297509320007709 ], [ 55.281631255910163, 25.295252657140136 ], [ 55.279148949812061, 25.295223708957497 ] ] ] } },
{ "type": "Feature", "properties": { "cell_id": 27, "district": "deira", "gius": 0.0, "walkability_norm": 0.0, "services_norm": 0.0, "transit_norm": 0.0, "cluster": 2 }, "geometry": { "type": "Polygon", "coordinates": [ [ [ 55.279117082218235, 25.297480368885449 ], [ 55.279085210788629, 25.299737028085403 ], [ 55.281567608719115, 25.299765982147392 ], [ 55.281599434229769, 25.297509320007709 ], [ 55.279117082218235, 25.297480368885449 ] ] ] } },
{ "type": "Feature", "properties": { "cell_id": 28, "district": "deira", "gius": 0.0, "walkability_norm": 0.0, "services_norm": 0.0, "transit_norm": 0.0, "cluster": 2 }, "geometry": { "type": "Polygon", "coordinates": [ [ [ 55.279085210788629, 25.299737028085403 ], [ 55.279053335522946, 25.301993686557303 ], [ 55.28153577937789, 25.302022643559116 ], [ 55.281567608719115, 25.299765982147392 ], [ 55.279085210788629, 25.299737028085403 ] ] ] } },
{ "type": "Feature", "properties": { "cell_id": 29, "district": "deira", "gius": 0.413, "walkability_norm": 0.245, "services_norm": 0.065, "transit_norm": 0.93, "cluster": 0 }, "geometry": { "type": "Polygon", "coordinates": [ [ [ 55.282425553993498, 25.23883584902903 ], [ 55.28239382796886, 25.241092530077928 ], [ 55.284875037623209, 25.241121366098575 ], [ 55.284906717872055, 25.23886468211693 ], [ 55.282425553993498, 25.23883584902903 ] ] ] } },
{ "type": "Feature", "properties": { "cell_id": 18, "district": "deira", "gius": 0.254, "walkability_norm": 0.0, "services_norm": 0.0, "transit_norm": 0.762, "cluster": 0 }, "geometry": { "type": "Polygon", "coordinates": [ [ [ 55.279403752511961, 25.277170403331681 ], [ 55.279371915593174, 25.27942706908188 ], [ 55.281853900451942, 25.279455996690132 ], [ 55.281885691501479, 25.277199328001156 ], [ 55.279403752511961, 25.277170403331681 ] ] ] } },
{ "type": "Feature", "properties": { "cell_id": 19, "district": "deira", "gius": 0.22, "walkability_norm": 0.0, "services_norm": 0.0, "transit_norm": 0.659, "cluster": 0 }, "geometry": { "type": "Polygon", "coordinates": [ [ [ 55.279371915593174, 25.27942706908188 ], [ 55.279340074841102, 25.281683734104472 ], [ 55.281822105574641, 25.281712664651604 ], [ 55.281853900451942, 25.279455996690132 ], [ 55.279371915593174, 25.27942706908188 ] ] ] } },
{ "type": "Feature", "properties": { "cell_id": 20, "district": "deira", "gius": 0.192, "walkability_norm": 0.0, "services_norm": 0.0, "transit_norm": 0.576, "cluster": 0 }, "geometry": { "type": "Polygon", "coordinates": [ [ [ 55.279340074841102, 25.281683734104472 ], [ 55.27930823025541, 25.283940398399405 ], [ 55.28179030686924, 25.283969331885526 ], [ 55.281822105574641, 25.281712664651604 ], [ 55.279340074841102, 25.281683734104472 ] ] ] } },
{ "type": "Feature", "properties": { "cell_id": 21, "district": "deira", "gius": 0.161, "walkability_norm": 0.0, "services_norm": 0.0, "transit_norm": 0.483, "cluster": 2 }, "geometry": { "type": "Polygon", "coordinates": [ [ [ 55.27930823025541, 25.283940398399405 ], [ 55.279276381835807, 25.286197061966636 ], [ 55.281758504335457, 25.286225998391849 ], [ 55.28179030686924, 25.283969331885526 ], [ 55.27930823025541, 25.283940398399405 ] ] ] } },
{ "type": "Feature", "properties": { "cell_id": 430, "district": "deira", "gius": 0.812, "walkability_norm": 0.469, "services_norm": 1.0, "transit_norm": 0.966, "cluster": 3 }, "geometry": { "type": "Polygon", "coordinates": [ [ [ 55.316726660770584, 25.270829761135836 ], [ 55.316695523172505, 25.273086472700633 ], [ 55.319177427263327, 25.273114765935556 ], [ 55.319208519004121, 25.270858051495843 ], [ 55.316726660770584, 25.270829761135836 ] ] ] } },
{ "type": "Feature", "properties": { "cell_id": 431, "district": "deira", "gius": 0.824, "walkability_norm": 0.48, "services_norm": 1.0, "transit_norm": 0.993, "cluster": 3 }, "geometry": { "type": "Polygon", "coordinates": [ [ [ 55.316695523172505, 25.273086472700633 ], [ 55.31666438182485, 25.275343183539544 ], [ 55.31914633177847, 25.275371479649483 ], [ 55.319177427263327, 25.273114765935556 ], [ 55.316695523172505, 25.273086472700633 ] ] ] } },
{ "type": "Feature", "properties": { "cell_id": 432, "district": "deira", "gius": 0.725, "walkability_norm": 0.633, "services_norm": 0.548, "transit_norm": 0.995, "cluster": 1 }, "geometry": { "type": "Polygon", "coordinates": [ [ [ 55.31666438182485, 25.275343183539544 ], [ 55.316633236727299, 25.277599893652518 ], [ 55.319115232549251, 25.277628192637579 ], [ 55.31914633177847, 25.275371479649483 ], [ 55.31666438182485, 25.275343183539544 ] ] ] } },
{ "type": "Feature", "properties": { "cell_id": 433, "district": "deira", "gius": 0.71, "walkability_norm": 0.612, "services_norm": 0.548, "transit_norm": 0.969, "cluster": 1 }, "geometry": { "type": "Polygon", "coordinates": [ [ [ 55.316633236727299, 25.277599893652518 ], [ 55.316602087879559, 25.279856603039498 ], [ 55.319084129575359, 25.279884904899777 ], [ 55.319115232549251, 25.277628192637579 ], [ 55.316633236727299, 25.277599893652518 ] ] ] } },
{ "type": "Feature", "properties": { "cell_id": 434, "district": "deira", "gius": 0.796, "walkability_norm": 1.0, "services_norm": 0.484, "transit_norm": 0.903, "cluster": 1 }, "geometry": { "type": "Polygon", "coordinates": [ [ [ 55.316602087879559, 25.279856603039498 ], [ 55.316570935281327, 25.282113311700442 ], [ 55.319053022856487, 25.282141616436054 ], [ 55.319084129575359, 25.279884904899777 ], [ 55.316602087879559, 25.279856603039498 ] ] ] } },
{ "type": "Feature", "properties": { "cell_id": 435, "district": "deira", "gius": 0.751, "walkability_norm": 1.0, "services_norm": 0.258, "transit_norm": 0.994, "cluster": 1 }, "geometry": { "type": "Polygon", "coordinates": [ [ [ 55.316570935281327, 25.282113311700442 ], [ 55.316539778932295, 25.284370019635301 ], [ 55.319021912392344, 25.284398327246343 ], [ 55.319053022856487, 25.282141616436054 ], [ 55.316570935281327, 25.282113311700442 ] ] ] } },
{ "type": "Feature", "properties": { "cell_id": 436, "district": "deira", "gius": 0.45, "walkability_norm": 0.265, "services_norm": 0.161, "transit_norm": 0.924, "cluster": 0 }, "geometry": { "type": "Polygon", "coordinates": [ [ [ 55.316539778932295, 25.284370019635301 ], [ 55.316508618832174, 25.286626726844027 ], [ 55.318990798182625, 25.286655037330608 ], [ 55.319021912392344, 25.284398327246343 ], [ 55.316539778932295, 25.284370019635301 ] ] ] } },
{ "type": "Feature", "properties": { "cell_id": 437, "district": "deira", "gius": 0.327, "walkability_norm": 0.133, "services_norm": 0.032, "transit_norm": 0.815, "cluster": 0 }, "geometry": { "type": "Polygon", "coordinates": [ [ [ 55.316508618832174, 25.286626726844027 ], [ 55.316477454980642, 25.28888343332655 ], [ 55.318959680227032, 25.288911746688772 ], [ 55.318990798182625, 25.286655037330608 ], [ 55.316508618832174, 25.286626726844027 ] ] ] } },
{ "type": "Feature", "properties": { "cell_id": 950, "district": "mirdif", "gius": 0.1, "walkability_norm": 0.0, "services_norm": 0.097, "transit_norm": 0.204, "cluster": 2 }, "geometry": { "type": "Polygon", "coordinates": [ [ [ 55.394289189491445, 25.224294430047962 ], [ 55.394259548688972, 25.226551243931606 ], [ 55.396740604242183, 25.226578186579882 ], [ 55.396770199294039, 25.224321369954737 ], [ 55.394289189491445, 25.224294430047962 ] ] ] } },
{ "type": "Feature", "properties": { "cell_id": 1356, "district": "mirdif", "gius": 0.0, "walkability_norm": 0.0, "services_norm": 0.0, "transit_norm": 0.0, "cluster": 2 }, "geometry": { "type": "Polygon", "coordinates": [ [ [ 55.444311853845456, 25.193229093829796 ], [ 55.444283176550677, 25.195485971810882 ], [ 55.446763662307788, 25.195512044742696 ], [ 55.446792293923394, 25.19325516410613 ], [ 55.444311853845456, 25.193229093829796 ] ] ] } },
{ "type": "Feature", "properties": { "cell_id": 1363, "district": "mirdif", "gius": 0.061, "walkability_norm": 0.0, "services_norm": 0.0, "transit_norm": 0.182, "cluster": 2 }, "geometry": { "type": "Polygon", "coordinates": [ [ [ 55.44411104014879, 25.209027224594429 ], [ 55.444082338640335, 25.211284097540734 ], [ 55.446563144305834, 25.211310189063575 ], [ 55.44659180009657, 25.209053313461116 ], [ 55.44411104014879, 25.209027224594429 ] ] ] } },
{ "type": "Feature", "properties": { "cell_id": 1364, "district": "mirdif", "gius": 0.096, "walkability_norm": 0.0, "services_norm": 0.032, "transit_norm": 0.257, "cluster": 2 }, "geometry": { "type": "Polygon", "coordinates": [ [ [ 55.444082338640335, 25.211284097540734 ], [ 55.444053633671672, 25.2135409697676 ], [ 55.446534485060397, 25.213567063946673 ], [ 55.446563144305834, 25.211310189063575 ], [ 55.444082338640335, 25.211284097540734 ] ] ] } },
{ "type": "Feature", "properties": { "cell_id": 1365, "district": "mirdif", "gius": 0.118, "walkability_norm": 0.0, "services_norm": 0.032, "transit_norm": 0.323, "cluster": 2 }, "geometry": { "type": "Polygon", "coordinates": [ [ [ 55.444053633671672, 25.2135409697676 ], [ 55.444024925242502, 25.215797841274966 ], [ 55.446505822359981, 25.215823938110375 ], [ 55.446534485060397, 25.213567063946673 ], [ 55.444053633671672, 25.2135409697676 ] ] ] } },
{ "type": "Feature", "properties": { "cell_id": 1366, "district": "mirdif", "gius": 0.136, "walkability_norm": 0.0, "services_norm": 0.032, "transit_norm": 0.375, "cluster": 2 }, "geometry": { "type": "Polygon", "coordinates": [ [ [ 55.444024925242502, 25.215797841274966 ], [ 55.443996213352577, 25.218054712062784 ], [ 55.446477156204288, 25.218080811554625 ], [ 55.446505822359981, 25.215823938110375 ], [ 55.444024925242502, 25.215797841274966 ] ] ] } },
{ "type": "Feature", "properties": { "cell_id": 1367, "district": "mirdif", "gius": 0.148, "walkability_norm": 0.0, "services_norm": 0.032, "transit_norm": 0.412, "cluster": 2 }, "geometry": { "type": "Polygon", "coordinates": [ [ [ 55.443996213352577, 25.218054712062784 ], [ 55.443967498001591, 25.220311582131007 ], [ 55.44644848659307, 25.220337684279372 ], [ 55.446477156204288, 25.218080811554625 ], [ 55.443996213352577, 25.218054712062784 ] ] ] } },
{ "type": "Feature", "properties": { "cell_id": 1368, "district": "mirdif", "gius": 0.154, "walkability_norm": 0.0, "services_norm": 0.032, "transit_norm": 0.43, "cluster": 2 }, "geometry": { "type": "Polygon", "coordinates": [ [ [ 55.443967498001591, 25.220311582131007 ], [ 55.443938779189274, 25.222568451479592 ], [ 55.446419813526028, 25.22259455628458 ], [ 55.44644848659307, 25.220337684279372 ], [ 55.443967498001591, 25.220311582131007 ] ] ] } },
{ "type": "Feature", "properties": { "cell_id": 1369, "district": "mirdif", "gius": 0.153, "walkability_norm": 0.0, "services_norm": 0.032, "transit_norm": 0.428, "cluster": 2 }, "geometry": { "type": "Polygon", "coordinates": [ [ [ 55.443938779189274, 25.222568451479592 ], [ 55.443910056915357, 25.224825320108469 ], [ 55.446391137002891, 25.224851427570179 ], [ 55.446419813526028, 25.22259455628458 ], [ 55.443938779189274, 25.222568451479592 ] ] ] } },
{ "type": "Feature", "properties": { "cell_id": 30, "district": "deira", "gius": 0.568, "walkability_norm": 0.531, "services_norm": 0.194, "transit_norm": 0.981, "cluster": 1 }, "geometry": { "type": "Polygon", "coordinates": [ [ [ 55.28239382796886, 25.241092530077928 ], [ 55.282362098121688, 25.243349210400169 ], [ 55.284843353557349, 25.243378049353666 ], [ 55.284875037623209, 25.241121366098575 ], [ 55.28239382796886, 25.241092530077928 ] ] ] } },
{ "type": "Feature", "properties": { "cell_id": 31, "district": "deira", "gius": 0.557, "walkability_norm": 0.582, "services_norm": 0.129, "transit_norm": 0.959, "cluster": 1 }, "geometry": { "type": "Polygon", "coordinates": [ [ [ 55.282362098121688, 25.243349210400169 ], [ 55.282330364451695, 25.245605889995701 ], [ 55.284811665674162, 25.245634731882163 ], [ 55.284843353557349, 25.243378049353666 ], [ 55.282362098121688, 25.243349210400169 ] ] ] } },
{ "type": "Feature", "properties": { "cell_id": 32, "district": "deira", "gius": 0.419, "walkability_norm": 0.265, "services_norm": 0.097, "transit_norm": 0.895, "cluster": 0 }, "geometry": { "type": "Polygon", "coordinates": [ [ [ 55.282330364451695, 25.245605889995701 ], [ 55.28229862695855, 25.247862568864484 ], [ 55.28477997397335, 25.247891413684002 ], [ 55.284811665674162, 25.245634731882163 ], [ 55.282330364451695, 25.245605889995701 ] ] ] } },
{ "type": "Feature", "properties": { "cell_id": 33, "district": "deira", "gius": 0.562, "walkability_norm": 0.571, "services_norm": 0.226, "transit_norm": 0.888, "cluster": 1 }, "geometry": { "type": "Polygon", "coordinates": [ [ [ 55.28229862695855, 25.247862568864484 ], [ 55.282266885641967, 25.250119247006452 ], [ 55.284748278454607, 25.250148094759137 ], [ 55.28477997397335, 25.247891413684002 ], [ 55.28229862695855, 25.247862568864484 ] ] ] } },
{ "type": "Feature", "properties": { "cell_id": 34, "district": "deira", "gius": 0.602, "walkability_norm": 0.582, "services_norm": 0.29, "transit_norm": 0.935, "cluster": 1 }, "geometry": { "type": "Polygon", "coordinates": [ [ [ 55.282266885641967, 25.250119247006452 ], [ 55.282235140501619, 25.252375924421568 ], [ 55.284716579117621, 25.252404775107529 ], [ 55.284748278454607, 25.250148094759137 ], [ 55.282266885641967, 25.250119247006452 ] ] ] } },
{ "type": "Feature", "properties": { "cell_id": 35, "district": "deira", "gius": 0.61, "walkability_norm": 0.694, "services_norm": 0.226, "transit_norm": 0.911, "cluster": 1 }, "geometry": { "type": "Polygon", "coordinates": [ [ [ 55.282235140501619, 25.252375924421568 ], [ 55.282203391537209, 25.25463260110978 ], [ 55.284684875962085, 25.254661454729124 ], [ 55.284716579117621, 25.252404775107529 ], [ 55.282235140501619, 25.252375924421568 ] ] ] } },
{ "type": "Feature", "properties": { "cell_id": 36, "district": "deira", "gius": 0.521, "walkability_norm": 0.439, "services_norm": 0.258, "transit_norm": 0.865, "cluster": 1 }, "geometry": { "type": "Polygon", "coordinates": [ [ [ 55.282203391537209, 25.25463260110978 ], [ 55.282171638748423, 25.256889277071036 ], [ 55.284653168987681, 25.256918133623859 ], [ 55.284684875962085, 25.254661454729124 ], [ 55.282203391537209, 25.25463260110978 ] ] ] } },
{ "type": "Feature", "properties": { "cell_id": 37, "district": "deira", "gius": 0.564, "walkability_norm": 0.388, "services_norm": 0.355, "transit_norm": 0.95, "cluster": 1 }, "geometry": { "type": "Polygon", "coordinates": [ [ [ 55.282171638748423, 25.256889277071036 ], [ 55.282139882134949, 25.259145952305285 ], [ 55.284621458194117, 25.259174811791706 ], [ 55.284653168987681, 25.256918133623859 ], [ 55.282171638748423, 25.256889277071036 ] ] ] } },
{ "type": "Feature", "properties": { "cell_id": 38, "district": "deira", "gius": 0.473, "walkability_norm": 0.265, "services_norm": 0.226, "transit_norm": 0.928, "cluster": 0 }, "geometry": { "type": "Polygon", "coordinates": [ [ [ 55.282139882134949, 25.259145952305285 ], [ 55.282108121696488, 25.261402626812487 ], [ 55.284589743581073, 25.261431489232596 ], [ 55.284621458194117, 25.259174811791706 ], [ 55.282139882134949, 25.259145952305285 ] ] ] } },
{ "type": "Feature", "properties": { "cell_id": 39, "district": "deira", "gius": 0.372, "walkability_norm": 0.184, "services_norm": 0.065, "transit_norm": 0.869, "cluster": 0 }, "geometry": { "type": "Polygon", "coordinates": [ [ [ 55.282108121696488, 25.261402626812487 ], [ 55.282076357432729, 25.263659300592575 ], [ 55.284558025148236, 25.263688165946483 ], [ 55.284589743581073, 25.261431489232596 ], [ 55.282108121696488, 25.261402626812487 ] ] ] } },
{ "type": "Feature", "properties": { "cell_id": 40, "district": "deira", "gius": 0.286, "walkability_norm": 0.01, "services_norm": 0.032, "transit_norm": 0.816, "cluster": 0 }, "geometry": { "type": "Polygon", "coordinates": [ [ [ 55.282076357432729, 25.263659300592575 ], [ 55.28204458934335, 25.265915973645516 ], [ 55.284526302895316, 25.265944841933326 ], [ 55.284558025148236, 25.263688165946483 ], [ 55.282076357432729, 25.263659300592575 ] ] ] } },
{ "type": "Feature", "properties": { "cell_id": 41, "district": "deira", "gius": 0.266, "walkability_norm": 0.0, "services_norm": 0.0, "transit_norm": 0.798, "cluster": 0 }, "geometry": { "type": "Polygon", "coordinates": [ [ [ 55.28204458934335, 25.265915973645516 ], [ 55.282012817428047, 25.268172645971248 ], [ 55.284494576821977, 25.268201517193077 ], [ 55.284526302895316, 25.265944841933326 ], [ 55.28204458934335, 25.265915973645516 ] ] ] } },
{ "type": "Feature", "properties": { "cell_id": 42, "district": "deira", "gius": 0.281, "walkability_norm": 0.0, "services_norm": 0.0, "transit_norm": 0.842, "cluster": 0 }, "geometry": { "type": "Polygon", "coordinates": [ [ [ 55.282012817428047, 25.268172645971248 ], [ 55.281981041686521, 25.270429317569732 ], [ 55.284462846927944, 25.270458191725677 ], [ 55.284494576821977, 25.268201517193077 ], [ 55.282012817428047, 25.268172645971248 ] ] ] } },
{ "type": "Feature", "properties": { "cell_id": 43, "district": "deira", "gius": 0.382, "walkability_norm": 0.224, "services_norm": 0.0, "transit_norm": 0.92, "cluster": 0 }, "geometry": { "type": "Polygon", "coordinates": [ [ [ 55.281981041686521, 25.270429317569732 ], [ 55.281949262118459, 25.272685988440905 ], [ 55.284431113212882, 25.272714865531075 ], [ 55.284462846927944, 25.270458191725677 ], [ 55.281981041686521, 25.270429317569732 ] ] ] } },
{ "type": "Feature", "properties": { "cell_id": 44, "district": "deira", "gius": 0.344, "walkability_norm": 0.112, "services_norm": 0.0, "transit_norm": 0.921, "cluster": 0 }, "geometry": { "type": "Polygon", "coordinates": [ [ [ 55.281949262118459, 25.272685988440905 ], [ 55.28191747872355, 25.274942658584731 ], [ 55.284399375676493, 25.274971538609226 ], [ 55.284431113212882, 25.272714865531075 ], [ 55.281949262118459, 25.272685988440905 ] ] ] } },
{ "type": "Feature", "properties": { "cell_id": 45, "district": "deira", "gius": 0.295, "walkability_norm": 0.02, "services_norm": 0.0, "transit_norm": 0.865, "cluster": 0 }, "geometry": { "type": "Polygon", "coordinates": [ [ [ 55.28191747872355, 25.274942658584731 ], [ 55.281885691501479, 25.277199328001156 ], [ 55.284367634318464, 25.277228210960086 ], [ 55.284399375676493, 25.274971538609226 ], [ 55.28191747872355, 25.274942658584731 ] ] ] } },
{ "type": "Feature", "properties": { "cell_id": 46, "district": "deira", "gius": 0.272, "walkability_norm": 0.0, "services_norm": 0.0, "transit_norm": 0.817, "cluster": 0 }, "geometry": { "type": "Polygon", "coordinates": [ [ [ 55.281885691501479, 25.277199328001156 ], [ 55.281853900451942, 25.279455996690132 ], [ 55.284335889138497, 25.279484882583599 ], [ 55.284367634318464, 25.277228210960086 ], [ 55.281885691501479, 25.277199328001156 ] ] ] } },
{ "type": "Feature", "properties": { "cell_id": 47, "district": "deira", "gius": 0.244, "walkability_norm": 0.0, "services_norm": 0.0, "transit_norm": 0.732, "cluster": 0 }, "geometry": { "type": "Polygon", "coordinates": [ [ [ 55.281853900451942, 25.279455996690132 ], [ 55.281822105574641, 25.281712664651604 ], [ 55.284304140136264, 25.281741553479716 ], [ 55.284335889138497, 25.279484882583599 ], [ 55.281853900451942, 25.279455996690132 ] ] ] } },
{ "type": "Feature", "properties": { "cell_id": 48, "district": "deira", "gius": 0.211, "walkability_norm": 0.0, "services_norm": 0.0, "transit_norm": 0.634, "cluster": 0 }, "geometry": { "type": "Polygon", "coordinates": [ [ [ 55.281822105574641, 25.281712664651604 ], [ 55.28179030686924, 25.283969331885526 ], [ 55.284272387311475, 25.283998223648386 ], [ 55.284304140136264, 25.281741553479716 ], [ 55.281822105574641, 25.281712664651604 ] ] ] } },
{ "type": "Feature", "properties": { "cell_id": 49, "district": "deira", "gius": 0.176, "walkability_norm": 0.0, "services_norm": 0.0, "transit_norm": 0.529, "cluster": 0 }, "geometry": { "type": "Polygon", "coordinates": [ [ [ 55.28179030686924, 25.283969331885526 ], [ 55.281758504335457, 25.286225998391849 ], [ 55.284240630663803, 25.286254893089563 ], [ 55.284272387311475, 25.283998223648386 ], [ 55.28179030686924, 25.283969331885526 ] ] ] } },
{ "type": "Feature", "properties": { "cell_id": 50, "district": "deira", "gius": 0.141, "walkability_norm": 0.0, "services_norm": 0.0, "transit_norm": 0.423, "cluster": 2 }, "geometry": { "type": "Polygon", "coordinates": [ [ [ 55.281758504335457, 25.286225998391849 ], [ 55.281726697972964, 25.288482664170512 ], [ 55.284208870192955, 25.28851156180319 ], [ 55.284240630663803, 25.286254893089563 ], [ 55.281758504335457, 25.286225998391849 ] ] ] } },
{ "type": "Feature", "properties": { "cell_id": 51, "district": "deira", "gius": 0.105, "walkability_norm": 0.0, "services_norm": 0.0, "transit_norm": 0.314, "cluster": 2 }, "geometry": { "type": "Polygon", "coordinates": [ [ [ 55.281726697972964, 25.288482664170512 ], [ 55.281694887781455, 25.290739329221491 ], [ 55.284177105898614, 25.290768229789233 ], [ 55.284208870192955, 25.28851156180319 ], [ 55.281726697972964, 25.288482664170512 ] ] ] } },
{ "type": "Feature", "properties": { "cell_id": 52, "district": "deira", "gius": 0.068, "walkability_norm": 0.0, "services_norm": 0.0, "transit_norm": 0.205, "cluster": 2 }, "geometry": { "type": "Polygon", "coordinates": [ [ [ 55.281694887781455, 25.290739329221491 ], [ 55.281663073760633, 25.292995993544711 ], [ 55.284145337780473, 25.293024897047623 ], [ 55.284177105898614, 25.290768229789233 ], [ 55.281694887781455, 25.290739329221491 ] ] ] } },
{ "type": "Feature", "properties": { "cell_id": 53, "district": "deira", "gius": 0.032, "walkability_norm": 0.0, "services_norm": 0.0, "transit_norm": 0.095, "cluster": 2 }, "geometry": { "type": "Polygon", "coordinates": [ [ [ 55.281663073760633, 25.292995993544711 ], [ 55.281631255910163, 25.295252657140136 ], [ 55.284113565838219, 25.295281563578328 ], [ 55.284145337780473, 25.293024897047623 ], [ 55.281663073760633, 25.292995993544711 ] ] ] } },
{ "type": "Feature", "properties": { "cell_id": 54, "district": "deira", "gius": 0.0, "walkability_norm": 0.0, "services_norm": 0.0, "transit_norm": 0.0, "cluster": 2 }, "geometry": { "type": "Polygon", "coordinates": [ [ [ 55.281631255910163, 25.295252657140136 ], [ 55.281599434229769, 25.297509320007709 ], [ 55.284081790071546, 25.297538229381285 ], [ 55.284113565838219, 25.295281563578328 ], [ 55.281631255910163, 25.295252657140136 ] ] ] } },
{ "type": "Feature", "properties": { "cell_id": 55, "district": "deira", "gius": 0.0, "walkability_norm": 0.0, "services_norm": 0.0, "transit_norm": 0.0, "cluster": 2 }, "geometry": { "type": "Polygon", "coordinates": [ [ [ 55.281599434229769, 25.297509320007709 ], [ 55.281567608719115, 25.299765982147392 ], [ 55.284050010480151, 25.299794894456451 ], [ 55.284081790071546, 25.297538229381285 ], [ 55.281599434229769, 25.297509320007709 ] ] ] } },
{ "type": "Feature", "properties": { "cell_id": 56, "district": "deira", "gius": 0.0, "walkability_norm": 0.0, "services_norm": 0.0, "transit_norm": 0.0, "cluster": 2 }, "geometry": { "type": "Polygon", "coordinates": [ [ [ 55.281567608719115, 25.299765982147392 ], [ 55.28153577937789, 25.302022643559116 ], [ 55.284018227063711, 25.302051558803779 ], [ 55.284050010480151, 25.299794894456451 ], [ 55.281567608719115, 25.299765982147392 ] ] ] } },
{ "type": "Feature", "properties": { "cell_id": 57, "district": "deira", "gius": 0.398, "walkability_norm": 0.337, "services_norm": 0.032, "transit_norm": 0.824, "cluster": 0 }, "geometry": { "type": "Polygon", "coordinates": [ [ [ 55.284906717872055, 25.23886468211693 ], [ 55.284875037623209, 25.241121366098575 ], [ 55.287356251094572, 25.241150160476185 ], [ 55.287387885567327, 25.238893473566023 ], [ 55.284906717872055, 25.23886468211693 ] ] ] } },
{ "type": "Feature", "properties": { "cell_id": 58, "district": "deira", "gius": 0.505, "walkability_norm": 0.531, "services_norm": 0.097, "transit_norm": 0.888, "cluster": 1 }, "geometry": { "type": "Polygon", "coordinates": [ [ [ 55.284875037623209, 25.241121366098575 ], [ 55.284843353557349, 25.243378049353666 ], [ 55.287324612810323, 25.243406846659891 ], [ 55.287356251094572, 25.241150160476185 ], [ 55.284875037623209, 25.241121366098575 ] ] ] } },
{ "type": "Feature", "properties": { "cell_id": 59, "district": "deira", "gius": 0.462, "walkability_norm": 0.378, "services_norm": 0.129, "transit_norm": 0.879, "cluster": 0 }, "geometry": { "type": "Polygon", "coordinates": [ [ [ 55.284843353557349, 25.243378049353666 ], [ 55.284811665674162, 25.245634731882163 ], [ 55.287292970714262, 25.245663532117113 ], [ 55.287324612810323, 25.243406846659891 ], [ 55.284843353557349, 25.243378049353666 ] ] ] } },
{ "type": "Feature", "properties": { "cell_id": 60, "district": "deira", "gius": 0.494, "walkability_norm": 0.276, "services_norm": 0.226, "transit_norm": 0.981, "cluster": 0 }, "geometry": { "type": "Polygon", "coordinates": [ [ [ 55.284811665674162, 25.245634731882163 ], [ 55.28477997397335, 25.247891413684002 ], [ 55.287261324806096, 25.247920216847785 ], [ 55.287292970714262, 25.245663532117113 ], [ 55.284811665674162, 25.245634731882163 ] ] ] } },
{ "type": "Feature", "properties": { "cell_id": 61, "district": "deira", "gius": 0.584, "walkability_norm": 0.408, "services_norm": 0.355, "transit_norm": 0.988, "cluster": 1 }, "geometry": { "type": "Polygon", "coordinates": [ [ [ 55.28477997397335, 25.247891413684002 ], [ 55.284748278454607, 25.250148094759137 ], [ 55.287229675085499, 25.250176900851852 ], [ 55.287261324806096, 25.247920216847785 ], [ 55.28477997397335, 25.247891413684002 ] ] ] } },
{ "type": "Feature", "properties": { "cell_id": 62, "district": "deira", "gius": 0.629, "walkability_norm": 0.541, "services_norm": 0.452, "transit_norm": 0.895, "cluster": 1 }, "geometry": { "type": "Polygon", "coordinates": [ [ [ 55.284748278454607, 25.250148094759137 ], [ 55.284716579117621, 25.252404775107529 ], [ 55.287198021552172, 25.252433584129278 ], [ 55.287229675085499, 25.250176900851852 ], [ 55.284748278454607, 25.250148094759137 ] ] ] } },
{ "type": "Feature", "properties": { "cell_id": 63, "district": "deira", "gius": 0.541, "walkability_norm": 0.418, "services_norm": 0.387, "transit_norm": 0.816, "cluster": 1 }, "geometry": { "type": "Polygon", "coordinates": [ [ [ 55.284716579117621, 25.252404775107529 ], [ 55.284684875962085, 25.254661454729124 ], [ 55.287166364205817, 25.254690266680022 ], [ 55.287198021552172, 25.252433584129278 ], [ 55.284716579117621, 25.252404775107529 ] ] ] } },
{ "type": "Feature", "properties": { "cell_id": 64, "district": "deira", "gius": 0.656, "walkability_norm": 0.48, "services_norm": 0.613, "transit_norm": 0.876, "cluster": 3 }, "geometry": { "type": "Polygon", "coordinates": [ [ [ 55.284684875962085, 25.254661454729124 ], [ 55.284653168987681, 25.256918133623859 ], [ 55.287134703046107, 25.256946948504005 ], [ 55.287166364205817, 25.254690266680022 ], [ 55.284684875962085, 25.254661454729124 ] ] ] } },
{ "type": "Feature", "properties": { "cell_id": 65, "district": "deira", "gius": 0.804, "walkability_norm": 0.694, "services_norm": 0.742, "transit_norm": 0.975, "cluster": 3 }, "geometry": { "type": "Polygon", "coordinates": [ [ [ 55.284653168987681, 25.256918133623859 ], [ 55.284621458194117, 25.259174811791706 ], [ 55.287103038072757, 25.259203629601203 ], [ 55.287134703046107, 25.256946948504005 ], [ 55.284653168987681, 25.256918133623859 ] ] ] } },
{ "type": "Feature", "properties": { "cell_id": 66, "district": "deira", "gius": 0.81, "walkability_norm": 0.622, "services_norm": 0.806, "transit_norm": 1.0, "cluster": 3 }, "geometry": { "type": "Polygon", "coordinates": [ [ [ 55.284621458194117, 25.259174811791706 ], [ 55.284589743581073, 25.261431489232596 ], [ 55.287071369285435, 25.261460309971554 ], [ 55.287103038072757, 25.259203629601203 ], [ 55.284621458194117, 25.259174811791706 ] ] ] } },
{ "type": "Feature", "properties": { "cell_id": 67, "district": "deira", "gius": 0.794, "walkability_norm": 1.0, "services_norm": 0.452, "transit_norm": 0.929, "cluster": 1 }, "geometry": { "type": "Polygon", "coordinates": [ [ [ 55.284589743581073, 25.261431489232596 ], [ 55.284558025148236, 25.263688165946483 ], [ 55.287039696683848, 25.263716989615013 ], [ 55.287071369285435, 25.261460309971554 ], [ 55.284589743581073, 25.261431489232596 ] ] ] } },
{ "type": "Feature", "properties": { "cell_id": 68, "district": "deira", "gius": 0.419, "walkability_norm": 0.102, "services_norm": 0.226, "transit_norm": 0.928, "cluster": 0 }, "geometry": { "type": "Polygon", "coordinates": [ [ [ 55.284558025148236, 25.263688165946483 ], [ 55.284526302895316, 25.265944841933326 ], [ 55.287008020267685, 25.265973668531522 ], [ 55.287039696683848, 25.263716989615013 ], [ 55.284558025148236, 25.263688165946483 ] ] ] } },
{ "type": "Feature", "properties": { "cell_id": 69, "district": "deira", "gius": 0.343, "walkability_norm": 0.071, "services_norm": 0.065, "transit_norm": 0.893, "cluster": 0 }, "geometry": { "type": "Polygon", "coordinates": [ [ [ 55.284526302895316, 25.265944841933326 ], [ 55.284494576821977, 25.268201517193077 ], [ 55.286976340036631, 25.268230346721047 ], [ 55.287008020267685, 25.265973668531522 ], [ 55.284526302895316, 25.265944841933326 ] ] ] } },
{ "type": "Feature", "properties": { "cell_id": 70, "district": "deira", "gius": 0.267, "walkability_norm": 0.0, "services_norm": 0.0, "transit_norm": 0.802, "cluster": 0 }, "geometry": { "type": "Polygon", "coordinates": [ [ [ 55.284494576821977, 25.268201517193077 ], [ 55.284462846927944, 25.270458191725677 ], [ 55.286944655990382, 25.270487024183531 ], [ 55.286976340036631, 25.268230346721047 ], [ 55.284494576821977, 25.268201517193077 ] ] ] } },
{ "type": "Feature", "properties": { "cell_id": 71, "district": "deira", "gius": 0.279, "walkability_norm": 0.01, "services_norm": 0.0, "transit_norm": 0.826, "cluster": 0 }, "geometry": { "type": "Polygon", "coordinates": [ [ [ 55.284462846927944, 25.270458191725677 ], [ 55.284431113212882, 25.272714865531075 ], [ 55.28691296812864, 25.272743700918912 ], [ 55.286944655990382, 25.270487024183531 ], [ 55.284462846927944, 25.270458191725677 ] ] ] } },
{ "type": "Feature", "properties": { "cell_id": 72, "district": "deira", "gius": 0.443, "walkability_norm": 0.398, "services_norm": 0.0, "transit_norm": 0.93, "cluster": 0 }, "geometry": { "type": "Polygon", "coordinates": [ [ [ 55.284431113212882, 25.272714865531075 ], [ 55.284399375676493, 25.274971538609226 ], [ 55.286881276451076, 25.275000376927164 ], [ 55.28691296812864, 25.272743700918912 ], [ 55.284431113212882, 25.272714865531075 ] ] ] } },
{ "type": "Feature", "properties": { "cell_id": 73, "district": "deira", "gius": 0.402, "walkability_norm": 0.235, "services_norm": 0.0, "transit_norm": 0.973, "cluster": 0 }, "geometry": { "type": "Polygon", "coordinates": [ [ [ 55.284399375676493, 25.274971538609226 ], [ 55.284367634318464, 25.277228210960086 ], [ 55.286849580957401, 25.277257052208213 ], [ 55.286881276451076, 25.275000376927164 ], [ 55.284399375676493, 25.274971538609226 ] ] ] } },
{ "type": "Feature", "properties": { "cell_id": 74, "district": "deira", "gius": 0.298, "walkability_norm": 0.01, "services_norm": 0.0, "transit_norm": 0.883, "cluster": 0 }, "geometry": { "type": "Polygon", "coordinates": [ [ [ 55.284367634318464, 25.277228210960086 ], [ 55.284335889138497, 25.279484882583599 ], [ 55.286817881647295, 25.27951372676203 ], [ 55.286849580957401, 25.277257052208213 ], [ 55.284367634318464, 25.277228210960086 ] ] ] } },
{ "type": "Feature", "properties": { "cell_id": 75, "district": "deira", "gius": 0.258, "walkability_norm": 0.0, "services_norm": 0.0, "transit_norm": 0.775, "cluster": 0 }, "geometry": { "type": "Polygon", "coordinates": [ [ [ 55.284335889138497, 25.279484882583599 ], [ 55.284304140136264, 25.281741553479716 ], [ 55.286786178520451, 25.281770400588549 ], [ 55.286817881647295, 25.27951372676203 ], [ 55.284335889138497, 25.279484882583599 ] ] ] } },
{ "type": "Feature", "properties": { "cell_id": 76, "district": "deira", "gius": 0.222, "walkability_norm": 0.0, "services_norm": 0.0, "transit_norm": 0.665, "cluster": 0 }, "geometry": { "type": "Polygon", "coordinates": [ [ [ 55.284304140136264, 25.281741553479716 ], [ 55.284272387311475, 25.283998223648386 ], [ 55.286754471576572, 25.284027073687735 ], [ 55.286786178520451, 25.281770400588549 ], [ 55.284304140136264, 25.281741553479716 ] ] ] } },
{ "type": "Feature", "properties": { "cell_id": 77, "district": "deira", "gius": 0.185, "walkability_norm": 0.0, "services_norm": 0.0, "transit_norm": 0.554, "cluster": 0 }, "geometry": { "type": "Polygon", "coordinates": [ [ [ 55.284272387311475, 25.283998223648386 ], [ 55.284240630663803, 25.286254893089563 ], [ 55.286722760815337, 25.286283746059535 ], [ 55.286754471576572, 25.284027073687735 ], [ 55.284272387311475, 25.283998223648386 ] ] ] } },
{ "type": "Feature", "properties": { "cell_id": 78, "district": "deira", "gius": 0.148, "walkability_norm": 0.0, "services_norm": 0.0, "transit_norm": 0.443, "cluster": 2 }, "geometry": { "type": "Polygon", "coordinates": [ [ [ 55.284240630663803, 25.286254893089563 ], [ 55.284208870192955, 25.28851156180319 ], [ 55.286691046236442, 25.288540417703882 ], [ 55.286722760815337, 25.286283746059535 ], [ 55.284240630663803, 25.286254893089563 ] ] ] } },
{ "type": "Feature", "properties": { "cell_id": 79, "district": "deira", "gius": 0.11, "walkability_norm": 0.0, "services_norm": 0.0, "transit_norm": 0.331, "cluster": 2 }, "geometry": { "type": "Polygon", "coordinates": [ [ [ 55.284208870192955, 25.28851156180319 ], [ 55.284177105898614, 25.290768229789233 ], [ 55.286659327839573, 25.290797088620753 ], [ 55.286691046236442, 25.288540417703882 ], [ 55.284208870192955, 25.28851156180319 ] ] ] } },
{ "type": "Feature", "properties": { "cell_id": 80, "district": "deira", "gius": 0.073, "walkability_norm": 0.0, "services_norm": 0.0, "transit_norm": 0.22, "cluster": 2 }, "geometry": { "type": "Polygon", "coordinates": [ [ [ 55.284177105898614, 25.290768229789233 ], [ 55.284145337780473, 25.293024897047623 ], [ 55.286627605624417, 25.293053758810082 ], [ 55.286659327839573, 25.290797088620753 ], [ 55.284177105898614, 25.290768229789233 ] ] ] } },
{ "type": "Feature", "properties": { "cell_id": 81, "district": "deira", "gius": 0.036, "walkability_norm": 0.0, "services_norm": 0.0, "transit_norm": 0.108, "cluster": 2 }, "geometry": { "type": "Polygon", "coordinates": [ [ [ 55.284145337780473, 25.293024897047623 ], [ 55.284113565838219, 25.295281563578328 ], [ 55.286595879590692, 25.295310428271822 ], [ 55.286627605624417, 25.293053758810082 ], [ 55.284145337780473, 25.293024897047623 ] ] ] } },
{ "type": "Feature", "properties": { "cell_id": 82, "district": "deira", "gius": 0.0, "walkability_norm": 0.0, "services_norm": 0.0, "transit_norm": 0.0, "cluster": 2 }, "geometry": { "type": "Polygon", "coordinates": [ [ [ 55.284113565838219, 25.295281563578328 ], [ 55.284081790071546, 25.297538229381285 ], [ 55.286564149738055, 25.297567097005924 ], [ 55.286595879590692, 25.295310428271822 ], [ 55.284113565838219, 25.295281563578328 ] ] ] } },
{ "type": "Feature", "properties": { "cell_id": 83, "district": "deira", "gius": 0.0, "walkability_norm": 0.0, "services_norm": 0.0, "transit_norm": 0.0, "cluster": 2 }, "geometry": { "type": "Polygon", "coordinates": [ [ [ 55.284081790071546, 25.297538229381285 ], [ 55.284050010480151, 25.299794894456451 ], [ 55.286532416066223, 25.299823765012341 ], [ 55.286564149738055, 25.297567097005924 ], [ 55.284081790071546, 25.297538229381285 ] ] ] } },
{ "type": "Feature", "properties": { "cell_id": 84, "district": "deira", "gius": 0.0, "walkability_norm": 0.0, "services_norm": 0.0, "transit_norm": 0.0, "cluster": 2 }, "geometry": { "type": "Polygon", "coordinates": [ [ [ 55.284050010480151, 25.299794894456451 ], [ 55.284018227063711, 25.302051558803779 ], [ 55.286500678574868, 25.302080432291024 ], [ 55.286532416066223, 25.299823765012341 ], [ 55.284050010480151, 25.299794894456451 ] ] ] } },
{ "type": "Feature", "properties": { "cell_id": 85, "district": "deira", "gius": 0.349, "walkability_norm": 0.245, "services_norm": 0.065, "transit_norm": 0.738, "cluster": 0 }, "geometry": { "type": "Polygon", "coordinates": [ [ [ 55.287387885567327, 25.238893473566023 ], [ 55.287356251094572, 25.241150160476185 ], [ 55.289837468377435, 25.241178913210501 ], [ 55.289869057073773, 25.238922223376061 ], [ 55.287387885567327, 25.238893473566023 ] ] ] } },
{ "type": "Feature", "properties": { "cell_id": 86, "district": "deira", "gius": 0.332, "walkability_norm": 0.153, "services_norm": 0.065, "transit_norm": 0.779, "cluster": 0 }, "geometry": { "type": "Polygon", "coordinates": [ [ [ 55.287356251094572, 25.241150160476185 ], [ 55.287324612810323, 25.243406846659891 ], [ 55.289805875875096, 25.243435602318595 ], [ 55.289837468377435, 25.241178913210501 ], [ 55.287356251094572, 25.241150160476185 ] ] ] } },
{ "type": "Feature", "properties": { "cell_id": 87, "district": "deira", "gius": 0.427, "walkability_norm": 0.276, "services_norm": 0.161, "transit_norm": 0.845, "cluster": 0 }, "geometry": { "type": "Polygon", "coordinates": [ [ [ 55.287324612810323, 25.243406846659891 ], [ 55.287292970714262, 25.245663532117113 ], [ 55.289774279566473, 25.245692290700308 ], [ 55.289805875875096, 25.243435602318595 ], [ 55.287324612810323, 25.243406846659891 ] ] ] } },
{ "type": "Feature", "properties": { "cell_id": 88, "district": "deira", "gius": 0.52, "walkability_norm": 0.347, "services_norm": 0.29, "transit_norm": 0.923, "cluster": 1 }, "geometry": { "type": "Polygon", "coordinates": [ [ [ 55.287292970714262, 25.245663532117113 ], [ 55.287261324806096, 25.247920216847785 ], [ 55.289742679451251, 25.247948978355574 ], [ 55.289774279566473, 25.245692290700308 ], [ 55.287292970714262, 25.245663532117113 ] ] ] } },
{ "type": "Feature", "properties": { "cell_id": 89, "district": "deira", "gius": 0.798, "walkability_norm": 1.0, "services_norm": 0.419, "transit_norm": 0.975, "cluster": 1 }, "geometry": { "type": "Polygon", "coordinates": [ [ [ 55.287261324806096, 25.247920216847785 ], [ 55.287229675085499, 25.250176900851852 ], [ 55.289711075529112, 25.250205665284344 ], [ 55.289742679451251, 25.247948978355574 ], [ 55.287261324806096, 25.247920216847785 ] ] ] } },
{ "type": "Feature", "properties": { "cell_id": 90, "district": "deira", "gius": 0.641, "walkability_norm": 0.469, "services_norm": 0.484, "transit_norm": 0.969, "cluster": 1 }, "geometry": { "type": "Polygon", "coordinates": [ [ [ 55.287229675085499, 25.250176900851852 ], [ 55.287198021552172, 25.252433584129278 ], [ 55.289679467799765, 25.252462351486578 ], [ 55.289711075529112, 25.250205665284344 ], [ 55.287229675085499, 25.250176900851852 ] ] ] } },
{ "type": "Feature", "properties": { "cell_id": 91, "district": "deira", "gius": 0.559, "walkability_norm": 0.337, "services_norm": 0.452, "transit_norm": 0.888, "cluster": 1 }, "geometry": { "type": "Polygon", "coordinates": [ [ [ 55.287198021552172, 25.252433584129278 ], [ 55.287166364205817, 25.254690266680022 ], [ 55.289647856262896, 25.254719036962221 ], [ 55.289679467799765, 25.252462351486578 ], [ 55.287198021552172, 25.252433584129278 ] ] ] } },
{ "type": "Feature", "properties": { "cell_id": 92, "district": "deira", "gius": 0.638, "walkability_norm": 0.316, "services_norm": 0.742, "transit_norm": 0.856, "cluster": 3 }, "geometry": { "type": "Polygon", "coordinates": [ [ [ 55.287166364205817, 25.254690266680022 ], [ 55.287134703046107, 25.256946948504005 ], [ 55.289616240918193, 25.256975721711225 ], [ 55.289647856262896, 25.254719036962221 ], [ 55.287166364205817, 25.254690266680022 ] ] ] } },
{ "type": "Feature", "properties": { "cell_id": 93, "district": "deira", "gius": 0.841, "walkability_norm": 0.561, "services_norm": 1.0, "transit_norm": 0.961, "cluster": 3 }, "geometry": { "type": "Polygon", "coordinates": [ [ [ 55.287134703046107, 25.256946948504005 ], [ 55.287103038072757, 25.259203629601203 ], [ 55.289584621765357, 25.259232405733538 ], [ 55.289616240918193, 25.256975721711225 ], [ 55.287134703046107, 25.256946948504005 ] ] ] } },
{ "type": "Feature", "properties": { "cell_id": 94, "district": "deira", "gius": 0.936, "walkability_norm": 0.837, "services_norm": 1.0, "transit_norm": 0.972, "cluster": 3 }, "geometry": { "type": "Polygon", "coordinates": [ [ [ 55.287103038072757, 25.259203629601203 ], [ 55.287071369285435, 25.261460309971554 ], [ 55.289552998804069, 25.261489089029112 ], [ 55.289584621765357, 25.259232405733538 ], [ 55.287103038072757, 25.259203629601203 ] ] ] } },
{ "type": "Feature", "properties": { "cell_id": 95, "district": "deira", "gius": 0.946, "walkability_norm": 1.0, "services_norm": 0.839, "transit_norm": 1.0, "cluster": 3 }, "geometry": { "type": "Polygon", "coordinates": [ [ [ 55.287071369285435, 25.261460309971554 ], [ 55.287039696683848, 25.263716989615013 ], [ 55.289521372034031, 25.2637457715979 ], [ 55.289552998804069, 25.261489089029112 ], [ 55.287071369285435, 25.261460309971554 ] ] ] } },
{ "type": "Feature", "properties": { "cell_id": 96, "district": "deira", "gius": 0.828, "walkability_norm": 1.0, "services_norm": 0.484, "transit_norm": 1.0, "cluster": 1 }, "geometry": { "type": "Polygon", "coordinates": [ [ [ 55.287039696683848, 25.263716989615013 ], [ 55.287008020267685, 25.265973668531522 ], [ 55.289489741454929, 25.266002453439853 ], [ 55.289521372034031, 25.2637457715979 ], [ 55.287039696683848, 25.263716989615013 ] ] ] } },
{ "type": "Feature", "properties": { "cell_id": 97, "district": "deira", "gius": 0.596, "walkability_norm": 0.786, "services_norm": 0.065, "transit_norm": 0.937, "cluster": 1 }, "geometry": { "type": "Polygon", "coordinates": [ [ [ 55.287008020267685, 25.265973668531522 ], [ 55.286976340036631, 25.268230346721047 ], [ 55.289458107066466, 25.268259134554913 ], [ 55.289489741454929, 25.266002453439853 ], [ 55.287008020267685, 25.265973668531522 ] ] ] } },
{ "type": "Feature", "properties": { "cell_id": 98, "district": "deira", "gius": 0.333, "walkability_norm": 0.143, "services_norm": 0.032, "transit_norm": 0.825, "cluster": 0 }, "geometry": { "type": "Polygon", "coordinates": [ [ [ 55.286976340036631, 25.268230346721047 ], [ 55.286944655990382, 25.270487024183531 ], [ 55.289426468868321, 25.270515814943039 ], [ 55.289458107066466, 25.268259134554913 ], [ 55.286976340036631, 25.268230346721047 ] ] ] } },
{ "type": "Feature", "properties": { "cell_id": 99, "district": "deira", "gius": 0.281, "walkability_norm": 0.02, "services_norm": 0.0, "transit_norm": 0.824, "cluster": 0 }, "geometry": { "type": "Polygon", "coordinates": [ [ [ 55.286944655990382, 25.270487024183531 ], [ 55.28691296812864, 25.272743700918912 ], [ 55.289394826860196, 25.27277249460418 ], [ 55.289426468868321, 25.270515814943039 ], [ 55.286944655990382, 25.270487024183531 ] ] ] } },
{ "type": "Feature", "properties": { "cell_id": 100, "district": "deira", "gius": 0.377, "walkability_norm": 0.204, "services_norm": 0.0, "transit_norm": 0.926, "cluster": 0 }, "geometry": { "type": "Polygon", "coordinates": [ [ [ 55.28691296812864, 25.272743700918912 ], [ 55.286881276451076, 25.275000376927164 ], [ 55.289363181041779, 25.275029173538275 ], [ 55.289394826860196, 25.27277249460418 ], [ 55.28691296812864, 25.272743700918912 ] ] ] } },
{ "type": "Feature", "properties": { "cell_id": 101, "district": "deira", "gius": 0.478, "walkability_norm": 0.469, "services_norm": 0.0, "transit_norm": 0.965, "cluster": 1 }, "geometry": { "type": "Polygon", "coordinates": [ [ [ 55.286881276451076, 25.275000376927164 ], [ 55.286849580957401, 25.277257052208213 ], [ 55.289331531412763, 25.27728585174529 ], [ 55.289363181041779, 25.275029173538275 ], [ 55.286881276451076, 25.275000376927164 ] ] ] } },
{ "type": "Feature", "properties": { "cell_id": 102, "district": "deira", "gius": 0.321, "walkability_norm": 0.082, "services_norm": 0.0, "transit_norm": 0.88, "cluster": 0 }, "geometry": { "type": "Polygon", "coordinates": [ [ [ 55.286849580957401, 25.277257052208213 ], [ 55.286817881647295, 25.27951372676203 ], [ 55.28929987797283, 25.279542529225171 ], [ 55.289331531412763, 25.27728585174529 ], [ 55.286849580957401, 25.277257052208213 ] ] ] } },
{ "type": "Feature", "properties": { "cell_id": 103, "district": "deira", "gius": 0.258, "walkability_norm": 0.0, "services_norm": 0.0, "transit_norm": 0.774, "cluster": 0 }, "geometry": { "type": "Polygon", "coordinates": [ [ [ 55.286817881647295, 25.27951372676203 ], [ 55.286786178520451, 25.281770400588549 ], [ 55.289268220721695, 25.281799205977865 ], [ 55.28929987797283, 25.279542529225171 ], [ 55.286817881647295, 25.27951372676203 ] ] ] } },
{ "type": "Feature", "properties": { "cell_id": 104, "district": "deira", "gius": 0.221, "walkability_norm": 0.0, "services_norm": 0.0, "transit_norm": 0.664, "cluster": 0 }, "geometry": { "type": "Polygon", "coordinates": [ [ [ 55.286786178520451, 25.281770400588549 ], [ 55.286754471576572, 25.284027073687735 ], [ 55.289236559659024, 25.284055882003326 ], [ 55.289268220721695, 25.281799205977865 ], [ 55.286786178520451, 25.281770400588549 ] ] ] } },
{ "type": "Feature", "properties": { "cell_id": 105, "district": "deira", "gius": 0.184, "walkability_norm": 0.0, "services_norm": 0.0, "transit_norm": 0.553, "cluster": 0 }, "geometry": { "type": "Polygon", "coordinates": [ [ [ 55.286754471576572, 25.284027073687735 ], [ 55.286722760815337, 25.286283746059535 ], [ 55.289204894784532, 25.286312557301507 ], [ 55.289236559659024, 25.284055882003326 ], [ 55.286754471576572, 25.284027073687735 ] ] ] } },
{ "type": "Feature", "properties": { "cell_id": 106, "district": "deira", "gius": 0.147, "walkability_norm": 0.0, "services_norm": 0.0, "transit_norm": 0.442, "cluster": 2 }, "geometry": { "type": "Polygon", "coordinates": [ [ [ 55.286722760815337, 25.286283746059535 ], [ 55.286691046236442, 25.288540417703882 ], [ 55.289173226097894, 25.288569231872341 ], [ 55.289204894784532, 25.286312557301507 ], [ 55.286722760815337, 25.286283746059535 ] ] ] } },
{ "type": "Feature", "properties": { "cell_id": 107, "district": "deira", "gius": 0.11, "walkability_norm": 0.0, "services_norm": 0.0, "transit_norm": 0.33, "cluster": 2 }, "geometry": { "type": "Polygon", "coordinates": [ [ [ 55.286691046236442, 25.288540417703882 ], [ 55.286659327839573, 25.290797088620753 ], [ 55.28914155359881, 25.290825905715799 ], [ 55.289173226097894, 25.288569231872341 ], [ 55.286691046236442, 25.288540417703882 ] ] ] } },
{ "type": "Feature", "properties": { "cell_id": 108, "district": "deira", "gius": 0.073, "walkability_norm": 0.0, "services_norm": 0.0, "transit_norm": 0.219, "cluster": 2 }, "geometry": { "type": "Polygon", "coordinates": [ [ [ 55.286659327839573, 25.290797088620753 ], [ 55.286627605624417, 25.293053758810082 ], [ 55.289109877286961, 25.293082578831829 ], [ 55.28914155359881, 25.290825905715799 ], [ 55.286659327839573, 25.290797088620753 ] ] ] } },
{ "type": "Feature", "properties": { "cell_id": 109, "district": "deira", "gius": 0.036, "walkability_norm": 0.0, "services_norm": 0.0, "transit_norm": 0.107, "cluster": 2 }, "geometry": { "type": "Polygon", "coordinates": [ [ [ 55.286627605624417, 25.293053758810082 ], [ 55.286595879590692, 25.295310428271822 ], [ 55.289078197162048, 25.295339251220373 ], [ 55.289109877286961, 25.293082578831829 ], [ 55.286627605624417, 25.293053758810082 ] ] ] } },
{ "type": "Feature", "properties": { "cell_id": 110, "district": "deira", "gius": 0.0, "walkability_norm": 0.0, "services_norm": 0.0, "transit_norm": 0.0, "cluster": 2 }, "geometry": { "type": "Polygon", "coordinates": [ [ [ 55.286595879590692, 25.295310428271822 ], [ 55.286564149738055, 25.297567097005924 ], [ 55.289046513223781, 25.297595922881381 ], [ 55.289078197162048, 25.295339251220373 ], [ 55.286595879590692, 25.295310428271822 ] ] ] } },
{ "type": "Feature", "properties": { "cell_id": 111, "district": "deira", "gius": 0.0, "walkability_norm": 0.0, "services_norm": 0.0, "transit_norm": 0.0, "cluster": 2 }, "geometry": { "type": "Polygon", "coordinates": [ [ [ 55.286564149738055, 25.297567097005924 ], [ 55.286532416066223, 25.299823765012341 ], [ 55.289014825471817, 25.299852593814816 ], [ 55.289046513223781, 25.297595922881381 ], [ 55.286564149738055, 25.297567097005924 ] ] ] } },
{ "type": "Feature", "properties": { "cell_id": 112, "district": "deira", "gius": 0.0, "walkability_norm": 0.0, "services_norm": 0.0, "transit_norm": 0.0, "cluster": 2 }, "geometry": { "type": "Polygon", "coordinates": [ [ [ 55.286532416066223, 25.299823765012341 ], [ 55.286500678574868, 25.302080432291024 ], [ 55.288983133905859, 25.302109264020615 ], [ 55.289014825471817, 25.299852593814816 ], [ 55.286532416066223, 25.299823765012341 ] ] ] } },
{ "type": "Feature", "properties": { "cell_id": 113, "district": "deira", "gius": 0.31, "walkability_norm": 0.173, "services_norm": 0.065, "transit_norm": 0.693, "cluster": 0 }, "geometry": { "type": "Polygon", "coordinates": [ [ [ 55.289869057073773, 25.238922223376061 ], [ 55.289837468377435, 25.241178913210501 ], [ 55.292318689466278, 25.241207624301286 ], [ 55.292350232385914, 25.238950931546803 ], [ 55.289869057073773, 25.238922223376061 ] ] ] } },
{ "type": "Feature", "properties": { "cell_id": 114, "district": "deira", "gius": 0.456, "walkability_norm": 0.51, "services_norm": 0.129, "transit_norm": 0.729, "cluster": 1 }, "geometry": { "type": "Polygon", "coordinates": [ [ [ 55.289837468377435, 25.241178913210501 ], [ 55.289805875875096, 25.243435602318595 ], [ 55.292287142746176, 25.243464316329533 ], [ 55.292318689466278, 25.241207624301286 ], [ 55.289837468377435, 25.241178913210501 ] ] ] } },
{ "type": "Feature", "properties": { "cell_id": 115, "district": "deira", "gius": 0.495, "walkability_norm": 0.49, "services_norm": 0.226, "transit_norm": 0.769, "cluster": 1 }, "geometry": { "type": "Polygon", "coordinates": [ [ [ 55.289805875875096, 25.243435602318595 ], [ 55.289774279566473, 25.245692290700308 ], [ 55.292255592225288, 25.245721007631495 ], [ 55.292287142746176, 25.243464316329533 ], [ 55.289805875875096, 25.243435602318595 ] ] ] } },
{ "type": "Feature", "properties": { "cell_id": 116, "district": "deira", "gius": 0.584, "walkability_norm": 0.622, "services_norm": 0.29, "transit_norm": 0.841, "cluster": 1 }, "geometry": { "type": "Polygon", "coordinates": [ [ [ 55.289774279566473, 25.245692290700308 ], [ 55.289742679451251, 25.247948978355574 ], [ 55.292224037903317, 25.247977698207119 ], [ 55.292255592225288, 25.245721007631495 ], [ 55.289774279566473, 25.245692290700308 ] ] ] } },
{ "type": "Feature", "properties": { "cell_id": 117, "district": "deira", "gius": 0.515, "walkability_norm": 0.204, "services_norm": 0.419, "transit_norm": 0.922, "cluster": 0 }, "geometry": { "type": "Polygon", "coordinates": [ [ [ 55.289742679451251, 25.247948978355574 ], [ 55.289711075529112, 25.250205665284344 ], [ 55.292192479779949, 25.250234388056352 ], [ 55.292224037903317, 25.247977698207119 ], [ 55.289742679451251, 25.247948978355574 ] ] ] } },
{ "type": "Feature", "properties": { "cell_id": 118, "district": "deira", "gius": 0.705, "walkability_norm": 0.714, "services_norm": 0.419, "transit_norm": 0.982, "cluster": 1 }, "geometry": { "type": "Polygon", "coordinates": [ [ [ 55.289711075529112, 25.250205665284344 ], [ 55.289679467799765, 25.252462351486578 ], [ 55.292160917854886, 25.252491077179162 ], [ 55.292192479779949, 25.250234388056352 ], [ 55.289711075529112, 25.250205665284344 ] ] ] } },
{ "type": "Feature", "properties": { "cell_id": 119, "district": "deira", "gius": 0.612, "walkability_norm": 0.541, "services_norm": 0.323, "transit_norm": 0.971, "cluster": 1 }, "geometry": { "type": "Polygon", "coordinates": [ [ [ 55.289679467799765, 25.252462351486578 ], [ 55.289647856262896, 25.254719036962221 ], [ 55.292129352127809, 25.25474776557548 ], [ 55.292160917854886, 25.252491077179162 ], [ 55.289679467799765, 25.252462351486578 ] ] ] } },
{ "type": "Feature", "properties": { "cell_id": 120, "district": "deira", "gius": 0.565, "walkability_norm": 0.245, "services_norm": 0.548, "transit_norm": 0.902, "cluster": 1 }, "geometry": { "type": "Polygon", "coordinates": [ [ [ 55.289647856262896, 25.254719036962221 ], [ 55.289616240918193, 25.256975721711225 ], [ 55.292097782598418, 25.257004453245266 ], [ 55.292129352127809, 25.25474776557548 ], [ 55.289647856262896, 25.254719036962221 ] ] ] } },
{ "type": "Feature", "properties": { "cell_id": 121, "district": "deira", "gius": 0.833, "walkability_norm": 0.531, "services_norm": 1.0, "transit_norm": 0.967, "cluster": 3 }, "geometry": { "type": "Polygon", "coordinates": [ [ [ 55.289616240918193, 25.256975721711225 ], [ 55.289584621765357, 25.259232405733538 ], [ 55.292066209266402, 25.259261140188464 ], [ 55.292097782598418, 25.257004453245266 ], [ 55.289616240918193, 25.256975721711225 ] ] ] } },
{ "type": "Feature", "properties": { "cell_id": 122, "district": "deira", "gius": 0.995, "walkability_norm": 1.0, "services_norm": 1.0, "transit_norm": 0.985, "cluster": 3 }, "geometry": { "type": "Polygon", "coordinates": [ [ [ 55.289584621765357, 25.259232405733538 ], [ 55.289552998804069, 25.261489089029112 ], [ 55.292034632131454, 25.261517826405029 ], [ 55.292066209266402, 25.259261140188464 ], [ 55.289584621765357, 25.259232405733538 ] ] ] } },
{ "type": "Feature", "properties": { "cell_id": 123, "district": "deira", "gius": 0.922, "walkability_norm": 0.776, "services_norm": 1.0, "transit_norm": 0.99, "cluster": 3 }, "geometry": { "type": "Polygon", "coordinates": [ [ [ 55.289552998804069, 25.261489089029112 ], [ 55.289521372034031, 25.2637457715979 ], [ 55.292003051193277, 25.263774511894908 ], [ 55.292034632131454, 25.261517826405029 ], [ 55.289552998804069, 25.261489089029112 ] ] ] } },
{ "type": "Feature", "properties": { "cell_id": 124, "district": "deira", "gius": 0.848, "walkability_norm": 1.0, "services_norm": 0.548, "transit_norm": 0.996, "cluster": 3 }, "geometry": { "type": "Polygon", "coordinates": [ [ [ 55.289521372034031, 25.2637457715979 ], [ 55.289489741454929, 25.266002453439853 ], [ 55.29197146645155, 25.266031196658055 ], [ 55.292003051193277, 25.263774511894908 ], [ 55.289521372034031, 25.2637457715979 ] ] ] } },
{ "type": "Feature", "properties": { "cell_id": 125, "district": "deira", "gius": 0.646, "walkability_norm": 0.48, "services_norm": 0.516, "transit_norm": 0.942, "cluster": 1 }, "geometry": { "type": "Polygon", "coordinates": [ [ [ 55.289489741454929, 25.266002453439853 ], [ 55.289458107066466, 25.268259134554913 ], [ 55.291939877905982, 25.268287880694423 ], [ 55.29197146645155, 25.266031196658055 ], [ 55.289489741454929, 25.266002453439853 ] ] ] } },
{ "type": "Feature", "properties": { "cell_id": 126, "district": "deira", "gius": 0.559, "walkability_norm": 0.459, "services_norm": 0.323, "transit_norm": 0.895, "cluster": 1 }, "geometry": { "type": "Polygon", "coordinates": [ [ [ 55.289458107066466, 25.268259134554913 ], [ 55.289426468868321, 25.270515814943039 ], [ 55.291908285556254, 25.270544564003963 ], [ 55.291939877905982, 25.268287880694423 ], [ 55.289458107066466, 25.268259134554913 ] ] ] } },
{ "type": "Feature", "properties": { "cell_id": 127, "district": "deira", "gius": 0.323, "walkability_norm": 0.133, "services_norm": 0.0, "transit_norm": 0.836, "cluster": 0 }, "geometry": { "type": "Polygon", "coordinates": [ [ [ 55.289426468868321, 25.270515814943039 ], [ 55.289394826860196, 25.27277249460418 ], [ 55.291876689402052, 25.272801246586607 ], [ 55.291908285556254, 25.270544564003963 ], [ 55.289426468868321, 25.270515814943039 ] ] ] } },
{ "type": "Feature", "properties": { "cell_id": 128, "district": "deira", "gius": 0.29, "walkability_norm": 0.031, "services_norm": 0.0, "transit_norm": 0.838, "cluster": 0 }, "geometry": { "type": "Polygon", "coordinates": [ [ [ 55.289394826860196, 25.27277249460418 ], [ 55.289363181041779, 25.275029173538275 ], [ 55.291845089443079, 25.27505792844233 ], [ 55.291876689402052, 25.272801246586607 ], [ 55.289394826860196, 25.27277249460418 ] ] ] } },
{ "type": "Feature", "properties": { "cell_id": 129, "district": "deira", "gius": 0.34, "walkability_norm": 0.163, "services_norm": 0.0, "transit_norm": 0.856, "cluster": 0 }, "geometry": { "type": "Polygon", "coordinates": [ [ [ 55.289363181041779, 25.275029173538275 ], [ 55.289331531412763, 25.27728585174529 ], [ 55.291813485679029, 25.277314609571068 ], [ 55.291845089443079, 25.27505792844233 ], [ 55.289363181041779, 25.275029173538275 ] ] ] } },
{ "type": "Feature", "properties": { "cell_id": 130, "district": "deira", "gius": 0.382, "walkability_norm": 0.337, "services_norm": 0.0, "transit_norm": 0.81, "cluster": 0 }, "geometry": { "type": "Polygon", "coordinates": [ [ [ 55.289331531412763, 25.27728585174529 ], [ 55.28929987797283, 25.279542529225171 ], [ 55.291781878109589, 25.279571289972775 ], [ 55.291813485679029, 25.277314609571068 ], [ 55.289331531412763, 25.27728585174529 ] ] ] } },
{ "type": "Feature", "properties": { "cell_id": 131, "district": "deira", "gius": 0.314, "walkability_norm": 0.214, "services_norm": 0.0, "transit_norm": 0.727, "cluster": 0 }, "geometry": { "type": "Polygon", "coordinates": [ [ [ 55.28929987797283, 25.279542529225171 ], [ 55.289268220721695, 25.281799205977865 ], [ 55.291750266734454, 25.281827969647406 ], [ 55.291781878109589, 25.279571289972775 ], [ 55.28929987797283, 25.279542529225171 ] ] ] } },
{ "type": "Feature", "properties": { "cell_id": 132, "district": "deira", "gius": 0.213, "walkability_norm": 0.01, "services_norm": 0.0, "transit_norm": 0.63, "cluster": 0 }, "geometry": { "type": "Polygon", "coordinates": [ [ [ 55.289268220721695, 25.281799205977865 ], [ 55.289236559659024, 25.284055882003326 ], [ 55.29171865155331, 25.284084648594902 ], [ 55.291750266734454, 25.281827969647406 ], [ 55.289268220721695, 25.281799205977865 ] ] ] } },
{ "type": "Feature", "properties": { "cell_id": 133, "district": "deira", "gius": 0.179, "walkability_norm": 0.01, "services_norm": 0.0, "transit_norm": 0.527, "cluster": 0 }, "geometry": { "type": "Polygon", "coordinates": [ [ [ 55.289236559659024, 25.284055882003326 ], [ 55.289204894784532, 25.286312557301507 ], [ 55.291687032565861, 25.286341326815226 ], [ 55.29171865155331, 25.284084648594902 ], [ 55.289236559659024, 25.284055882003326 ] ] ] } },
{ "type": "Feature", "properties": { "cell_id": 134, "district": "deira", "gius": 0.157, "walkability_norm": 0.051, "services_norm": 0.0, "transit_norm": 0.42, "cluster": 2 }, "geometry": { "type": "Polygon", "coordinates": [ [ [ 55.289204894784532, 25.286312557301507 ], [ 55.289173226097894, 25.288569231872341 ], [ 55.291655409771792, 25.288598004308316 ], [ 55.291687032565861, 25.286341326815226 ], [ 55.289204894784532, 25.286312557301507 ] ] ] } },
{ "type": "Feature", "properties": { "cell_id": 135, "district": "deira", "gius": 0.155, "walkability_norm": 0.153, "services_norm": 0.0, "transit_norm": 0.312, "cluster": 2 }, "geometry": { "type": "Polygon", "coordinates": [ [ [ 55.289173226097894, 25.288569231872341 ], [ 55.28914155359881, 25.290825905715799 ], [ 55.291623783170799, 25.29085468107413 ], [ 55.291655409771792, 25.288598004308316 ], [ 55.289173226097894, 25.288569231872341 ] ] ] } },
{ "type": "Feature", "properties": { "cell_id": 136, "district": "deira", "gius": 0.095, "walkability_norm": 0.082, "services_norm": 0.0, "transit_norm": 0.203, "cluster": 2 }, "geometry": { "type": "Polygon", "coordinates": [ [ [ 55.28914155359881, 25.290825905715799 ], [ 55.289109877286961, 25.293082578831829 ], [ 55.291592152762568, 25.293111357112611 ], [ 55.291623783170799, 25.29085468107413 ], [ 55.28914155359881, 25.290825905715799 ] ] ] } },
{ "type": "Feature", "properties": { "cell_id": 137, "district": "deira", "gius": 0.041, "walkability_norm": 0.031, "services_norm": 0.0, "transit_norm": 0.093, "cluster": 2 }, "geometry": { "type": "Polygon", "coordinates": [ [ [ 55.289109877286961, 25.293082578831829 ], [ 55.289078197162048, 25.295339251220373 ], [ 55.291560518546795, 25.295368032423728 ], [ 55.291592152762568, 25.293111357112611 ], [ 55.289109877286961, 25.293082578831829 ] ] ] } },
{ "type": "Feature", "properties": { "cell_id": 138, "district": "deira", "gius": 0.003, "walkability_norm": 0.01, "services_norm": 0.0, "transit_norm": 0.0, "cluster": 2 }, "geometry": { "type": "Polygon", "coordinates": [ [ [ 55.289078197162048, 25.295339251220373 ], [ 55.289046513223781, 25.297595922881381 ], [ 55.291528880523174, 25.297624707007408 ], [ 55.291560518546795, 25.295368032423728 ], [ 55.289078197162048, 25.295339251220373 ] ] ] } },
{ "type": "Feature", "properties": { "cell_id": 139, "district": "deira", "gius": 0.0, "walkability_norm": 0.0, "services_norm": 0.0, "transit_norm": 0.0, "cluster": 2 }, "geometry": { "type": "Polygon", "coordinates": [ [ [ 55.289046513223781, 25.297595922881381 ], [ 55.289014825471817, 25.299852593814816 ], [ 55.291497238691392, 25.299881380863614 ], [ 55.291528880523174, 25.297624707007408 ], [ 55.289046513223781, 25.297595922881381 ] ] ] } },
{ "type": "Feature", "properties": { "cell_id": 140, "district": "deira", "gius": 0.0, "walkability_norm": 0.0, "services_norm": 0.0, "transit_norm": 0.0, "cluster": 2 }, "geometry": { "type": "Polygon", "coordinates": [ [ [ 55.289014825471817, 25.299852593814816 ], [ 55.288983133905859, 25.302109264020615 ], [ 55.291465593051143, 25.302138053992287 ], [ 55.291497238691392, 25.299881380863614 ], [ 55.289014825471817, 25.299852593814816 ] ] ] } },
{ "type": "Feature", "properties": { "cell_id": 141, "district": "deira", "gius": 0.366, "walkability_norm": 0.184, "services_norm": 0.129, "transit_norm": 0.785, "cluster": 0 }, "geometry": { "type": "Polygon", "coordinates": [ [ [ 55.292350232385914, 25.238950931546803 ], [ 55.292318689466278, 25.241207624301286 ], [ 55.2947999143556, 25.24123629374829 ], [ 55.294831411498208, 25.238979598077989 ], [ 55.292350232385914, 25.238950931546803 ] ] ] } },
{ "type": "Feature", "properties": { "cell_id": 142, "district": "deira", "gius": 0.579, "walkability_norm": 0.704, "services_norm": 0.194, "transit_norm": 0.838, "cluster": 1 }, "geometry": { "type": "Polygon", "coordinates": [ [ [ 55.292318689466278, 25.241207624301286 ], [ 55.292287142746176, 25.243464316329533 ], [ 55.294768413418026, 25.243492988692445 ], [ 55.2947999143556, 25.24123629374829 ], [ 55.292318689466278, 25.241207624301286 ] ] ] } },
{ "type": "Feature", "properties": { "cell_id": 143, "district": "deira", "gius": 0.665, "walkability_norm": 1.0, "services_norm": 0.161, "transit_norm": 0.834, "cluster": 1 }, "geometry": { "type": "Polygon", "coordinates": [ [ [ 55.292287142746176, 25.243464316329533 ], [ 55.292255592225288, 25.245721007631495 ], [ 55.294736908685195, 25.245749682910432 ], [ 55.294768413418026, 25.243492988692445 ], [ 55.292287142746176, 25.243464316329533 ] ] ] } },
{ "type": "Feature", "properties": { "cell_id": 144, "district": "deira", "gius": 0.687, "walkability_norm": 0.949, "services_norm": 0.226, "transit_norm": 0.885, "cluster": 1 }, "geometry": { "type": "Polygon", "coordinates": [ [ [ 55.292255592225288, 25.245721007631495 ], [ 55.292224037903317, 25.247977698207119 ], [ 55.294705400156779, 25.248006376402188 ], [ 55.294736908685195, 25.245749682910432 ], [ 55.292255592225288, 25.245721007631495 ] ] ] } },
{ "type": "Feature", "properties": { "cell_id": 145, "district": "deira", "gius": 0.637, "walkability_norm": 0.663, "services_norm": 0.355, "transit_norm": 0.893, "cluster": 1 }, "geometry": { "type": "Polygon", "coordinates": [ [ [ 55.292224037903317, 25.247977698207119 ], [ 55.292192479779949, 25.250234388056352 ], [ 55.294673887832481, 25.250263069167652 ], [ 55.294705400156779, 25.248006376402188 ], [ 55.292224037903317, 25.247977698207119 ] ] ] } },
{ "type": "Feature", "properties": { "cell_id": 146, "district": "deira", "gius": 0.615, "walkability_norm": 0.561, "services_norm": 0.355, "transit_norm": 0.929, "cluster": 1 }, "geometry": { "type": "Polygon", "coordinates": [ [ [ 55.292192479779949, 25.250234388056352 ], [ 55.292160917854886, 25.252491077179162 ], [ 55.294642371712001, 25.252519761206788 ], [ 55.294673887832481, 25.250263069167652 ], [ 55.292192479779949, 25.250234388056352 ] ] ] } },
{ "type": "Feature", "properties": { "cell_id": 147, "district": "deira", "gius": 0.67, "walkability_norm": 0.612, "services_norm": 0.419, "transit_norm": 0.978, "cluster": 1 }, "geometry": { "type": "Polygon", "coordinates": [ [ [ 55.292160917854886, 25.252491077179162 ], [ 55.292129352127809, 25.25474776557548 ], [ 55.294610851795028, 25.254776452519547 ], [ 55.294642371712001, 25.252519761206788 ], [ 55.292160917854886, 25.252491077179162 ] ] ] } },
{ "type": "Feature", "properties": { "cell_id": 148, "district": "deira", "gius": 0.797, "walkability_norm": 0.643, "services_norm": 0.774, "transit_norm": 0.973, "cluster": 3 }, "geometry": { "type": "Polygon", "coordinates": [ [ [ 55.292129352127809, 25.25474776557548 ], [ 55.292097782598418, 25.257004453245266 ], [ 55.294579328081255, 25.257033143105872 ], [ 55.294610851795028, 25.254776452519547 ], [ 55.292129352127809, 25.25474776557548 ] ] ] } },
{ "type": "Feature", "properties": { "cell_id": 149, "district": "deira", "gius": 0.879, "walkability_norm": 0.673, "services_norm": 1.0, "transit_norm": 0.963, "cluster": 3 }, "geometry": { "type": "Polygon", "coordinates": [ [ [ 55.292097782598418, 25.257004453245266 ], [ 55.292066209266402, 25.259261140188464 ], [ 55.294547800570378, 25.259289832965727 ], [ 55.294579328081255, 25.257033143105872 ], [ 55.292097782598418, 25.257004453245266 ] ] ] } },
{ "type": "Feature", "properties": { "cell_id": 150, "district": "deira", "gius": 0.924, "walkability_norm": 0.786, "services_norm": 1.0, "transit_norm": 0.986, "cluster": 3 }, "geometry": { "type": "Polygon", "coordinates": [ [ [ 55.292066209266402, 25.259261140188464 ], [ 55.292034632131454, 25.261517826405029 ], [ 55.294516269262083, 25.261546522099039 ], [ 55.294547800570378, 25.259289832965727 ], [ 55.292066209266402, 25.259261140188464 ] ] ] } },
{ "type": "Feature", "properties": { "cell_id": 151, "district": "deira", "gius": 0.963, "walkability_norm": 0.949, "services_norm": 1.0, "transit_norm": 0.94, "cluster": 3 }, "geometry": { "type": "Polygon", "coordinates": [ [ [ 55.292034632131454, 25.261517826405029 ], [ 55.292003051193277, 25.263774511894908 ], [ 55.294484734156065, 25.263803210505785 ], [ 55.294516269262083, 25.261546522099039 ], [ 55.292034632131454, 25.261517826405029 ] ] ] } },
{ "type": "Feature", "properties": { "cell_id": 152, "district": "deira", "gius": 0.803, "walkability_norm": 0.408, "services_norm": 1.0, "transit_norm": 1.0, "cluster": 3 }, "geometry": { "type": "Polygon", "coordinates": [ [ [ 55.292003051193277, 25.263774511894908 ], [ 55.29197146645155, 25.266031196658055 ], [ 55.294453195252025, 25.266059898185894 ], [ 55.294484734156065, 25.263803210505785 ], [ 55.292003051193277, 25.263774511894908 ] ] ] } },
{ "type": "Feature", "properties": { "cell_id": 153, "district": "deira", "gius": 0.967, "walkability_norm": 0.969, "services_norm": 0.935, "transit_norm": 0.996, "cluster": 3 }, "geometry": { "type": "Polygon", "coordinates": [ [ [ 55.29197146645155, 25.266031196658055 ], [ 55.291939877905982, 25.268287880694423 ], [ 55.294421652549651, 25.268316585139331 ], [ 55.294453195252025, 25.266059898185894 ], [ 55.29197146645155, 25.266031196658055 ] ] ] } },
{ "type": "Feature", "properties": { "cell_id": 154, "district": "deira", "gius": 0.689, "walkability_norm": 0.429, "services_norm": 0.645, "transit_norm": 0.993, "cluster": 3 }, "geometry": { "type": "Polygon", "coordinates": [ [ [ 55.291939877905982, 25.268287880694423 ], [ 55.291908285556254, 25.270544564003963 ], [ 55.294390106048638, 25.270573271366036 ], [ 55.294421652549651, 25.268316585139331 ], [ 55.291939877905982, 25.268287880694423 ] ] ] } },
{ "type": "Feature", "properties": { "cell_id": 155, "district": "deira", "gius": 0.569, "walkability_norm": 0.531, "services_norm": 0.29, "transit_norm": 0.885, "cluster": 1 }, "geometry": { "type": "Polygon", "coordinates": [ [ [ 55.291908285556254, 25.270544564003963 ], [ 55.291876689402052, 25.272801246586607 ], [ 55.29435855574868, 25.272829956865962 ], [ 55.294390106048638, 25.270573271366036 ], [ 55.291908285556254, 25.270544564003963 ] ] ] } },
{ "type": "Feature", "properties": { "cell_id": 156, "district": "deira", "gius": 0.316, "walkability_norm": 0.173, "services_norm": 0.0, "transit_norm": 0.774, "cluster": 0 }, "geometry": { "type": "Polygon", "coordinates": [ [ [ 55.291876689402052, 25.272801246586607 ], [ 55.291845089443079, 25.27505792844233 ], [ 55.294327001649464, 25.275086641639067 ], [ 55.29435855574868, 25.272829956865962 ], [ 55.291876689402052, 25.272801246586607 ] ] ] } },
{ "type": "Feature", "properties": { "cell_id": 157, "district": "deira", "gius": 0.296, "walkability_norm": 0.143, "services_norm": 0.0, "transit_norm": 0.745, "cluster": 0 }, "geometry": { "type": "Polygon", "coordinates": [ [ [ 55.291845089443079, 25.27505792844233 ], [ 55.291813485679029, 25.277314609571068 ], [ 55.294295443750684, 25.277343325685298 ], [ 55.294327001649464, 25.275086641639067 ], [ 55.291845089443079, 25.27505792844233 ] ] ] } },
{ "type": "Feature", "properties": { "cell_id": 158, "district": "deira", "gius": 0.316, "walkability_norm": 0.235, "services_norm": 0.0, "transit_norm": 0.715, "cluster": 0 }, "geometry": { "type": "Polygon", "coordinates": [ [ [ 55.291813485679029, 25.277314609571068 ], [ 55.291781878109589, 25.279571289972775 ], [ 55.294263882052036, 25.279600009004596 ], [ 55.294295443750684, 25.277343325685298 ], [ 55.291813485679029, 25.277314609571068 ] ] ] } },
{ "type": "Feature", "properties": { "cell_id": 159, "district": "deira", "gius": 0.224, "walkability_norm": 0.02, "services_norm": 0.0, "transit_norm": 0.652, "cluster": 0 }, "geometry": { "type": "Polygon", "coordinates": [ [ [ 55.291781878109589, 25.279571289972775 ], [ 55.291750266734454, 25.281827969647406 ], [ 55.294232316553213, 25.281856691596925 ], [ 55.294263882052036, 25.279600009004596 ], [ 55.291781878109589, 25.279571289972775 ] ] ] } },
{ "type": "Feature", "properties": { "cell_id": 160, "district": "deira", "gius": 0.214, "walkability_norm": 0.071, "services_norm": 0.0, "transit_norm": 0.571, "cluster": 0 }, "geometry": { "type": "Polygon", "coordinates": [ [ [ 55.291750266734454, 25.281827969647406 ], [ 55.29171865155331, 25.284084648594902 ], [ 55.294200747253903, 25.284113373462226 ], [ 55.294232316553213, 25.281856691596925 ], [ 55.291750266734454, 25.281827969647406 ] ] ] } },
{ "type": "Feature", "properties": { "cell_id": 161, "district": "deira", "gius": 0.234, "walkability_norm": 0.224, "services_norm": 0.0, "transit_norm": 0.478, "cluster": 2 }, "geometry": { "type": "Polygon", "coordinates": [ [ [ 55.29171865155331, 25.284084648594902 ], [ 55.291687032565861, 25.286341326815226 ], [ 55.294169174153815, 25.286370054600454 ], [ 55.294200747253903, 25.284113373462226 ], [ 55.29171865155331, 25.284084648594902 ] ] ] } },
{ "type": "Feature", "properties": { "cell_id": 162, "district": "deira", "gius": 0.13, "walkability_norm": 0.01, "services_norm": 0.0, "transit_norm": 0.38, "cluster": 2 }, "geometry": { "type": "Polygon", "coordinates": [ [ [ 55.291687032565861, 25.286341326815226 ], [ 55.291655409771792, 25.288598004308316 ], [ 55.294137597252615, 25.288626735011555 ], [ 55.294169174153815, 25.286370054600454 ], [ 55.291687032565861, 25.286341326815226 ] ] ] } },
{ "type": "Feature", "properties": { "cell_id": 163, "district": "deira", "gius": 0.103, "walkability_norm": 0.031, "services_norm": 0.0, "transit_norm": 0.277, "cluster": 2 }, "geometry": { "type": "Polygon", "coordinates": [ [ [ 55.291655409771792, 25.288598004308316 ], [ 55.291623783170799, 25.29085468107413 ], [ 55.294106016550018, 25.290883414695482 ], [ 55.294137597252615, 25.288626735011555 ], [ 55.291655409771792, 25.288598004308316 ] ] ] } },
{ "type": "Feature", "properties": { "cell_id": 164, "district": "deira", "gius": 0.115, "walkability_norm": 0.173, "services_norm": 0.0, "transit_norm": 0.173, "cluster": 2 }, "geometry": { "type": "Polygon", "coordinates": [ [ [ 55.291623783170799, 25.29085468107413 ], [ 55.291592152762568, 25.293111357112611 ], [ 55.294074432045711, 25.293140093652191 ], [ 55.294106016550018, 25.290883414695482 ], [ 55.291623783170799, 25.29085468107413 ] ] ] } },
{ "type": "Feature", "properties": { "cell_id": 165, "district": "deira", "gius": 0.046, "walkability_norm": 0.071, "services_norm": 0.0, "transit_norm": 0.066, "cluster": 2 }, "geometry": { "type": "Polygon", "coordinates": [ [ [ 55.291592152762568, 25.293111357112611 ], [ 55.291560518546795, 25.295368032423728 ], [ 55.294042843739383, 25.295396771881627 ], [ 55.294074432045711, 25.293140093652191 ], [ 55.291592152762568, 25.293111357112611 ] ] ] } },
{ "type": "Feature", "properties": { "cell_id": 166, "district": "deira", "gius": 0.003, "walkability_norm": 0.01, "services_norm": 0.0, "transit_norm": 0.0, "cluster": 2 }, "geometry": { "type": "Polygon", "coordinates": [ [ [ 55.291560518546795, 25.295368032423728 ], [ 55.291528880523174, 25.297624707007408 ], [ 55.294011251630728, 25.297653449383741 ], [ 55.294042843739383, 25.295396771881627 ], [ 55.291560518546795, 25.295368032423728 ] ] ] } },
{ "type": "Feature", "properties": { "cell_id": 167, "district": "deira", "gius": 0.024, "walkability_norm": 0.071, "services_norm": 0.0, "transit_norm": 0.0, "cluster": 2 }, "geometry": { "type": "Polygon", "coordinates": [ [ [ 55.291528880523174, 25.297624707007408 ], [ 55.291497238691392, 25.299881380863614 ], [ 55.293979655719433, 25.29991012615848 ], [ 55.294011251630728, 25.297653449383741 ], [ 55.291528880523174, 25.297624707007408 ] ] ] } },
{ "type": "Feature", "properties": { "cell_id": 168, "district": "deira", "gius": 0.0, "walkability_norm": 0.0, "services_norm": 0.0, "transit_norm": 0.0, "cluster": 2 }, "geometry": { "type": "Polygon", "coordinates": [ [ [ 55.291497238691392, 25.299881380863614 ], [ 55.291465593051143, 25.302138053992287 ], [ 55.293948056005206, 25.302166802205804 ], [ 55.293979655719433, 25.29991012615848 ], [ 55.291497238691392, 25.299881380863614 ] ] ] } },
{ "type": "Feature", "properties": { "cell_id": 169, "district": "deira", "gius": 0.573, "walkability_norm": 0.541, "services_norm": 0.323, "transit_norm": 0.855, "cluster": 1 }, "geometry": { "type": "Polygon", "coordinates": [ [ [ 55.294831411498208, 25.238979598077989 ], [ 55.2947999143556, 25.24123629374829 ], [ 55.297281143039882, 25.241264921551252 ], [ 55.297312594405163, 25.239008222969375 ], [ 55.294831411498208, 25.238979598077989 ] ] ] } },
{ "type": "Feature", "properties": { "cell_id": 170, "district": "deira", "gius": 0.602, "walkability_norm": 0.541, "services_norm": 0.323, "transit_norm": 0.942, "cluster": 1 }, "geometry": { "type": "Polygon", "coordinates": [ [ [ 55.2947999143556, 25.24123629374829 ], [ 55.294768413418026, 25.243492988692445 ], [ 55.297249687885149, 25.243521619407094 ], [ 55.297281143039882, 25.241264921551252 ], [ 55.2947999143556, 25.24123629374829 ] ] ] } },
{ "type": "Feature", "properties": { "cell_id": 171, "district": "deira", "gius": 0.588, "walkability_norm": 0.531, "services_norm": 0.29, "transit_norm": 0.944, "cluster": 1 }, "geometry": { "type": "Polygon", "coordinates": [ [ [ 55.294768413418026, 25.243492988692445 ], [ 55.294736908685195, 25.245749682910432 ], [ 55.297218228940665, 25.245778316536867 ], [ 55.297249687885149, 25.243521619407094 ], [ 55.294768413418026, 25.243492988692445 ] ] ] } },
{ "type": "Feature", "properties": { "cell_id": 172, "district": "deira", "gius": 0.509, "walkability_norm": 0.306, "services_norm": 0.258, "transit_norm": 0.963, "cluster": 1 }, "geometry": { "type": "Polygon", "coordinates": [ [ [ 55.294736908685195, 25.245749682910432 ], [ 55.294705400156779, 25.248006376402188 ], [ 55.297186766206117, 25.248035012940512 ], [ 55.297218228940665, 25.245778316536867 ], [ 55.294736908685195, 25.245749682910432 ] ] ] } },
{ "type": "Feature", "properties": { "cell_id": 173, "district": "deira", "gius": 0.557, "walkability_norm": 0.367, "services_norm": 0.323, "transit_norm": 0.981, "cluster": 1 }, "geometry": { "type": "Polygon", "coordinates": [ [ [ 55.294705400156779, 25.248006376402188 ], [ 55.294673887832481, 25.250263069167652 ], [ 55.297155299681208, 25.250291708617965 ], [ 55.297186766206117, 25.248035012940512 ], [ 55.294705400156779, 25.248006376402188 ] ] ] } },
{ "type": "Feature", "properties": { "cell_id": 174, "district": "deira", "gius": 0.637, "walkability_norm": 0.735, "services_norm": 0.258, "transit_norm": 0.919, "cluster": 1 }, "geometry": { "type": "Polygon", "coordinates": [ [ [ 55.294673887832481, 25.250263069167652 ], [ 55.294642371712001, 25.252519761206788 ], [ 55.297123829365617, 25.252548403569211 ], [ 55.297155299681208, 25.250291708617965 ], [ 55.294673887832481, 25.250263069167652 ] ] ] } },
{ "type": "Feature", "properties": { "cell_id": 175, "district": "deira", "gius": 0.765, "walkability_norm": 0.898, "services_norm": 0.419, "transit_norm": 0.978, "cluster": 1 }, "geometry": { "type": "Polygon", "coordinates": [ [ [ 55.294642371712001, 25.252519761206788 ], [ 55.294610851795028, 25.254776452519547 ], [ 55.297092355259053, 25.254805097794176 ], [ 55.297123829365617, 25.252548403569211 ], [ 55.294642371712001, 25.252519761206788 ] ] ] } },
{ "type": "Feature", "properties": { "cell_id": 176, "district": "deira", "gius": 0.91, "walkability_norm": 1.0, "services_norm": 0.774, "transit_norm": 0.955, "cluster": 3 }, "geometry": { "type": "Polygon", "coordinates": [ [ [ 55.294610851795028, 25.254776452519547 ], [ 55.294579328081255, 25.257033143105872 ], [ 55.297060877361204, 25.257061791292809 ], [ 55.297092355259053, 25.254805097794176 ], [ 55.294610851795028, 25.254776452519547 ] ] ] } },
{ "type": "Feature", "properties": { "cell_id": 177, "district": "deira", "gius": 0.909, "walkability_norm": 0.735, "services_norm": 1.0, "transit_norm": 0.994, "cluster": 3 }, "geometry": { "type": "Polygon", "coordinates": [ [ [ 55.294579328081255, 25.257033143105872 ], [ 55.294547800570378, 25.259289832965727 ], [ 55.297029395671764, 25.259318484065073 ], [ 55.297060877361204, 25.257061791292809 ], [ 55.294579328081255, 25.257033143105872 ] ] ] } },
{ "type": "Feature", "properties": { "cell_id": 178, "district": "deira", "gius": 0.992, "walkability_norm": 1.0, "services_norm": 1.0, "transit_norm": 0.977, "cluster": 3 }, "geometry": { "type": "Polygon", "coordinates": [ [ [ 55.294547800570378, 25.259289832965727 ], [ 55.294516269262083, 25.261546522099039 ], [ 55.296997910190427, 25.26157517611091 ], [ 55.297029395671764, 25.259318484065073 ], [ 55.294547800570378, 25.259289832965727 ] ] ] } },
{ "type": "Feature", "properties": { "cell_id": 179, "district": "deira", "gius": 0.924, "walkability_norm": 1.0, "services_norm": 0.806, "transit_norm": 0.966, "cluster": 3 }, "geometry": { "type": "Polygon", "coordinates": [ [ [ 55.294516269262083, 25.261546522099039 ], [ 55.294484734156065, 25.263803210505785 ], [ 55.296966420916888, 25.263831867430273 ], [ 55.296997910190427, 25.26157517611091 ], [ 55.294516269262083, 25.261546522099039 ] ] ] } },
{ "type": "Feature", "properties": { "cell_id": 180, "district": "deira", "gius": 0.871, "walkability_norm": 0.776, "services_norm": 0.839, "transit_norm": 1.0, "cluster": 3 }, "geometry": { "type": "Polygon", "coordinates": [ [ [ 55.294484734156065, 25.263803210505785 ], [ 55.294453195252025, 25.266059898185894 ], [ 55.296934927850835, 25.26608855802311 ], [ 55.296966420916888, 25.263831867430273 ], [ 55.294484734156065, 25.263803210505785 ] ] ] } },
{ "type": "Feature", "properties": { "cell_id": 181, "district": "deira", "gius": 0.964, "walkability_norm": 1.0, "services_norm": 0.935, "transit_norm": 0.955, "cluster": 3 }, "geometry": { "type": "Polygon", "coordinates": [ [ [ 55.294453195252025, 25.266059898185894 ], [ 55.294421652549651, 25.268316585139331 ], [ 55.296903430991968, 25.268345247889378 ], [ 55.296934927850835, 25.26608855802311 ], [ 55.294453195252025, 25.266059898185894 ] ] ] } },
{ "type": "Feature", "properties": { "cell_id": 182, "district": "deira", "gius": 0.928, "walkability_norm": 0.898, "services_norm": 0.935, "transit_norm": 0.952, "cluster": 3 }, "geometry": { "type": "Polygon", "coordinates": [ [ [ 55.294421652549651, 25.268316585139331 ], [ 55.294390106048638, 25.270573271366036 ], [ 55.296871930339975, 25.270601937029021 ], [ 55.296903430991968, 25.268345247889378 ], [ 55.294421652549651, 25.268316585139331 ] ] ] } },
{ "type": "Feature", "properties": { "cell_id": 183, "district": "deira", "gius": 0.448, "walkability_norm": 0.122, "services_norm": 0.355, "transit_norm": 0.867, "cluster": 0 }, "geometry": { "type": "Polygon", "coordinates": [ [ [ 55.294390106048638, 25.270573271366036 ], [ 55.29435855574868, 25.272829956865962 ], [ 55.296840425894558, 25.272858625441998 ], [ 55.296871930339975, 25.270601937029021 ], [ 55.294390106048638, 25.270573271366036 ] ] ] } },
{ "type": "Feature", "properties": { "cell_id": 184, "district": "deira", "gius": 0.337, "walkability_norm": 0.153, "services_norm": 0.097, "transit_norm": 0.762, "cluster": 0 }, "geometry": { "type": "Polygon", "coordinates": [ [ [ 55.29435855574868, 25.272829956865962 ], [ 55.294327001649464, 25.275086641639067 ], [ 55.296808917655405, 25.275115313128243 ], [ 55.296840425894558, 25.272858625441998 ], [ 55.29435855574868, 25.272829956865962 ] ] ] } },
{ "type": "Feature", "properties": { "cell_id": 185, "district": "deira", "gius": 0.371, "walkability_norm": 0.327, "services_norm": 0.032, "transit_norm": 0.755, "cluster": 0 }, "geometry": { "type": "Polygon", "coordinates": [ [ [ 55.294327001649464, 25.275086641639067 ], [ 55.294295443750684, 25.277343325685298 ], [ 55.296777405622208, 25.27737200008772 ], [ 55.296808917655405, 25.275115313128243 ], [ 55.294327001649464, 25.275086641639067 ] ] ] } },
{ "type": "Feature", "properties": { "cell_id": 186, "district": "deira", "gius": 0.255, "walkability_norm": 0.0, "services_norm": 0.032, "transit_norm": 0.731, "cluster": 0 }, "geometry": { "type": "Polygon", "coordinates": [ [ [ 55.294295443750684, 25.277343325685298 ], [ 55.294263882052036, 25.279600009004596 ], [ 55.296745889794664, 25.279628686320379 ], [ 55.296777405622208, 25.27737200008772 ], [ 55.294295443750684, 25.277343325685298 ] ] ] } },
{ "type": "Feature", "properties": { "cell_id": 187, "district": "deira", "gius": 0.238, "walkability_norm": 0.041, "services_norm": 0.0, "transit_norm": 0.672, "cluster": 0 }, "geometry": { "type": "Polygon", "coordinates": [ [ [ 55.294263882052036, 25.279600009004596 ], [ 55.294232316553213, 25.281856691596925 ], [ 55.296714370172459, 25.281885371826164 ], [ 55.296745889794664, 25.279628686320379 ], [ 55.294263882052036, 25.279600009004596 ] ] ] } },
{ "type": "Feature", "properties": { "cell_id": 188, "district": "deira", "gius": 0.204, "walkability_norm": 0.02, "services_norm": 0.0, "transit_norm": 0.592, "cluster": 0 }, "geometry": { "type": "Polygon", "coordinates": [ [ [ 55.294232316553213, 25.281856691596925 ], [ 55.294200747253903, 25.284113373462226 ], [ 55.296682846755296, 25.284142056605035 ], [ 55.296714370172459, 25.281885371826164 ], [ 55.294232316553213, 25.281856691596925 ] ] ] } },
{ "type": "Feature", "properties": { "cell_id": 189, "district": "deira", "gius": 0.225, "walkability_norm": 0.173, "services_norm": 0.0, "transit_norm": 0.5, "cluster": 0 }, "geometry": { "type": "Polygon", "coordinates": [ [ [ 55.294200747253903, 25.284113373462226 ], [ 55.294169174153815, 25.286370054600454 ], [ 55.29665131954286, 25.286398740656931 ], [ 55.296682846755296, 25.284142056605035 ], [ 55.294200747253903, 25.284113373462226 ] ] ] } },
{ "type": "Feature", "properties": { "cell_id": 190, "district": "deira", "gius": 0.148, "walkability_norm": 0.041, "services_norm": 0.0, "transit_norm": 0.402, "cluster": 2 }, "geometry": { "type": "Polygon", "coordinates": [ [ [ 55.294169174153815, 25.286370054600454 ], [ 55.294137597252615, 25.288626735011555 ], [ 55.296619788534848, 25.288655423981808 ], [ 55.29665131954286, 25.286398740656931 ], [ 55.294169174153815, 25.286370054600454 ] ] ] } },
{ "type": "Feature", "properties": { "cell_id": 191, "district": "deira", "gius": 0.232, "walkability_norm": 0.398, "services_norm": 0.0, "transit_norm": 0.299, "cluster": 2 }, "geometry": { "type": "Polygon", "coordinates": [ [ [ 55.294137597252615, 25.288626735011555 ], [ 55.294106016550018, 25.290883414695482 ], [ 55.29658825373096, 25.290912106579619 ], [ 55.296619788534848, 25.288655423981808 ], [ 55.294137597252615, 25.288626735011555 ] ] ] } },
{ "type": "Feature", "properties": { "cell_id": 192, "district": "deira", "gius": 0.096, "walkability_norm": 0.092, "services_norm": 0.0, "transit_norm": 0.195, "cluster": 2 }, "geometry": { "type": "Polygon", "coordinates": [ [ [ 55.294106016550018, 25.290883414695482 ], [ 55.294074432045711, 25.293140093652191 ], [ 55.296556715130876, 25.293168788450313 ], [ 55.29658825373096, 25.290912106579619 ], [ 55.294106016550018, 25.290883414695482 ] ] ] } },
{ "type": "Feature", "properties": { "cell_id": 193, "district": "deira", "gius": 0.05, "walkability_norm": 0.061, "services_norm": 0.0, "transit_norm": 0.088, "cluster": 2 }, "geometry": { "type": "Polygon", "coordinates": [ [ [ 55.294074432045711, 25.293140093652191 ], [ 55.294042843739383, 25.295396771881627 ], [ 55.296525172734299, 25.295425469593841 ], [ 55.296556715130876, 25.293168788450313 ], [ 55.294074432045711, 25.293140093652191 ] ] ] } },
{ "type": "Feature", "properties": { "cell_id": 194, "district": "deira", "gius": 0.031, "walkability_norm": 0.092, "services_norm": 0.0, "transit_norm": 0.0, "cluster": 2 }, "geometry": { "type": "Polygon", "coordinates": [ [ [ 55.294042843739383, 25.295396771881627 ], [ 55.294011251630728, 25.297653449383741 ], [ 55.296493626540915, 25.297682150010143 ], [ 55.296525172734299, 25.295425469593841 ], [ 55.294042843739383, 25.295396771881627 ] ] ] } },
{ "type": "Feature", "properties": { "cell_id": 195, "district": "deira", "gius": 0.119, "walkability_norm": 0.357, "services_norm": 0.0, "transit_norm": 0.0, "cluster": 2 }, "geometry": { "type": "Polygon", "coordinates": [ [ [ 55.294011251630728, 25.297653449383741 ], [ 55.293979655719433, 25.29991012615848 ], [ 55.296462076550426, 25.299938829699187 ], [ 55.296493626540915, 25.297682150010143 ], [ 55.294011251630728, 25.297653449383741 ] ] ] } },
{ "type": "Feature", "properties": { "cell_id": 196, "district": "deira", "gius": 0.007, "walkability_norm": 0.02, "services_norm": 0.0, "transit_norm": 0.0, "cluster": 2 }, "geometry": { "type": "Polygon", "coordinates": [ [ [ 55.293979655719433, 25.29991012615848 ], [ 55.293948056005206, 25.302166802205804 ], [ 55.296430522762513, 25.302195508660908 ], [ 55.296462076550426, 25.299938829699187 ], [ 55.293979655719433, 25.29991012615848 ] ] ] } },
{ "type": "Feature", "properties": { "cell_id": 197, "district": "deira", "gius": 0.537, "walkability_norm": 0.194, "services_norm": 0.548, "transit_norm": 0.87, "cluster": 1 }, "geometry": { "type": "Polygon", "coordinates": [ [ [ 55.297312594405163, 25.239008222969375 ], [ 55.297281143039882, 25.241264921551252 ], [ 55.299762375513616, 25.24129350770993 ], [ 55.299793781101265, 25.23903680622071 ], [ 55.297312594405163, 25.239008222969375 ] ] ] } },
{ "type": "Feature", "properties": { "cell_id": 198, "district": "deira", "gius": 0.771, "walkability_norm": 0.724, "services_norm": 0.613, "transit_norm": 0.975, "cluster": 3 }, "geometry": { "type": "Polygon", "coordinates": [ [ [ 55.297281143039882, 25.241264921551252 ], [ 55.297249687885149, 25.243521619407094 ], [ 55.299730966142029, 25.24355020847322 ], [ 55.299762375513616, 25.24129350770993 ], [ 55.297281143039882, 25.241264921551252 ] ] ] } },
{ "type": "Feature", "properties": { "cell_id": 199, "district": "deira", "gius": 0.707, "walkability_norm": 0.541, "services_norm": 0.581, "transit_norm": 1.0, "cluster": 3 }, "geometry": { "type": "Polygon", "coordinates": [ [ [ 55.297249687885149, 25.243521619407094 ], [ 55.297218228940665, 25.245778316536867 ], [ 55.299699552986198, 25.245806908510552 ], [ 55.299730966142029, 25.24355020847322 ], [ 55.297249687885149, 25.243521619407094 ] ] ] } },
{ "type": "Feature", "properties": { "cell_id": 200, "district": "deira", "gius": 0.611, "walkability_norm": 0.531, "services_norm": 0.387, "transit_norm": 0.916, "cluster": 1 }, "geometry": { "type": "Polygon", "coordinates": [ [ [ 55.297218228940665, 25.245778316536867 ], [ 55.297186766206117, 25.248035012940512 ], [ 55.299668136045831, 25.248063607821845 ], [ 55.299699552986198, 25.245806908510552 ], [ 55.297218228940665, 25.245778316536867 ] ] ] } },
{ "type": "Feature", "properties": { "cell_id": 201, "district": "deira", "gius": 0.554, "walkability_norm": 0.439, "services_norm": 0.29, "transit_norm": 0.934, "cluster": 1 }, "geometry": { "type": "Polygon", "coordinates": [ [ [ 55.297186766206117, 25.248035012940512 ], [ 55.297155299681208, 25.250291708617965 ], [ 55.299636715320595, 25.250320306407069 ], [ 55.299668136045831, 25.248063607821845 ], [ 55.297186766206117, 25.248035012940512 ] ] ] } },
{ "type": "Feature", "properties": { "cell_id": 202, "district": "deira", "gius": 0.631, "walkability_norm": 0.786, "services_norm": 0.194, "transit_norm": 0.914, "cluster": 1 }, "geometry": { "type": "Polygon", "coordinates": [ [ [ 55.297155299681208, 25.250291708617965 ], [ 55.297123829365617, 25.252548403569211 ], [ 55.299605290810213, 25.252577004266175 ], [ 55.299636715320595, 25.250320306407069 ], [ 55.297155299681208, 25.250291708617965 ] ] ] } },
{ "type": "Feature", "properties": { "cell_id": 203, "district": "deira", "gius": 0.81, "walkability_norm": 0.847, "services_norm": 0.613, "transit_norm": 0.969, "cluster": 3 }, "geometry": { "type": "Polygon", "coordinates": [ [ [ 55.297123829365617, 25.252548403569211 ], [ 55.297092355259053, 25.254805097794176 ], [ 55.299573862514364, 25.254833701399107 ], [ 55.299605290810213, 25.252577004266175 ], [ 55.297123829365617, 25.252548403569211 ] ] ] } },
{ "type": "Feature", "properties": { "cell_id": 204, "district": "deira", "gius": 0.82, "walkability_norm": 0.51, "services_norm": 1.0, "transit_norm": 0.95, "cluster": 3 }, "geometry": { "type": "Polygon", "coordinates": [ [ [ 55.297092355259053, 25.254805097794176 ], [ 55.297060877361204, 25.257061791292809 ], [ 55.299542430432744, 25.257090397805818 ], [ 55.299573862514364, 25.254833701399107 ], [ 55.297092355259053, 25.254805097794176 ] ] ] } },
{ "type": "Feature", "properties": { "cell_id": 205, "district": "deira", "gius": 0.969, "walkability_norm": 0.908, "services_norm": 1.0, "transit_norm": 1.0, "cluster": 3 }, "geometry": { "type": "Polygon", "coordinates": [ [ [ 55.297060877361204, 25.257061791292809 ], [ 55.297029395671764, 25.259318484065073 ], [ 55.299510994565054, 25.259347093486259 ], [ 55.299542430432744, 25.257090397805818 ], [ 55.297060877361204, 25.257061791292809 ] ] ] } },
{ "type": "Feature", "properties": { "cell_id": 206, "district": "deira", "gius": 0.963, "walkability_norm": 0.898, "services_norm": 1.0, "transit_norm": 0.99, "cluster": 3 }, "geometry": { "type": "Polygon", "coordinates": [ [ [ 55.297029395671764, 25.259318484065073 ], [ 55.296997910190427, 25.26157517611091 ], [ 55.299479554910974, 25.261603788440382 ], [ 55.299510994565054, 25.259347093486259 ], [ 55.297029395671764, 25.259318484065073 ] ] ] } },
{ "type": "Feature", "properties": { "cell_id": 207, "district": "deira", "gius": 0.788, "walkability_norm": 0.837, "services_norm": 0.548, "transit_norm": 0.979, "cluster": 3 }, "geometry": { "type": "Polygon", "coordinates": [ [ [ 55.296997910190427, 25.26157517611091 ], [ 55.296966420916888, 25.263831867430273 ], [ 55.299448111470213, 25.263860482668132 ], [ 55.299479554910974, 25.261603788440382 ], [ 55.296997910190427, 25.26157517611091 ] ] ] } },
{ "type": "Feature", "properties": { "cell_id": 208, "district": "deira", "gius": 0.676, "walkability_norm": 0.459, "services_norm": 0.613, "transit_norm": 0.955, "cluster": 3 }, "geometry": { "type": "Polygon", "coordinates": [ [ [ 55.296966420916888, 25.263831867430273 ], [ 55.296934927850835, 25.26608855802311 ], [ 55.299416664242457, 25.266117176169463 ], [ 55.299448111470213, 25.263860482668132 ], [ 55.296966420916888, 25.263831867430273 ] ] ] } },
{ "type": "Feature", "properties": { "cell_id": 209, "district": "deira", "gius": 0.842, "walkability_norm": 0.816, "services_norm": 0.71, "transit_norm": 1.0, "cluster": 3 }, "geometry": { "type": "Polygon", "coordinates": [ [ [ 55.296934927850835, 25.26608855802311 ], [ 55.296903430991968, 25.268345247889378 ], [ 55.299385213227403, 25.268373868944323 ], [ 55.299416664242457, 25.266117176169463 ], [ 55.296934927850835, 25.26608855802311 ] ] ] } },
{ "type": "Feature", "properties": { "cell_id": 210, "district": "deira", "gius": 0.909, "walkability_norm": 1.0, "services_norm": 0.806, "transit_norm": 0.919, "cluster": 3 }, "geometry": { "type": "Polygon", "coordinates": [ [ [ 55.296903430991968, 25.268345247889378 ], [ 55.296871930339975, 25.270601937029021 ], [ 55.299353758424743, 25.270630560992672 ], [ 55.299385213227403, 25.268373868944323 ], [ 55.296903430991968, 25.268345247889378 ] ] ] } },
{ "type": "Feature", "properties": { "cell_id": 211, "district": "deira", "gius": 0.808, "walkability_norm": 1.0, "services_norm": 0.613, "transit_norm": 0.81, "cluster": 3 }, "geometry": { "type": "Polygon", "coordinates": [ [ [ 55.296871930339975, 25.270601937029021 ], [ 55.296840425894558, 25.272858625441998 ], [ 55.299322299834181, 25.272887252314444 ], [ 55.299353758424743, 25.270630560992672 ], [ 55.296871930339975, 25.270601937029021 ] ] ] } },
{ "type": "Feature", "properties": { "cell_id": 212, "district": "deira", "gius": 0.656, "walkability_norm": 0.776, "services_norm": 0.355, "transit_norm": 0.837, "cluster": 1 }, "geometry": { "type": "Polygon", "coordinates": [ [ [ 55.296840425894558, 25.272858625441998 ], [ 55.296808917655405, 25.275115313128243 ], [ 55.299290837455388, 25.275143942909601 ], [ 55.299322299834181, 25.272887252314444 ], [ 55.296840425894558, 25.272858625441998 ] ] ] } },
{ "type": "Feature", "properties": { "cell_id": 213, "district": "deira", "gius": 0.544, "walkability_norm": 0.602, "services_norm": 0.161, "transit_norm": 0.867, "cluster": 1 }, "geometry": { "type": "Polygon", "coordinates": [ [ [ 55.296808917655405, 25.275115313128243 ], [ 55.296777405622208, 25.27737200008772 ], [ 55.29925937128808, 25.277400632778093 ], [ 55.299290837455388, 25.275143942909601 ], [ 55.296808917655405, 25.275115313128243 ] ] ] } },
{ "type": "Feature", "properties": { "cell_id": 214, "district": "deira", "gius": 0.291, "walkability_norm": 0.01, "services_norm": 0.032, "transit_norm": 0.829, "cluster": 0 }, "geometry": { "type": "Polygon", "coordinates": [ [ [ 55.296777405622208, 25.27737200008772 ], [ 55.296745889794664, 25.279628686320379 ], [ 55.299227901331939, 25.279657321919874 ], [ 55.29925937128808, 25.277400632778093 ], [ 55.296777405622208, 25.27737200008772 ] ] ] } },
{ "type": "Feature", "properties": { "cell_id": 215, "district": "deira", "gius": 0.256, "walkability_norm": 0.02, "services_norm": 0.0, "transit_norm": 0.749, "cluster": 0 }, "geometry": { "type": "Polygon", "coordinates": [ [ [ 55.296745889794664, 25.279628686320379 ], [ 55.296714370172459, 25.281885371826164 ], [ 55.299196427586665, 25.281914010334884 ], [ 55.299227901331939, 25.279657321919874 ], [ 55.296745889794664, 25.279628686320379 ] ] ] } },
{ "type": "Feature", "properties": { "cell_id": 216, "district": "deira", "gius": 0.255, "walkability_norm": 0.112, "services_norm": 0.0, "transit_norm": 0.652, "cluster": 0 }, "geometry": { "type": "Polygon", "coordinates": [ [ [ 55.296714370172459, 25.281885371826164 ], [ 55.296682846755296, 25.284142056605035 ], [ 55.299164950051946, 25.284170698023082 ], [ 55.299196427586665, 25.281914010334884 ], [ 55.296714370172459, 25.281885371826164 ] ] ] } },
{ "type": "Feature", "properties": { "cell_id": 217, "district": "deira", "gius": 0.275, "walkability_norm": 0.276, "services_norm": 0.0, "transit_norm": 0.548, "cluster": 0 }, "geometry": { "type": "Polygon", "coordinates": [ [ [ 55.296682846755296, 25.284142056605035 ], [ 55.29665131954286, 25.286398740656931 ], [ 55.299133468727483, 25.28642738498441 ], [ 55.299164950051946, 25.284170698023082 ], [ 55.296682846755296, 25.284142056605035 ] ] ] } },
{ "type": "Feature", "properties": { "cell_id": 218, "district": "deira", "gius": 0.202, "walkability_norm": 0.163, "services_norm": 0.0, "transit_norm": 0.442, "cluster": 2 }, "geometry": { "type": "Polygon", "coordinates": [ [ [ 55.29665131954286, 25.286398740656931 ], [ 55.296619788534848, 25.288655423981808 ], [ 55.299101983612971, 25.288684071218825 ], [ 55.299133468727483, 25.28642738498441 ], [ 55.29665131954286, 25.286398740656931 ] ] ] } },
{ "type": "Feature", "properties": { "cell_id": 219, "district": "deira", "gius": 0.138, "walkability_norm": 0.082, "services_norm": 0.0, "transit_norm": 0.334, "cluster": 2 }, "geometry": { "type": "Polygon", "coordinates": [ [ [ 55.296619788534848, 25.288655423981808 ], [ 55.29658825373096, 25.290912106579619 ], [ 55.29907049470809, 25.290940756726283 ], [ 55.299101983612971, 25.288684071218825 ], [ 55.296619788534848, 25.288655423981808 ] ] ] } },
{ "type": "Feature", "properties": { "cell_id": 220, "district": "deira", "gius": 0.109, "walkability_norm": 0.102, "services_norm": 0.0, "transit_norm": 0.225, "cluster": 2 }, "geometry": { "type": "Polygon", "coordinates": [ [ [ 55.29658825373096, 25.290912106579619 ], [ 55.296556715130876, 25.293168788450313 ], [ 55.299039002012542, 25.29319744150672 ], [ 55.29907049470809, 25.290940756726283 ], [ 55.29658825373096, 25.290912106579619 ] ] ] } },
{ "type": "Feature", "properties": { "cell_id": 221, "district": "deira", "gius": 0.042, "walkability_norm": 0.01, "services_norm": 0.0, "transit_norm": 0.116, "cluster": 2 }, "geometry": { "type": "Polygon", "coordinates": [ [ [ 55.296556715130876, 25.293168788450313 ], [ 55.296525172734299, 25.295425469593841 ], [ 55.299007505526021, 25.295454125560099 ], [ 55.299039002012542, 25.29319744150672 ], [ 55.296556715130876, 25.293168788450313 ] ] ] } },
{ "type": "Feature", "properties": { "cell_id": 222, "district": "deira", "gius": 0.035, "walkability_norm": 0.092, "services_norm": 0.0, "transit_norm": 0.013, "cluster": 2 }, "geometry": { "type": "Polygon", "coordinates": [ [ [ 55.296525172734299, 25.295425469593841 ], [ 55.296493626540915, 25.297682150010143 ], [ 55.298976005248221, 25.297710808886357 ], [ 55.299007505526021, 25.295454125560099 ], [ 55.296525172734299, 25.295425469593841 ] ] ] } },
{ "type": "Feature", "properties": { "cell_id": 223, "district": "deira", "gius": 0.044, "walkability_norm": 0.133, "services_norm": 0.0, "transit_norm": 0.0, "cluster": 2 }, "geometry": { "type": "Polygon", "coordinates": [ [ [ 55.296493626540915, 25.297682150010143 ], [ 55.296462076550426, 25.299938829699187 ], [ 55.298944501178831, 25.299967491485461 ], [ 55.298976005248221, 25.297710808886357 ], [ 55.296493626540915, 25.297682150010143 ] ] ] } },
{ "type": "Feature", "properties": { "cell_id": 224, "district": "deira", "gius": 0.0, "walkability_norm": 0.0, "services_norm": 0.0, "transit_norm": 0.0, "cluster": 2 }, "geometry": { "type": "Polygon", "coordinates": [ [ [ 55.296462076550426, 25.299938829699187 ], [ 55.296430522762513, 25.302195508660908 ], [ 55.298912993317551, 25.302224173357352 ], [ 55.298944501178831, 25.299967491485461 ], [ 55.296462076550426, 25.299938829699187 ] ] ] } },
{ "type": "Feature", "properties": { "cell_id": 225, "district": "deira", "gius": 0.561, "walkability_norm": 0.316, "services_norm": 0.548, "transit_norm": 0.817, "cluster": 1 }, "geometry": { "type": "Polygon", "coordinates": [ [ [ 55.299793781101265, 25.23903680622071 ], [ 55.299762375513616, 25.24129350770993 ], [ 55.302243611771281, 25.241322052224085 ], [ 55.302274971580992, 25.239065347831755 ], [ 55.299793781101265, 25.23903680622071 ] ] ] } },
{ "type": "Feature", "properties": { "cell_id": 226, "district": "deira", "gius": 0.765, "walkability_norm": 0.643, "services_norm": 0.774, "transit_norm": 0.879, "cluster": 3 }, "geometry": { "type": "Polygon", "coordinates": [ [ [ 55.299762375513616, 25.24129350770993 ], [ 55.299730966142029, 25.24355020847322 ], [ 55.302212248183146, 25.243578755890589 ], [ 55.302243611771281, 25.241322052224085 ], [ 55.299762375513616, 25.24129350770993 ] ] ] } },
{ "type": "Feature", "properties": { "cell_id": 227, "district": "deira", "gius": 0.733, "walkability_norm": 0.408, "services_norm": 0.839, "transit_norm": 0.951, "cluster": 3 }, "geometry": { "type": "Polygon", "coordinates": [ [ [ 55.299730966142029, 25.24355020847322 ], [ 55.299699552986198, 25.245806908510552 ], [ 55.30218088081628, 25.245835458831227 ], [ 55.302212248183146, 25.243578755890589 ], [ 55.299730966142029, 25.24355020847322 ] ] ] } },
{ "type": "Feature", "properties": { "cell_id": 228, "district": "deira", "gius": 0.777, "walkability_norm": 0.602, "services_norm": 0.774, "transit_norm": 0.953, "cluster": 3 }, "geometry": { "type": "Polygon", "coordinates": [ [ [ 55.299699552986198, 25.245806908510552 ], [ 55.299668136045831, 25.248063607821845 ], [ 55.302149509670386, 25.24809216104595 ], [ 55.30218088081628, 25.245835458831227 ], [ 55.299699552986198, 25.245806908510552 ] ] ] } },
{ "type": "Feature", "properties": { "cell_id": 229, "district": "deira", "gius": 0.693, "walkability_norm": 0.337, "services_norm": 0.742, "transit_norm": 1.0, "cluster": 3 }, "geometry": { "type": "Polygon", "coordinates": [ [ [ 55.299668136045831, 25.248063607821845 ], [ 55.299636715320595, 25.250320306407069 ], [ 55.30211813474515, 25.250348862534697 ], [ 55.302149509670386, 25.24809216104595 ], [ 55.299668136045831, 25.248063607821845 ] ] ] } },
{ "type": "Feature", "properties": { "cell_id": 230, "district": "deira", "gius": 0.629, "walkability_norm": 0.582, "services_norm": 0.355, "transit_norm": 0.95, "cluster": 1 }, "geometry": { "type": "Polygon", "coordinates": [ [ [ 55.299636715320595, 25.250320306407069 ], [ 55.299605290810213, 25.252577004266175 ], [ 55.302086756040268, 25.252605563297436 ], [ 55.30211813474515, 25.250348862534697 ], [ 55.299636715320595, 25.250320306407069 ] ] ] } },
{ "type": "Feature", "properties": { "cell_id": 231, "district": "deira", "gius": 0.733, "walkability_norm": 0.429, "services_norm": 0.839, "transit_norm": 0.932, "cluster": 3 }, "geometry": { "type": "Polygon", "coordinates": [ [ [ 55.299605290810213, 25.252577004266175 ], [ 55.299573862514364, 25.254833701399107 ], [ 55.302055373555447, 25.2548622633341 ], [ 55.302086756040268, 25.252605563297436 ], [ 55.299605290810213, 25.252577004266175 ] ] ] } },
{ "type": "Feature", "properties": { "cell_id": 232, "district": "deira", "gius": 0.905, "walkability_norm": 0.714, "services_norm": 1.0, "transit_norm": 1.0, "cluster": 3 }, "geometry": { "type": "Polygon", "coordinates": [ [ [ 55.299573862514364, 25.254833701399107 ], [ 55.299542430432744, 25.257090397805818 ], [ 55.302023987290362, 25.257118962644654 ], [ 55.302055373555447, 25.2548622633341 ], [ 55.299573862514364, 25.254833701399107 ] ] ] } },
{ "type": "Feature", "properties": { "cell_id": 233, "district": "deira", "gius": 0.805, "walkability_norm": 0.459, "services_norm": 1.0, "transit_norm": 0.957, "cluster": 3 }, "geometry": { "type": "Polygon", "coordinates": [ [ [ 55.299542430432744, 25.257090397805818 ], [ 55.299510994565054, 25.259347093486259 ], [ 55.30199259724472, 25.25937566122904 ], [ 55.302023987290362, 25.257118962644654 ], [ 55.299542430432744, 25.257090397805818 ] ] ] } },
{ "type": "Feature", "properties": { "cell_id": 234, "district": "deira", "gius": 0.779, "walkability_norm": 0.48, "services_norm": 0.871, "transit_norm": 0.987, "cluster": 3 }, "geometry": { "type": "Polygon", "coordinates": [ [ [ 55.299510994565054, 25.259347093486259 ], [ 55.299479554910974, 25.261603788440382 ], [ 55.301961203418209, 25.261632359087205 ], [ 55.30199259724472, 25.25937566122904 ], [ 55.299510994565054, 25.259347093486259 ] ] ] } },
{ "type": "Feature", "properties": { "cell_id": 235, "district": "deira", "gius": 0.844, "walkability_norm": 1.0, "services_norm": 0.548, "transit_norm": 0.985, "cluster": 3 }, "geometry": { "type": "Polygon", "coordinates": [ [ [ 55.299479554910974, 25.261603788440382 ], [ 55.299448111470213, 25.263860482668132 ], [ 55.301929805810531, 25.26388905621911 ], [ 55.301961203418209, 25.261632359087205 ], [ 55.299479554910974, 25.261603788440382 ] ] ] } },
{ "type": "Feature", "properties": { "cell_id": 236, "district": "deira", "gius": 0.742, "walkability_norm": 1.0, "services_norm": 0.226, "transit_norm": 1.0, "cluster": 1 }, "geometry": { "type": "Polygon", "coordinates": [ [ [ 55.299448111470213, 25.263860482668132 ], [ 55.299416664242457, 25.266117176169463 ], [ 55.301898404421379, 25.266145752624695 ], [ 55.301929805810531, 25.26388905621911 ], [ 55.299448111470213, 25.263860482668132 ] ] ] } },
{ "type": "Feature", "properties": { "cell_id": 237, "district": "deira", "gius": 0.599, "walkability_norm": 0.378, "services_norm": 0.419, "transit_norm": 1.0, "cluster": 1 }, "geometry": { "type": "Polygon", "coordinates": [ [ [ 55.299416664242457, 25.266117176169463 ], [ 55.299385213227403, 25.268373868944323 ], [ 55.301866999250443, 25.26840244830392 ], [ 55.301898404421379, 25.266145752624695 ], [ 55.299416664242457, 25.266117176169463 ] ] ] } },
{ "type": "Feature", "properties": { "cell_id": 238, "district": "deira", "gius": 0.913, "walkability_norm": 1.0, "services_norm": 0.806, "transit_norm": 0.934, "cluster": 3 }, "geometry": { "type": "Polygon", "coordinates": [ [ [ 55.299385213227403, 25.268373868944323 ], [ 55.299353758424743, 25.270630560992672 ], [ 55.301835590297422, 25.270659143256733 ], [ 55.301866999250443, 25.26840244830392 ], [ 55.299385213227403, 25.268373868944323 ] ] ] } },
{ "type": "Feature", "properties": { "cell_id": 239, "district": "deira", "gius": 0.895, "walkability_norm": 1.0, "services_norm": 0.774, "transit_norm": 0.911, "cluster": 3 }, "geometry": { "type": "Polygon", "coordinates": [ [ [ 55.299353758424743, 25.270630560992672 ], [ 55.299322299834181, 25.272887252314444 ], [ 55.301804177562005, 25.272915837483069 ], [ 55.301835590297422, 25.270659143256733 ], [ 55.299353758424743, 25.270630560992672 ] ] ] } },
{ "type": "Feature", "properties": { "cell_id": 240, "district": "deira", "gius": 0.901, "walkability_norm": 1.0, "services_norm": 0.774, "transit_norm": 0.93, "cluster": 3 }, "geometry": { "type": "Polygon", "coordinates": [ [ [ 55.299322299834181, 25.272887252314444 ], [ 55.299290837455388, 25.275143942909601 ], [ 55.3017727610439, 25.275172530982907 ], [ 55.301804177562005, 25.272915837483069 ], [ 55.299322299834181, 25.272887252314444 ] ] ] } },
{ "type": "Feature", "properties": { "cell_id": 241, "district": "deira", "gius": 0.687, "walkability_norm": 0.663, "services_norm": 0.419, "transit_norm": 0.979, "cluster": 1 }, "geometry": { "type": "Polygon", "coordinates": [ [ [ 55.299290837455388, 25.275143942909601 ], [ 55.29925937128808, 25.277400632778093 ], [ 55.30174134074278, 25.277429223756176 ], [ 55.3017727610439, 25.275172530982907 ], [ 55.299290837455388, 25.275143942909601 ] ] ] } },
{ "type": "Feature", "properties": { "cell_id": 242, "district": "deira", "gius": 0.393, "walkability_norm": 0.245, "services_norm": 0.032, "transit_norm": 0.902, "cluster": 0 }, "geometry": { "type": "Polygon", "coordinates": [ [ [ 55.29925937128808, 25.277400632778093 ], [ 55.299227901331939, 25.279657321919874 ], [ 55.301709916658353, 25.27968591580284 ], [ 55.30174134074278, 25.277429223756176 ], [ 55.29925937128808, 25.277400632778093 ] ] ] } },
{ "type": "Feature", "properties": { "cell_id": 243, "district": "deira", "gius": 0.268, "walkability_norm": 0.01, "services_norm": 0.0, "transit_norm": 0.795, "cluster": 0 }, "geometry": { "type": "Polygon", "coordinates": [ [ [ 55.299227901331939, 25.279657321919874 ], [ 55.299196427586665, 25.281914010334884 ], [ 55.301678488790316, 25.281942607122836 ], [ 55.301709916658353, 25.27968591580284 ], [ 55.299227901331939, 25.279657321919874 ] ] ] } },
{ "type": "Feature", "properties": { "cell_id": 244, "district": "deira", "gius": 0.351, "walkability_norm": 0.367, "services_norm": 0.0, "transit_norm": 0.685, "cluster": 0 }, "geometry": { "type": "Polygon", "coordinates": [ [ [ 55.299196427586665, 25.281914010334884 ], [ 55.299164950051946, 25.284170698023082 ], [ 55.301647057138354, 25.284199297716125 ], [ 55.301678488790316, 25.281942607122836 ], [ 55.299196427586665, 25.281914010334884 ] ] ] } },
{ "type": "Feature", "properties": { "cell_id": 245, "district": "deira", "gius": 0.358, "walkability_norm": 0.5, "services_norm": 0.0, "transit_norm": 0.574, "cluster": 0 }, "geometry": { "type": "Polygon", "coordinates": [ [ [ 55.299164950051946, 25.284170698023082 ], [ 55.299133468727483, 25.28642738498441 ], [ 55.301615621702169, 25.286455987582652 ], [ 55.301647057138354, 25.284199297716125 ], [ 55.299164950051946, 25.284170698023082 ] ] ] } },
{ "type": "Feature", "properties": { "cell_id": 246, "district": "deira", "gius": 0.224, "walkability_norm": 0.204, "services_norm": 0.0, "transit_norm": 0.467, "cluster": 2 }, "geometry": { "type": "Polygon", "coordinates": [ [ [ 55.299133468727483, 25.28642738498441 ], [ 55.299101983612971, 25.288684071218825 ], [ 55.301584182481442, 25.288712676722362 ], [ 55.301615621702169, 25.286455987582652 ], [ 55.299133468727483, 25.28642738498441 ] ] ] } },
{ "type": "Feature", "properties": { "cell_id": 247, "district": "deira", "gius": 0.194, "walkability_norm": 0.214, "services_norm": 0.0, "transit_norm": 0.366, "cluster": 2 }, "geometry": { "type": "Polygon", "coordinates": [ [ [ 55.299101983612971, 25.288684071218825 ], [ 55.29907049470809, 25.290940756726283 ], [ 55.301552739475888, 25.290969365135219 ], [ 55.301584182481442, 25.288712676722362 ], [ 55.299101983612971, 25.288684071218825 ] ] ] } },
{ "type": "Feature", "properties": { "cell_id": 248, "district": "deira", "gius": 0.128, "walkability_norm": 0.122, "services_norm": 0.0, "transit_norm": 0.263, "cluster": 2 }, "geometry": { "type": "Polygon", "coordinates": [ [ [ 55.29907049470809, 25.290940756726283 ], [ 55.299039002012542, 25.29319744150672 ], [ 55.301521292685173, 25.293226052821172 ], [ 55.301552739475888, 25.290969365135219 ], [ 55.29907049470809, 25.290940756726283 ] ] ] } },
{ "type": "Feature", "properties": { "cell_id": 249, "district": "deira", "gius": 0.076, "walkability_norm": 0.071, "services_norm": 0.0, "transit_norm": 0.157, "cluster": 2 }, "geometry": { "type": "Polygon", "coordinates": [ [ [ 55.299039002012542, 25.29319744150672 ], [ 55.299007505526021, 25.295454125560099 ], [ 55.301489842109021, 25.295482739780162 ], [ 55.301521292685173, 25.293226052821172 ], [ 55.299039002012542, 25.29319744150672 ] ] ] } },
{ "type": "Feature", "properties": { "cell_id": 250, "district": "deira", "gius": 0.041, "walkability_norm": 0.071, "services_norm": 0.0, "transit_norm": 0.05, "cluster": 2 }, "geometry": { "type": "Polygon", "coordinates": [ [ [ 55.299007505526021, 25.295454125560099 ], [ 55.298976005248221, 25.297710808886357 ], [ 55.301458387747104, 25.297739426012143 ], [ 55.301489842109021, 25.295482739780162 ], [ 55.299007505526021, 25.295454125560099 ] ] ] } },
{ "type": "Feature", "properties": { "cell_id": 251, "district": "deira", "gius": 0.024, "walkability_norm": 0.071, "services_norm": 0.0, "transit_norm": 0.0, "cluster": 2 }, "geometry": { "type": "Polygon", "coordinates": [ [ [ 55.298976005248221, 25.297710808886357 ], [ 55.298944501178831, 25.299967491485461 ], [ 55.301426929599131, 25.299996111517071 ], [ 55.301458387747104, 25.297739426012143 ], [ 55.298976005248221, 25.297710808886357 ] ] ] } },
{ "type": "Feature", "properties": { "cell_id": 252, "district": "deira", "gius": 0.0, "walkability_norm": 0.0, "services_norm": 0.0, "transit_norm": 0.0, "cluster": 2 }, "geometry": { "type": "Polygon", "coordinates": [ [ [ 55.298944501178831, 25.299967491485461 ], [ 55.298912993317551, 25.302224173357352 ], [ 55.301395467664783, 25.302252796294884 ], [ 55.301426929599131, 25.299996111517071 ], [ 55.298944501178831, 25.299967491485461 ] ] ] } },
{ "type": "Feature", "properties": { "cell_id": 253, "district": "deira", "gius": 0.6, "walkability_norm": 0.408, "services_norm": 0.548, "transit_norm": 0.842, "cluster": 1 }, "geometry": { "type": "Polygon", "coordinates": [ [ [ 55.302274971580992, 25.239065347831755 ], [ 55.302243611771281, 25.241322052224085 ], [ 55.304724851807372, 25.241350555093454 ], [ 55.304756165838839, 25.239093847802245 ], [ 55.302274971580992, 25.239065347831755 ] ] ] } },
{ "type": "Feature", "properties": { "cell_id": 254, "district": "deira", "gius": 0.896, "walkability_norm": 1.0, "services_norm": 0.742, "transit_norm": 0.945, "cluster": 3 }, "geometry": { "type": "Polygon", "coordinates": [ [ [ 55.302243611771281, 25.241322052224085 ], [ 55.302212248183146, 25.243578755890589 ], [ 55.304693534002993, 25.243607261658941 ], [ 55.304724851807372, 25.241350555093454 ], [ 55.302243611771281, 25.241322052224085 ] ] ] } },
{ "type": "Feature", "properties": { "cell_id": 255, "district": "deira", "gius": 0.907, "walkability_norm": 0.786, "services_norm": 0.935, "transit_norm": 1.0, "cluster": 3 }, "geometry": { "type": "Polygon", "coordinates": [ [ [ 55.302212248183146, 25.243578755890589 ], [ 55.30218088081628, 25.245835458831227 ], [ 55.304662212425399, 25.245863967498661 ], [ 55.304693534002993, 25.243607261658941 ], [ 55.302212248183146, 25.243578755890589 ] ] ] } },
{ "type": "Feature", "properties": { "cell_id": 256, "district": "deira", "gius": 0.9, "walkability_norm": 0.745, "services_norm": 1.0, "transit_norm": 0.955, "cluster": 3 }, "geometry": { "type": "Polygon", "coordinates": [ [ [ 55.30218088081628, 25.245835458831227 ], [ 55.302149509670386, 25.24809216104595 ], [ 55.304630887074282, 25.248120672612572 ], [ 55.304662212425399, 25.245863967498661 ], [ 55.30218088081628, 25.245835458831227 ] ] ] } },
{ "type": "Feature", "properties": { "cell_id": 257, "district": "deira", "gius": 0.835, "walkability_norm": 0.694, "services_norm": 0.903, "transit_norm": 0.907, "cluster": 3 }, "geometry": { "type": "Polygon", "coordinates": [ [ [ 55.302149509670386, 25.24809216104595 ], [ 55.30211813474515, 25.250348862534697 ], [ 55.304599557949345, 25.250377377000614 ], [ 55.304630887074282, 25.248120672612572 ], [ 55.302149509670386, 25.24809216104595 ] ] ] } },
{ "type": "Feature", "properties": { "cell_id": 258, "district": "deira", "gius": 0.753, "walkability_norm": 0.684, "services_norm": 0.581, "transit_norm": 0.994, "cluster": 3 }, "geometry": { "type": "Polygon", "coordinates": [ [ [ 55.30211813474515, 25.250348862534697 ], [ 55.302086756040268, 25.252605563297436 ], [ 55.304568225050275, 25.252634080662741 ], [ 55.304599557949345, 25.250377377000614 ], [ 55.30211813474515, 25.250348862534697 ] ] ] } },
{ "type": "Feature", "properties": { "cell_id": 259, "district": "deira", "gius": 0.816, "walkability_norm": 0.673, "services_norm": 0.774, "transit_norm": 1.0, "cluster": 3 }, "geometry": { "type": "Polygon", "coordinates": [ [ [ 55.302086756040268, 25.252605563297436 ], [ 55.302055373555447, 25.2548622633341 ], [ 55.304536888376774, 25.25489078359891 ], [ 55.304568225050275, 25.252634080662741 ], [ 55.302086756040268, 25.252605563297436 ] ] ] } },
{ "type": "Feature", "properties": { "cell_id": 260, "district": "deira", "gius": 0.864, "walkability_norm": 0.653, "services_norm": 0.968, "transit_norm": 0.972, "cluster": 3 }, "geometry": { "type": "Polygon", "coordinates": [ [ [ 55.302055373555447, 25.2548622633341 ], [ 55.302023987290362, 25.257118962644654 ], [ 55.304505547928535, 25.25714748580906 ], [ 55.304536888376774, 25.25489078359891 ], [ 55.302055373555447, 25.2548622633341 ] ] ] } },
{ "type": "Feature", "properties": { "cell_id": 261, "district": "deira", "gius": 0.711, "walkability_norm": 0.286, "services_norm": 0.903, "transit_norm": 0.945, "cluster": 3 }, "geometry": { "type": "Polygon", "coordinates": [ [ [ 55.302023987290362, 25.257118962644654 ], [ 55.30199259724472, 25.25937566122904 ], [ 55.304474203705247, 25.259404187293153 ], [ 55.304505547928535, 25.25714748580906 ], [ 55.302023987290362, 25.257118962644654 ] ] ] } },
{ "type": "Feature", "properties": { "cell_id": 262, "district": "deira", "gius": 0.7, "walkability_norm": 0.673, "services_norm": 0.452, "transit_norm": 0.974, "cluster": 1 }, "geometry": { "type": "Polygon", "coordinates": [ [ [ 55.30199259724472, 25.25937566122904 ], [ 55.301961203418209, 25.261632359087205 ], [ 55.304442855706618, 25.261660888051139 ], [ 55.304474203705247, 25.259404187293153 ], [ 55.30199259724472, 25.25937566122904 ] ] ] } },
{ "type": "Feature", "properties": { "cell_id": 263, "district": "deira", "gius": 0.462, "walkability_norm": 0.153, "services_norm": 0.323, "transit_norm": 0.91, "cluster": 0 }, "geometry": { "type": "Polygon", "coordinates": [ [ [ 55.301961203418209, 25.261632359087205 ], [ 55.301929805810531, 25.26388905621911 ], [ 55.304411503932329, 25.263917588082954 ], [ 55.304442855706618, 25.261660888051139 ], [ 55.301961203418209, 25.261632359087205 ] ] ] } },
{ "type": "Feature", "properties": { "cell_id": 264, "district": "deira", "gius": 0.504, "walkability_norm": 0.194, "services_norm": 0.387, "transit_norm": 0.932, "cluster": 0 }, "geometry": { "type": "Polygon", "coordinates": [ [ [ 55.301929805810531, 25.26388905621911 ], [ 55.301898404421379, 25.266145752624695 ], [ 55.30438014838208, 25.266174287388559 ], [ 55.304411503932329, 25.263917588082954 ], [ 55.301929805810531, 25.26388905621911 ] ] ] } },
{ "type": "Feature", "properties": { "cell_id": 265, "district": "deira", "gius": 0.704, "walkability_norm": 0.5, "services_norm": 0.613, "transit_norm": 1.0, "cluster": 3 }, "geometry": { "type": "Polygon", "coordinates": [ [ [ 55.301898404421379, 25.266145752624695 ], [ 55.301866999250443, 25.26840244830392 ], [ 55.304348789055574, 25.26843098596791 ], [ 55.30438014838208, 25.266174287388559 ], [ 55.301898404421379, 25.266145752624695 ] ] ] } },
{ "type": "Feature", "properties": { "cell_id": 266, "district": "deira", "gius": 0.978, "walkability_norm": 1.0, "services_norm": 0.935, "transit_norm": 1.0, "cluster": 3 }, "geometry": { "type": "Polygon", "coordinates": [ [ [ 55.301866999250443, 25.26840244830392 ], [ 55.301835590297422, 25.270659143256733 ], [ 55.304317425952497, 25.270687683820949 ], [ 55.304348789055574, 25.26843098596791 ], [ 55.301866999250443, 25.26840244830392 ] ] ] } },
{ "type": "Feature", "properties": { "cell_id": 267, "district": "deira", "gius": 1.0, "walkability_norm": 1.0, "services_norm": 1.0, "transit_norm": 1.0, "cluster": 3 }, "geometry": { "type": "Polygon", "coordinates": [ [ [ 55.301835590297422, 25.270659143256733 ], [ 55.301804177562005, 25.272915837483069 ], [ 55.304286059072538, 25.272944380947632 ], [ 55.304317425952497, 25.270687683820949 ], [ 55.301835590297422, 25.270659143256733 ] ] ] } },
{ "type": "Feature", "properties": { "cell_id": 268, "district": "deira", "gius": 0.951, "walkability_norm": 1.0, "services_norm": 0.903, "transit_norm": 0.949, "cluster": 3 }, "geometry": { "type": "Polygon", "coordinates": [ [ [ 55.301804177562005, 25.272915837483069 ], [ 55.3017727610439, 25.275172530982907 ], [ 55.304254688415412, 25.275201077347898 ], [ 55.304286059072538, 25.272944380947632 ], [ 55.301804177562005, 25.272915837483069 ] ] ] } },
{ "type": "Feature", "properties": { "cell_id": 269, "district": "deira", "gius": 0.776, "walkability_norm": 0.908, "services_norm": 0.419, "transit_norm": 1.0, "cluster": 1 }, "geometry": { "type": "Polygon", "coordinates": [ [ [ 55.3017727610439, 25.275172530982907 ], [ 55.30174134074278, 25.277429223756176 ], [ 55.304223313980792, 25.277457773021712 ], [ 55.304254688415412, 25.275201077347898 ], [ 55.3017727610439, 25.275172530982907 ] ] ] } },
{ "type": "Feature", "properties": { "cell_id": 270, "district": "deira", "gius": 0.563, "walkability_norm": 0.724, "services_norm": 0.065, "transit_norm": 0.899, "cluster": 1 }, "geometry": { "type": "Polygon", "coordinates": [ [ [ 55.30174134074278, 25.277429223756176 ], [ 55.301709916658353, 25.27968591580284 ], [ 55.304191935768387, 25.279714467969018 ], [ 55.304223313980792, 25.277457773021712 ], [ 55.30174134074278, 25.277429223756176 ] ] ] } },
{ "type": "Feature", "properties": { "cell_id": 271, "district": "deira", "gius": 0.29, "walkability_norm": 0.031, "services_norm": 0.032, "transit_norm": 0.808, "cluster": 0 }, "geometry": { "type": "Polygon", "coordinates": [ [ [ 55.301709916658353, 25.27968591580284 ], [ 55.301678488790316, 25.281942607122836 ], [ 55.304160553777884, 25.281971162189766 ], [ 55.304191935768387, 25.279714467969018 ], [ 55.301709916658353, 25.27968591580284 ] ] ] } },
{ "type": "Feature", "properties": { "cell_id": 272, "district": "deira", "gius": 0.276, "walkability_norm": 0.112, "services_norm": 0.0, "transit_norm": 0.717, "cluster": 0 }, "geometry": { "type": "Polygon", "coordinates": [ [ [ 55.301678488790316, 25.281942607122836 ], [ 55.301647057138354, 25.284199297716125 ], [ 55.304129168008984, 25.284227855683906 ], [ 55.304160553777884, 25.281971162189766 ], [ 55.301678488790316, 25.281942607122836 ] ] ] } },
{ "type": "Feature", "properties": { "cell_id": 273, "district": "deira", "gius": 0.307, "walkability_norm": 0.306, "services_norm": 0.0, "transit_norm": 0.616, "cluster": 0 }, "geometry": { "type": "Polygon", "coordinates": [ [ [ 55.301647057138354, 25.284199297716125 ], [ 55.301615621702169, 25.286455987582652 ], [ 55.304097778461376, 25.286484548451394 ], [ 55.304129168008984, 25.284227855683906 ], [ 55.301647057138354, 25.284199297716125 ] ] ] } },
{ "type": "Feature", "properties": { "cell_id": 274, "district": "deira", "gius": 0.391, "walkability_norm": 0.663, "services_norm": 0.0, "transit_norm": 0.511, "cluster": 1 }, "geometry": { "type": "Polygon", "coordinates": [ [ [ 55.301615621702169, 25.286455987582652 ], [ 55.301584182481442, 25.288712676722362 ], [ 55.30406638513476, 25.288741240492165 ], [ 55.304097778461376, 25.286484548451394 ], [ 55.301615621702169, 25.286455987582652 ] ] ] } },
{ "type": "Feature", "properties": { "cell_id": 275, "district": "deira", "gius": 0.209, "walkability_norm": 0.224, "services_norm": 0.0, "transit_norm": 0.403, "cluster": 2 }, "geometry": { "type": "Polygon", "coordinates": [ [ [ 55.301584182481442, 25.288712676722362 ], [ 55.301552739475888, 25.290969365135219 ], [ 55.304034988028818, 25.290997931806192 ], [ 55.30406638513476, 25.288741240492165 ], [ 55.301584182481442, 25.288712676722362 ] ] ] } },
{ "type": "Feature", "properties": { "cell_id": 276, "district": "deira", "gius": 0.131, "walkability_norm": 0.092, "services_norm": 0.0, "transit_norm": 0.3, "cluster": 2 }, "geometry": { "type": "Polygon", "coordinates": [ [ [ 55.301552739475888, 25.290969365135219 ], [ 55.301521292685173, 25.293226052821172 ], [ 55.304003587143264, 25.29325462239342 ], [ 55.304034988028818, 25.290997931806192 ], [ 55.301552739475888, 25.290969365135219 ] ] ] } },
{ "type": "Feature", "properties": { "cell_id": 277, "district": "deira", "gius": 0.11, "walkability_norm": 0.133, "services_norm": 0.0, "transit_norm": 0.196, "cluster": 2 }, "geometry": { "type": "Polygon", "coordinates": [ [ [ 55.301521292685173, 25.293226052821172 ], [ 55.301489842109021, 25.295482739780162 ], [ 55.303972182477779, 25.295511312253783 ], [ 55.304003587143264, 25.29325462239342 ], [ 55.301521292685173, 25.293226052821172 ] ] ] } },
{ "type": "Feature", "properties": { "cell_id": 278, "district": "deira", "gius": 0.065, "walkability_norm": 0.082, "services_norm": 0.0, "transit_norm": 0.113, "cluster": 2 }, "geometry": { "type": "Polygon", "coordinates": [ [ [ 55.301489842109021, 25.295482739780162 ], [ 55.301458387747104, 25.297739426012143 ], [ 55.303940774032057, 25.297768001387247 ], [ 55.303972182477779, 25.295511312253783 ], [ 55.301489842109021, 25.295482739780162 ] ] ] } },
{ "type": "Feature", "properties": { "cell_id": 279, "district": "deira", "gius": 0.058, "walkability_norm": 0.143, "services_norm": 0.0, "transit_norm": 0.03, "cluster": 2 }, "geometry": { "type": "Polygon", "coordinates": [ [ [ 55.301458387747104, 25.297739426012143 ], [ 55.301426929599131, 25.299996111517071 ], [ 55.3039093618058, 25.300024689793755 ], [ 55.303940774032057, 25.297768001387247 ], [ 55.301458387747104, 25.297739426012143 ] ] ] } },
{ "type": "Feature", "properties": { "cell_id": 280, "district": "deira", "gius": 0.0, "walkability_norm": 0.0, "services_norm": 0.0, "transit_norm": 0.0, "cluster": 2 }, "geometry": { "type": "Polygon", "coordinates": [ [ [ 55.301426929599131, 25.299996111517071 ], [ 55.301395467664783, 25.302252796294884 ], [ 55.303877945798689, 25.30228137747326 ], [ 55.3039093618058, 25.300024689793755 ], [ 55.301426929599131, 25.299996111517071 ] ] ] } },
{ "type": "Feature", "properties": { "cell_id": 281, "district": "deira", "gius": 0.484, "walkability_norm": 0.163, "services_norm": 0.452, "transit_norm": 0.839, "cluster": 0 }, "geometry": { "type": "Polygon", "coordinates": [ [ [ 55.304756165838839, 25.239093847802245 ], [ 55.304724851807372, 25.241350555093454 ], [ 55.307206095616372, 25.241379016317797 ], [ 55.307237363869298, 25.239122306131954 ], [ 55.304756165838839, 25.239093847802245 ] ] ] } },
{ "type": "Feature", "properties": { "cell_id": 282, "district": "deira", "gius": 0.858, "walkability_norm": 0.959, "services_norm": 0.677, "transit_norm": 0.937, "cluster": 3 }, "geometry": { "type": "Polygon", "coordinates": [ [ [ 55.304724851807372, 25.241350555093454 ], [ 55.304693534002993, 25.243607261658941 ], [ 55.307174823596057, 25.243635725778027 ], [ 55.307206095616372, 25.241379016317797 ], [ 55.304724851807372, 25.241350555093454 ] ] ] } },
{ "type": "Feature", "properties": { "cell_id": 283, "district": "deira", "gius": 0.948, "walkability_norm": 0.878, "services_norm": 0.968, "transit_norm": 1.0, "cluster": 3 }, "geometry": { "type": "Polygon", "coordinates": [ [ [ 55.304693534002993, 25.243607261658941 ], [ 55.304662212425399, 25.245863967498661 ], [ 55.307143547808032, 25.245892434512598 ], [ 55.307174823596057, 25.243635725778027 ], [ 55.304693534002993, 25.243607261658941 ] ] ] } },
{ "type": "Feature", "properties": { "cell_id": 284, "district": "deira", "gius": 0.834, "walkability_norm": 0.571, "services_norm": 1.0, "transit_norm": 0.931, "cluster": 3 }, "geometry": { "type": "Polygon", "coordinates": [ [ [ 55.304662212425399, 25.245863967498661 ], [ 55.304630887074282, 25.248120672612572 ], [ 55.307112268252006, 25.248149142521459 ], [ 55.307143547808032, 25.245892434512598 ], [ 55.304662212425399, 25.245863967498661 ] ] ] } },
{ "type": "Feature", "properties": { "cell_id": 285, "district": "deira", "gius": 0.849, "walkability_norm": 0.755, "services_norm": 0.903, "transit_norm": 0.89, "cluster": 3 }, "geometry": { "type": "Polygon", "coordinates": [ [ [ 55.304630887074282, 25.248120672612572 ], [ 55.304599557949345, 25.250377377000614 ], [ 55.307080984927673, 25.250405849804562 ], [ 55.307112268252006, 25.248149142521459 ], [ 55.304630887074282, 25.248120672612572 ] ] ] } },
{ "type": "Feature", "properties": { "cell_id": 286, "district": "deira", "gius": 0.759, "walkability_norm": 0.673, "services_norm": 0.677, "transit_norm": 0.927, "cluster": 3 }, "geometry": { "type": "Polygon", "coordinates": [ [ [ 55.304599557949345, 25.250377377000614 ], [ 55.304568225050275, 25.252634080662741 ], [ 55.307049697834721, 25.252662556361848 ], [ 55.307080984927673, 25.250405849804562 ], [ 55.304599557949345, 25.250377377000614 ] ] ] } },
{ "type": "Feature", "properties": { "cell_id": 287, "district": "deira", "gius": 0.742, "walkability_norm": 0.582, "services_norm": 0.645, "transit_norm": 1.0, "cluster": 3 }, "geometry": { "type": "Polygon", "coordinates": [ [ [ 55.304568225050275, 25.252634080662741 ], [ 55.304536888376774, 25.25489078359891 ], [ 55.307018406972844, 25.254919262193283 ], [ 55.307049697834721, 25.252662556361848 ], [ 55.304568225050275, 25.252634080662741 ] ] ] } },
{ "type": "Feature", "properties": { "cell_id": 288, "district": "deira", "gius": 0.709, "walkability_norm": 0.52, "services_norm": 0.613, "transit_norm": 0.993, "cluster": 3 }, "geometry": { "type": "Polygon", "coordinates": [ [ [ 55.304536888376774, 25.25489078359891 ], [ 55.304505547928535, 25.25714748580906 ], [ 55.306987112341751, 25.257175967298807 ], [ 55.307018406972844, 25.254919262193283 ], [ 55.304536888376774, 25.25489078359891 ] ] ] } },
{ "type": "Feature", "properties": { "cell_id": 289, "district": "deira", "gius": 0.56, "walkability_norm": 0.48, "services_norm": 0.258, "transit_norm": 0.942, "cluster": 1 }, "geometry": { "type": "Polygon", "coordinates": [ [ [ 55.304505547928535, 25.25714748580906 ], [ 55.304474203705247, 25.259404187293153 ], [ 55.306955813941123, 25.259432671678365 ], [ 55.306987112341751, 25.257175967298807 ], [ 55.304505547928535, 25.25714748580906 ] ] ] } },
{ "type": "Feature", "properties": { "cell_id": 290, "district": "deira", "gius": 0.571, "walkability_norm": 0.51, "services_norm": 0.226, "transit_norm": 0.977, "cluster": 1 }, "geometry": { "type": "Polygon", "coordinates": [ [ [ 55.304474203705247, 25.259404187293153 ], [ 55.304442855706618, 25.261660888051139 ], [ 55.306924511770674, 25.26168937533193 ], [ 55.306955813941123, 25.259432671678365 ], [ 55.304474203705247, 25.259404187293153 ] ] ] } },
{ "type": "Feature", "properties": { "cell_id": 291, "district": "deira", "gius": 0.457, "walkability_norm": 0.429, "services_norm": 0.065, "transit_norm": 0.879, "cluster": 1 }, "geometry": { "type": "Polygon", "coordinates": [ [ [ 55.304442855706618, 25.261660888051139 ], [ 55.304411503932329, 25.263917588082954 ], [ 55.306893205830079, 25.263946078259426 ], [ 55.306924511770674, 25.26168937533193 ], [ 55.304442855706618, 25.261660888051139 ] ] ] } },
{ "type": "Feature", "properties": { "cell_id": 292, "district": "deira", "gius": 0.482, "walkability_norm": 0.071, "services_norm": 0.452, "transit_norm": 0.923, "cluster": 0 }, "geometry": { "type": "Polygon", "coordinates": [ [ [ 55.304411503932329, 25.263917588082954 ], [ 55.30438014838208, 25.266174287388559 ], [ 55.306861896119045, 25.266202780460816 ], [ 55.306893205830079, 25.263946078259426 ], [ 55.304411503932329, 25.263917588082954 ] ] ] } },
{ "type": "Feature", "properties": { "cell_id": 293, "district": "deira", "gius": 0.764, "walkability_norm": 0.582, "services_norm": 0.71, "transit_norm": 1.0, "cluster": 3 }, "geometry": { "type": "Polygon", "coordinates": [ [ [ 55.30438014838208, 25.266174287388559 ], [ 55.304348789055574, 25.26843098596791 ], [ 55.306830582637268, 25.268459481936056 ], [ 55.306861896119045, 25.266202780460816 ], [ 55.30438014838208, 25.266174287388559 ] ] ] } },
{ "type": "Feature", "properties": { "cell_id": 294, "district": "deira", "gius": 0.986, "walkability_norm": 1.0, "services_norm": 1.0, "transit_norm": 0.958, "cluster": 3 }, "geometry": { "type": "Polygon", "coordinates": [ [ [ 55.304348789055574, 25.26843098596791 ], [ 55.304317425952497, 25.270687683820949 ], [ 55.306799265384434, 25.270716182685085 ], [ 55.306830582637268, 25.268459481936056 ], [ 55.304348789055574, 25.26843098596791 ] ] ] } },
{ "type": "Feature", "properties": { "cell_id": 295, "district": "deira", "gius": 0.896, "walkability_norm": 0.735, "services_norm": 1.0, "transit_norm": 0.953, "cluster": 3 }, "geometry": { "type": "Polygon", "coordinates": [ [ [ 55.304317425952497, 25.270687683820949 ], [ 55.304286059072538, 25.272944380947632 ], [ 55.306767944360246, 25.272972882707862 ], [ 55.306799265384434, 25.270716182685085 ], [ 55.304317425952497, 25.270687683820949 ] ] ] } },
{ "type": "Feature", "properties": { "cell_id": 296, "district": "deira", "gius": 0.975, "walkability_norm": 1.0, "services_norm": 1.0, "transit_norm": 0.925, "cluster": 3 }, "geometry": { "type": "Polygon", "coordinates": [ [ [ 55.304286059072538, 25.272944380947632 ], [ 55.304254688415412, 25.275201077347898 ], [ 55.306736619564411, 25.275229582004329 ], [ 55.306767944360246, 25.272972882707862 ], [ 55.304286059072538, 25.272944380947632 ] ] ] } },
{ "type": "Feature", "properties": { "cell_id": 297, "district": "deira", "gius": 0.986, "walkability_norm": 1.0, "services_norm": 1.0, "transit_norm": 0.957, "cluster": 3 }, "geometry": { "type": "Polygon", "coordinates": [ [ [ 55.304254688415412, 25.275201077347898 ], [ 55.304223313980792, 25.277457773021712 ], [ 55.306705290996597, 25.27748628057445 ], [ 55.306736619564411, 25.275229582004329 ], [ 55.304254688415412, 25.275201077347898 ] ] ] } },
{ "type": "Feature", "properties": { "cell_id": 298, "district": "deira", "gius": 0.788, "walkability_norm": 0.592, "services_norm": 0.806, "transit_norm": 0.966, "cluster": 3 }, "geometry": { "type": "Polygon", "coordinates": [ [ [ 55.304223313980792, 25.277457773021712 ], [ 55.304191935768387, 25.279714467969018 ], [ 55.306673958656518, 25.27974297841817 ], [ 55.306705290996597, 25.27748628057445 ], [ 55.304223313980792, 25.277457773021712 ] ] ] } },
{ "type": "Feature", "properties": { "cell_id": 299, "district": "deira", "gius": 0.408, "walkability_norm": 0.327, "services_norm": 0.032, "transit_norm": 0.864, "cluster": 0 }, "geometry": { "type": "Polygon", "coordinates": [ [ [ 55.304191935768387, 25.279714467969018 ], [ 55.304160553777884, 25.281971162189766 ], [ 55.306642622543855, 25.281999675535427 ], [ 55.306673958656518, 25.27974297841817 ], [ 55.304191935768387, 25.279714467969018 ] ] ] } },
{ "type": "Feature", "properties": { "cell_id": 300, "district": "deira", "gius": 0.255, "walkability_norm": 0.01, "services_norm": 0.0, "transit_norm": 0.754, "cluster": 0 }, "geometry": { "type": "Polygon", "coordinates": [ [ [ 55.304160553777884, 25.281971162189766 ], [ 55.304129168008984, 25.284227855683906 ], [ 55.306611282658324, 25.284256371926183 ], [ 55.306642622543855, 25.281999675535427 ], [ 55.304160553777884, 25.281971162189766 ] ] ] } },
{ "type": "Feature", "properties": { "cell_id": 301, "district": "deira", "gius": 0.343, "walkability_norm": 0.378, "services_norm": 0.0, "transit_norm": 0.652, "cluster": 0 }, "geometry": { "type": "Polygon", "coordinates": [ [ [ 55.304129168008984, 25.284227855683906 ], [ 55.304097778461376, 25.286484548451394 ], [ 55.306579938999604, 25.286513067590391 ], [ 55.306611282658324, 25.284256371926183 ], [ 55.304129168008984, 25.284227855683906 ] ] ] } },
{ "type": "Feature", "properties": { "cell_id": 302, "district": "deira", "gius": 0.336, "walkability_norm": 0.459, "services_norm": 0.0, "transit_norm": 0.55, "cluster": 0 }, "geometry": { "type": "Polygon", "coordinates": [ [ [ 55.304097778461376, 25.286484548451394 ], [ 55.30406638513476, 25.288741240492165 ], [ 55.306548591567392, 25.288769762527995 ], [ 55.306579938999604, 25.286513067590391 ], [ 55.304097778461376, 25.286484548451394 ] ] ] } },
{ "type": "Feature", "properties": { "cell_id": 303, "district": "deira", "gius": 0.247, "walkability_norm": 0.296, "services_norm": 0.0, "transit_norm": 0.445, "cluster": 2 }, "geometry": { "type": "Polygon", "coordinates": [ [ [ 55.30406638513476, 25.288741240492165 ], [ 55.304034988028818, 25.290997931806192 ], [ 55.306517240361387, 25.291026456738951 ], [ 55.306548591567392, 25.288769762527995 ], [ 55.30406638513476, 25.288741240492165 ] ] ] } },
{ "type": "Feature", "properties": { "cell_id": 304, "district": "deira", "gius": 0.225, "walkability_norm": 0.327, "services_norm": 0.0, "transit_norm": 0.348, "cluster": 2 }, "geometry": { "type": "Polygon", "coordinates": [ [ [ 55.304034988028818, 25.290997931806192 ], [ 55.304003587143264, 25.29325462239342 ], [ 55.306485885381285, 25.293283150223203 ], [ 55.306517240361387, 25.291026456738951 ], [ 55.304034988028818, 25.290997931806192 ] ] ] } },
{ "type": "Feature", "properties": { "cell_id": 305, "district": "deira", "gius": 0.111, "walkability_norm": 0.061, "services_norm": 0.0, "transit_norm": 0.271, "cluster": 2 }, "geometry": { "type": "Polygon", "coordinates": [ [ [ 55.304003587143264, 25.29325462239342 ], [ 55.303972182477779, 25.295511312253783 ], [ 55.306454526626773, 25.295539842980713 ], [ 55.306485885381285, 25.293283150223203 ], [ 55.304003587143264, 25.29325462239342 ] ] ] } },
{ "type": "Feature", "properties": { "cell_id": 306, "district": "deira", "gius": 0.09, "walkability_norm": 0.082, "services_norm": 0.0, "transit_norm": 0.187, "cluster": 2 }, "geometry": { "type": "Polygon", "coordinates": [ [ [ 55.303972182477779, 25.295511312253783 ], [ 55.303940774032057, 25.297768001387247 ], [ 55.306423164097552, 25.297796535011415 ], [ 55.306454526626773, 25.295539842980713 ], [ 55.303972182477779, 25.295511312253783 ] ] ] } },
{ "type": "Feature", "properties": { "cell_id": 307, "district": "deira", "gius": 0.056, "walkability_norm": 0.071, "services_norm": 0.0, "transit_norm": 0.097, "cluster": 2 }, "geometry": { "type": "Polygon", "coordinates": [ [ [ 55.303940774032057, 25.297768001387247 ], [ 55.3039093618058, 25.300024689793755 ], [ 55.30639179779331, 25.300053226315274 ], [ 55.306423164097552, 25.297796535011415 ], [ 55.303940774032057, 25.297768001387247 ] ] ] } },
{ "type": "Feature", "properties": { "cell_id": 308, "district": "deira", "gius": 0.436, "walkability_norm": 0.194, "services_norm": 0.258, "transit_norm": 0.856, "cluster": 0 }, "geometry": { "type": "Polygon", "coordinates": [ [ [ 55.307237363869298, 25.239122306131954 ], [ 55.307206095616372, 25.241379016317797 ], [ 55.309687343192778, 25.241407435896868 ], [ 55.309718565666842, 25.239150722820614 ], [ 55.307237363869298, 25.239122306131954 ] ] ] } },
{ "type": "Feature", "properties": { "cell_id": 309, "district": "deira", "gius": 0.693, "walkability_norm": 0.633, "services_norm": 0.548, "transit_norm": 0.899, "cluster": 1 }, "geometry": { "type": "Polygon", "coordinates": [ [ [ 55.307206095616372, 25.241379016317797 ], [ 55.307174823596057, 25.243635725778027 ], [ 55.309656116956823, 25.243664148247607 ], [ 55.309687343192778, 25.241407435896868 ], [ 55.307206095616372, 25.241379016317797 ] ] ] } },
{ "type": "Feature", "properties": { "cell_id": 310, "district": "deira", "gius": 0.956, "walkability_norm": 1.0, "services_norm": 0.871, "transit_norm": 0.996, "cluster": 3 }, "geometry": { "type": "Polygon", "coordinates": [ [ [ 55.307174823596057, 25.243635725778027 ], [ 55.307143547808032, 25.245892434512598 ], [ 55.30962488695868, 25.2459208598728 ], [ 55.309656116956823, 25.243664148247607 ], [ 55.307174823596057, 25.243635725778027 ] ] ] } },
{ "type": "Feature", "properties": { "cell_id": 311, "district": "deira", "gius": 0.761, "walkability_norm": 0.429, "services_norm": 0.871, "transit_norm": 0.983, "cluster": 3 }, "geometry": { "type": "Polygon", "coordinates": [ [ [ 55.307143547808032, 25.245892434512598 ], [ 55.307112268252006, 25.248149142521459 ], [ 55.309593653198043, 25.248177570772373 ], [ 55.30962488695868, 25.2459208598728 ], [ 55.307143547808032, 25.245892434512598 ] ] ] } },
{ "type": "Feature", "properties": { "cell_id": 312, "district": "deira", "gius": 0.803, "walkability_norm": 0.735, "services_norm": 0.71, "transit_norm": 0.964, "cluster": 3 }, "geometry": { "type": "Polygon", "coordinates": [ [ [ 55.307112268252006, 25.248149142521459 ], [ 55.307080984927673, 25.250405849804562 ], [ 55.309562415674613, 25.250434280946294 ], [ 55.309593653198043, 25.248177570772373 ], [ 55.307112268252006, 25.248149142521459 ] ] ] } },
{ "type": "Feature", "properties": { "cell_id": 313, "district": "deira", "gius": 0.62, "walkability_norm": 0.541, "services_norm": 0.355, "transit_norm": 0.964, "cluster": 1 }, "geometry": { "type": "Polygon", "coordinates": [ [ [ 55.307080984927673, 25.250405849804562 ], [ 55.307049697834721, 25.252662556361848 ], [ 55.309531174388077, 25.252690990394509 ], [ 55.309562415674613, 25.250434280946294 ], [ 55.307080984927673, 25.250405849804562 ] ] ] } },
{ "type": "Feature", "properties": { "cell_id": 314, "district": "deira", "gius": 0.72, "walkability_norm": 0.827, "services_norm": 0.355, "transit_norm": 0.977, "cluster": 1 }, "geometry": { "type": "Polygon", "coordinates": [ [ [ 55.307049697834721, 25.252662556361848 ], [ 55.307018406972844, 25.254919262193283 ], [ 55.309499929338138, 25.254947699116972 ], [ 55.309531174388077, 25.252690990394509 ], [ 55.307049697834721, 25.252662556361848 ] ] ] } },
{ "type": "Feature", "properties": { "cell_id": 315, "district": "deira", "gius": 0.669, "walkability_norm": 0.806, "services_norm": 0.226, "transit_norm": 0.976, "cluster": 1 }, "geometry": { "type": "Polygon", "coordinates": [ [ [ 55.307018406972844, 25.254919262193283 ], [ 55.306987112341751, 25.257175967298807 ], [ 55.309468680524496, 25.257204407113626 ], [ 55.309499929338138, 25.254947699116972 ], [ 55.307018406972844, 25.254919262193283 ] ] ] } },
{ "type": "Feature", "properties": { "cell_id": 316, "district": "deira", "gius": 0.683, "walkability_norm": 0.949, "services_norm": 0.129, "transit_norm": 0.97, "cluster": 1 }, "geometry": { "type": "Polygon", "coordinates": [ [ [ 55.306987112341751, 25.257175967298807 ], [ 55.306955813941123, 25.259432671678365 ], [ 55.30943742794684, 25.259461114384436 ], [ 55.309468680524496, 25.257204407113626 ], [ 55.306987112341751, 25.257175967298807 ] ] ] } },
{ "type": "Feature", "properties": { "cell_id": 317, "district": "deira", "gius": 0.581, "walkability_norm": 0.724, "services_norm": 0.065, "transit_norm": 0.953, "cluster": 1 }, "geometry": { "type": "Polygon", "coordinates": [ [ [ 55.306955813941123, 25.259432671678365 ], [ 55.306924511770674, 25.26168937533193 ], [ 55.30940617160487, 25.261717820929327 ], [ 55.30943742794684, 25.259461114384436 ], [ 55.306955813941123, 25.259432671678365 ] ] ] } },
{ "type": "Feature", "properties": { "cell_id": 318, "district": "deira", "gius": 0.379, "walkability_norm": 0.184, "services_norm": 0.065, "transit_norm": 0.89, "cluster": 0 }, "geometry": { "type": "Polygon", "coordinates": [ [ [ 55.306924511770674, 25.26168937533193 ], [ 55.306893205830079, 25.263946078259426 ], [ 55.309374911498274, 25.263974526748271 ], [ 55.30940617160487, 25.261717820929327 ], [ 55.306924511770674, 25.26168937533193 ] ] ] } },
{ "type": "Feature", "properties": { "cell_id": 319, "district": "deira", "gius": 0.527, "walkability_norm": 0.276, "services_norm": 0.323, "transit_norm": 0.984, "cluster": 1 }, "geometry": { "type": "Polygon", "coordinates": [ [ [ 55.306893205830079, 25.263946078259426 ], [ 55.306861896119045, 25.266202780460816 ], [ 55.309343647626761, 25.266231231841211 ], [ 55.309374911498274, 25.263974526748271 ], [ 55.306893205830079, 25.263946078259426 ] ] ] } },
{ "type": "Feature", "properties": { "cell_id": 320, "district": "deira", "gius": 0.793, "walkability_norm": 0.735, "services_norm": 0.645, "transit_norm": 1.0, "cluster": 3 }, "geometry": { "type": "Polygon", "coordinates": [ [ [ 55.306861896119045, 25.266202780460816 ], [ 55.306830582637268, 25.268459481936056 ], [ 55.309312379990011, 25.268487936208103 ], [ 55.309343647626761, 25.266231231841211 ], [ 55.306861896119045, 25.266202780460816 ] ] ] } },
{ "type": "Feature", "properties": { "cell_id": 321, "district": "deira", "gius": 1.0, "walkability_norm": 1.0, "services_norm": 1.0, "transit_norm": 1.0, "cluster": 3 }, "geometry": { "type": "Polygon", "coordinates": [ [ [ 55.306830582637268, 25.268459481936056 ], [ 55.306799265384434, 25.270716182685085 ], [ 55.30928110858774, 25.270744639848896 ], [ 55.309312379990011, 25.268487936208103 ], [ 55.306830582637268, 25.268459481936056 ] ] ] } },
{ "type": "Feature", "properties": { "cell_id": 322, "district": "deira", "gius": 0.986, "walkability_norm": 0.98, "services_norm": 1.0, "transit_norm": 0.979, "cluster": 3 }, "geometry": { "type": "Polygon", "coordinates": [ [ [ 55.306799265384434, 25.270716182685085 ], [ 55.306767944360246, 25.272972882707862 ], [ 55.309249833419628, 25.273001342763528 ], [ 55.30928110858774, 25.270744639848896 ], [ 55.306799265384434, 25.270716182685085 ] ] ] } },
{ "type": "Feature", "properties": { "cell_id": 323, "district": "deira", "gius": 1.0, "walkability_norm": 1.0, "services_norm": 1.0, "transit_norm": 1.0, "cluster": 3 }, "geometry": { "type": "Polygon", "coordinates": [ [ [ 55.306767944360246, 25.272972882707862 ], [ 55.306736619564411, 25.275229582004329 ], [ 55.309218554485369, 25.275258044951961 ], [ 55.309249833419628, 25.273001342763528 ], [ 55.306767944360246, 25.272972882707862 ] ] ] } },
{ "type": "Feature", "properties": { "cell_id": 324, "district": "deira", "gius": 0.981, "walkability_norm": 1.0, "services_norm": 1.0, "transit_norm": 0.943, "cluster": 3 }, "geometry": { "type": "Polygon", "coordinates": [ [ [ 55.306736619564411, 25.275229582004329 ], [ 55.306705290996597, 25.27748628057445 ], [ 55.309187271784658, 25.277514746414152 ], [ 55.309218554485369, 25.275258044951961 ], [ 55.306736619564411, 25.275229582004329 ] ] ] } },
{ "type": "Feature", "properties": { "cell_id": 325, "district": "deira", "gius": 0.841, "walkability_norm": 0.551, "services_norm": 1.0, "transit_norm": 0.971, "cluster": 3 }, "geometry": { "type": "Polygon", "coordinates": [ [ [ 55.306705290996597, 25.27748628057445 ], [ 55.306673958656518, 25.27974297841817 ], [ 55.309155985317211, 25.27977144715004 ], [ 55.309187271784658, 25.277514746414152 ], [ 55.306705290996597, 25.27748628057445 ] ] ] } },
{ "type": "Feature", "properties": { "cell_id": 326, "district": "deira", "gius": 0.657, "walkability_norm": 0.745, "services_norm": 0.323, "transit_norm": 0.902, "cluster": 1 }, "geometry": { "type": "Polygon", "coordinates": [ [ [ 55.306673958656518, 25.27974297841817 ], [ 55.306642622543855, 25.281999675535427 ], [ 55.309124695082708, 25.282028147159572 ], [ 55.309155985317211, 25.27977144715004 ], [ 55.306673958656518, 25.27974297841817 ] ] ] } },
{ "type": "Feature", "properties": { "cell_id": 327, "district": "deira", "gius": 0.334, "walkability_norm": 0.204, "services_norm": 0.0, "transit_norm": 0.799, "cluster": 0 }, "geometry": { "type": "Polygon", "coordinates": [ [ [ 55.306642622543855, 25.281999675535427 ], [ 55.306611282658324, 25.284256371926183 ], [ 55.309093401080844, 25.284284846442713 ], [ 55.309124695082708, 25.282028147159572 ], [ 55.306642622543855, 25.281999675535427 ] ] ] } },
{ "type": "Feature", "properties": { "cell_id": 328, "district": "deira", "gius": 0.354, "walkability_norm": 0.367, "services_norm": 0.0, "transit_norm": 0.693, "cluster": 0 }, "geometry": { "type": "Polygon", "coordinates": [ [ [ 55.306611282658324, 25.284256371926183 ], [ 55.306579938999604, 25.286513067590391 ], [ 55.309062103311312, 25.286541544999405 ], [ 55.309093401080844, 25.284284846442713 ], [ 55.306611282658324, 25.284256371926183 ] ] ] } },
{ "type": "Feature", "properties": { "cell_id": 329, "district": "deira", "gius": 0.389, "walkability_norm": 0.551, "services_norm": 0.032, "transit_norm": 0.585, "cluster": 1 }, "geometry": { "type": "Polygon", "coordinates": [ [ [ 55.306579938999604, 25.286513067590391 ], [ 55.306548591567392, 25.288769762527995 ], [ 55.309030801773815, 25.288798242829589 ], [ 55.309062103311312, 25.286541544999405 ], [ 55.306579938999604, 25.286513067590391 ] ] ] } },
{ "type": "Feature", "properties": { "cell_id": 330, "district": "deira", "gius": 0.285, "walkability_norm": 0.316, "services_norm": 0.032, "transit_norm": 0.505, "cluster": 0 }, "geometry": { "type": "Polygon", "coordinates": [ [ [ 55.306548591567392, 25.288769762527995 ], [ 55.306517240361387, 25.291026456738951 ], [ 55.308999496468047, 25.29105493993324 ], [ 55.309030801773815, 25.288798242829589 ], [ 55.306548591567392, 25.288769762527995 ] ] ] } },
{ "type": "Feature", "properties": { "cell_id": 331, "district": "deira", "gius": 0.212, "walkability_norm": 0.173, "services_norm": 0.032, "transit_norm": 0.43, "cluster": 2 }, "geometry": { "type": "Polygon", "coordinates": [ [ [ 55.306517240361387, 25.291026456738951 ], [ 55.306485885381285, 25.293283150223203 ], [ 55.308968187393702, 25.293311636310293 ], [ 55.308999496468047, 25.29105493993324 ], [ 55.306517240361387, 25.291026456738951 ] ] ] } },
{ "type": "Feature", "properties": { "cell_id": 332, "district": "deira", "gius": 0.159, "walkability_norm": 0.133, "services_norm": 0.0, "transit_norm": 0.344, "cluster": 2 }, "geometry": { "type": "Polygon", "coordinates": [ [ [ 55.306485885381285, 25.293283150223203 ], [ 55.306454526626773, 25.295539842980713 ], [ 55.308936874550469, 25.295568331960702 ], [ 55.308968187393702, 25.293311636310293 ], [ 55.306485885381285, 25.293283150223203 ] ] ] } },
{ "type": "Feature", "properties": { "cell_id": 333, "district": "deira", "gius": 0.087, "walkability_norm": 0.01, "services_norm": 0.0, "transit_norm": 0.252, "cluster": 2 }, "geometry": { "type": "Polygon", "coordinates": [ [ [ 55.306454526626773, 25.295539842980713 ], [ 55.306423164097552, 25.297796535011415 ], [ 55.308905557938061, 25.297825026884411 ], [ 55.308936874550469, 25.295568331960702 ], [ 55.306454526626773, 25.295539842980713 ] ] ] } },
{ "type": "Feature", "properties": { "cell_id": 334, "district": "deira", "gius": 0.126, "walkability_norm": 0.224, "services_norm": 0.0, "transit_norm": 0.155, "cluster": 2 }, "geometry": { "type": "Polygon", "coordinates": [ [ [ 55.306423164097552, 25.297796535011415 ], [ 55.30639179779331, 25.300053226315274 ], [ 55.308874237556147, 25.300081721081373 ], [ 55.308905557938061, 25.297825026884411 ], [ 55.306423164097552, 25.297796535011415 ] ] ] } },
{ "type": "Feature", "properties": { "cell_id": 335, "district": "deira", "gius": 0.633, "walkability_norm": 0.816, "services_norm": 0.161, "transit_norm": 0.921, "cluster": 1 }, "geometry": { "type": "Polygon", "coordinates": [ [ [ 55.309718565666842, 25.239150722820614 ], [ 55.309687343192778, 25.241407435896868 ], [ 55.312168594531059, 25.241435813830414 ], [ 55.312199771225977, 25.239179097867993 ], [ 55.309718565666842, 25.239150722820614 ] ] ] } },
{ "type": "Feature", "properties": { "cell_id": 336, "district": "deira", "gius": 0.785, "walkability_norm": 1.0, "services_norm": 0.355, "transit_norm": 1.0, "cluster": 1 }, "geometry": { "type": "Polygon", "coordinates": [ [ [ 55.309687343192778, 25.241407435896868 ], [ 55.309656116956823, 25.243664148247607 ], [ 55.312137414079778, 25.243692529067427 ], [ 55.312168594531059, 25.241435813830414 ], [ 55.309687343192778, 25.241407435896868 ] ] ] } },
{ "type": "Feature", "properties": { "cell_id": 337, "district": "deira", "gius": 0.664, "walkability_norm": 0.531, "services_norm": 0.516, "transit_norm": 0.945, "cluster": 1 }, "geometry": { "type": "Polygon", "coordinates": [ [ [ 55.309656116956823, 25.243664148247607 ], [ 55.30962488695868, 25.2459208598728 ], [ 55.312106229871816, 25.245949243578998 ], [ 55.312137414079778, 25.243692529067427 ], [ 55.309656116956823, 25.243664148247607 ] ] ] } },
{ "type": "Feature", "properties": { "cell_id": 338, "district": "deira", "gius": 0.645, "walkability_norm": 0.531, "services_norm": 0.484, "transit_norm": 0.921, "cluster": 1 }, "geometry": { "type": "Polygon", "coordinates": [ [ [ 55.30962488695868, 25.2459208598728 ], [ 55.309593653198043, 25.248177570772373 ], [ 55.312075041906873, 25.248205957365059 ], [ 55.312106229871816, 25.245949243578998 ], [ 55.30962488695868, 25.2459208598728 ] ] ] } },
{ "type": "Feature", "properties": { "cell_id": 339, "district": "deira", "gius": 0.608, "walkability_norm": 0.52, "services_norm": 0.355, "transit_norm": 0.949, "cluster": 1 }, "geometry": { "type": "Polygon", "coordinates": [ [ [ 55.309593653198043, 25.248177570772373 ], [ 55.309562415674613, 25.250434280946294 ], [ 55.312043850184651, 25.25046267042557 ], [ 55.312075041906873, 25.248205957365059 ], [ 55.309593653198043, 25.248177570772373 ] ] ] } },
{ "type": "Feature", "properties": { "cell_id": 340, "district": "deira", "gius": 0.545, "walkability_norm": 0.5, "services_norm": 0.194, "transit_norm": 0.943, "cluster": 1 }, "geometry": { "type": "Polygon", "coordinates": [ [ [ 55.309562415674613, 25.250434280946294 ], [ 55.309531174388077, 25.252690990394509 ], [ 55.312012654704844, 25.252719382760475 ], [ 55.312043850184651, 25.25046267042557 ], [ 55.309562415674613, 25.250434280946294 ] ] ] } },
{ "type": "Feature", "properties": { "cell_id": 341, "district": "deira", "gius": 0.458, "walkability_norm": 0.378, "services_norm": 0.129, "transit_norm": 0.866, "cluster": 0 }, "geometry": { "type": "Polygon", "coordinates": [ [ [ 55.309531174388077, 25.252690990394509 ], [ 55.309499929338138, 25.254947699116972 ], [ 55.311981455467148, 25.254976094369734 ], [ 55.312012654704844, 25.252719382760475 ], [ 55.309531174388077, 25.252690990394509 ] ] ] } },
{ "type": "Feature", "properties": { "cell_id": 342, "district": "deira", "gius": 0.631, "walkability_norm": 1.0, "services_norm": 0.0, "transit_norm": 0.894, "cluster": 1 }, "geometry": { "type": "Polygon", "coordinates": [ [ [ 55.309499929338138, 25.254947699116972 ], [ 55.309468680524496, 25.257204407113626 ], [ 55.311950252471256, 25.257232805253281 ], [ 55.311981455467148, 25.254976094369734 ], [ 55.309499929338138, 25.254947699116972 ] ] ] } },
{ "type": "Feature", "properties": { "cell_id": 343, "district": "deira", "gius": 0.42, "walkability_norm": 0.316, "services_norm": 0.0, "transit_norm": 0.945, "cluster": 0 }, "geometry": { "type": "Polygon", "coordinates": [ [ [ 55.309468680524496, 25.257204407113626 ], [ 55.30943742794684, 25.259461114384436 ], [ 55.31191904571687, 25.259489515411087 ], [ 55.311950252471256, 25.257232805253281 ], [ 55.309468680524496, 25.257204407113626 ] ] ] } },
{ "type": "Feature", "properties": { "cell_id": 344, "district": "deira", "gius": 0.37, "walkability_norm": 0.051, "services_norm": 0.065, "transit_norm": 0.995, "cluster": 0 }, "geometry": { "type": "Polygon", "coordinates": [ [ [ 55.30943742794684, 25.259461114384436 ], [ 55.30940617160487, 25.261717820929327 ], [ 55.311887835203684, 25.26174622484309 ], [ 55.31191904571687, 25.259489515411087 ], [ 55.30943742794684, 25.259461114384436 ] ] ] } },
{ "type": "Feature", "properties": { "cell_id": 345, "district": "deira", "gius": 0.644, "walkability_norm": 0.714, "services_norm": 0.226, "transit_norm": 0.993, "cluster": 1 }, "geometry": { "type": "Polygon", "coordinates": [ [ [ 55.30940617160487, 25.261717820929327 ], [ 55.309374911498274, 25.263974526748271 ], [ 55.311856620931394, 25.264002933549246 ], [ 55.311887835203684, 25.26174622484309 ], [ 55.30940617160487, 25.261717820929327 ] ] ] } },
{ "type": "Feature", "properties": { "cell_id": 346, "district": "deira", "gius": 0.783, "walkability_norm": 1.0, "services_norm": 0.355, "transit_norm": 0.994, "cluster": 1 }, "geometry": { "type": "Polygon", "coordinates": [ [ [ 55.309374911498274, 25.263974526748271 ], [ 55.309343647626761, 25.266231231841211 ], [ 55.3118254028997, 25.266259641529501 ], [ 55.311856620931394, 25.264002933549246 ], [ 55.309374911498274, 25.263974526748271 ] ] ] } },
{ "type": "Feature", "properties": { "cell_id": 347, "district": "deira", "gius": 0.606, "walkability_norm": 0.306, "services_norm": 0.548, "transit_norm": 0.963, "cluster": 1 }, "geometry": { "type": "Polygon", "coordinates": [ [ [ 55.309343647626761, 25.266231231841211 ], [ 55.309312379990011, 25.268487936208103 ], [ 55.31179418110829, 25.268516348783805 ], [ 55.3118254028997, 25.266259641529501 ], [ 55.309343647626761, 25.266231231841211 ] ] ] } },
{ "type": "Feature", "properties": { "cell_id": 348, "district": "deira", "gius": 0.813, "walkability_norm": 0.439, "services_norm": 1.0, "transit_norm": 1.0, "cluster": 3 }, "geometry": { "type": "Polygon", "coordinates": [ [ [ 55.309312379990011, 25.268487936208103 ], [ 55.30928110858774, 25.270744639848896 ], [ 55.311762955556873, 25.270773055312116 ], [ 55.31179418110829, 25.268516348783805 ], [ 55.309312379990011, 25.268487936208103 ] ] ] } },
{ "type": "Feature", "properties": { "cell_id": 349, "district": "deira", "gius": 0.908, "walkability_norm": 0.776, "services_norm": 1.0, "transit_norm": 0.95, "cluster": 3 }, "geometry": { "type": "Polygon", "coordinates": [ [ [ 55.30928110858774, 25.270744639848896 ], [ 55.309249833419628, 25.273001342763528 ], [ 55.311731726245135, 25.273029761114376 ], [ 55.311762955556873, 25.270773055312116 ], [ 55.30928110858774, 25.270744639848896 ] ] ] } },
{ "type": "Feature", "properties": { "cell_id": 350, "district": "deira", "gius": 0.929, "walkability_norm": 0.827, "services_norm": 1.0, "transit_norm": 0.959, "cluster": 3 }, "geometry": { "type": "Polygon", "coordinates": [ [ [ 55.309249833419628, 25.273001342763528 ], [ 55.309218554485369, 25.275258044951961 ], [ 55.311700493172772, 25.275286466190536 ], [ 55.311731726245135, 25.273029761114376 ], [ 55.309249833419628, 25.273001342763528 ] ] ] } },
{ "type": "Feature", "properties": { "cell_id": 351, "district": "deira", "gius": 0.982, "walkability_norm": 1.0, "services_norm": 1.0, "transit_norm": 0.946, "cluster": 3 }, "geometry": { "type": "Polygon", "coordinates": [ [ [ 55.309218554485369, 25.275258044951961 ], [ 55.309187271784658, 25.277514746414152 ], [ 55.311669256339485, 25.277543170540554 ], [ 55.311700493172772, 25.275286466190536 ], [ 55.309218554485369, 25.275258044951961 ] ] ] } },
{ "type": "Feature", "properties": { "cell_id": 352, "district": "deira", "gius": 1.0, "walkability_norm": 1.0, "services_norm": 1.0, "transit_norm": 1.0, "cluster": 3 }, "geometry": { "type": "Polygon", "coordinates": [ [ [ 55.309187271784658, 25.277514746414152 ], [ 55.309155985317211, 25.27977144715004 ], [ 55.311638015744968, 25.279799874164379 ], [ 55.311669256339485, 25.277543170540554 ], [ 55.309187271784658, 25.277514746414152 ] ] ] } },
{ "type": "Feature", "properties": { "cell_id": 353, "district": "deira", "gius": 0.662, "walkability_norm": 0.316, "services_norm": 0.742, "transit_norm": 0.928, "cluster": 3 }, "geometry": { "type": "Polygon", "coordinates": [ [ [ 55.309155985317211, 25.27977144715004 ], [ 55.309124695082708, 25.282028147159572 ], [ 55.311606771388917, 25.282056577061951 ], [ 55.311638015744968, 25.279799874164379 ], [ 55.309155985317211, 25.27977144715004 ] ] ] } },
{ "type": "Feature", "properties": { "cell_id": 354, "district": "deira", "gius": 0.374, "walkability_norm": 0.255, "services_norm": 0.032, "transit_norm": 0.835, "cluster": 0 }, "geometry": { "type": "Polygon", "coordinates": [ [ [ 55.309124695082708, 25.282028147159572 ], [ 55.309093401080844, 25.284284846442713 ], [ 55.311575523271024, 25.284313279233238 ], [ 55.311606771388917, 25.282056577061951 ], [ 55.309124695082708, 25.282028147159572 ] ] ] } },
{ "type": "Feature", "properties": { "cell_id": 355, "district": "deira", "gius": 0.264, "walkability_norm": 0.061, "services_norm": 0.0, "transit_norm": 0.73, "cluster": 0 }, "geometry": { "type": "Polygon", "coordinates": [ [ [ 55.309093401080844, 25.284284846442713 ], [ 55.309062103311312, 25.286541544999405 ], [ 55.311544271390993, 25.286569980678177 ], [ 55.311575523271024, 25.284313279233238 ], [ 55.309093401080844, 25.284284846442713 ] ] ] } },
{ "type": "Feature", "properties": { "cell_id": 356, "district": "deira", "gius": 0.435, "walkability_norm": 0.612, "services_norm": 0.032, "transit_norm": 0.662, "cluster": 1 }, "geometry": { "type": "Polygon", "coordinates": [ [ [ 55.309062103311312, 25.286541544999405 ], [ 55.309030801773815, 25.288798242829589 ], [ 55.311513015748517, 25.288826681396717 ], [ 55.311544271390993, 25.286569980678177 ], [ 55.309062103311312, 25.286541544999405 ] ] ] } },
{ "type": "Feature", "properties": { "cell_id": 357, "district": "deira", "gius": 0.387, "walkability_norm": 0.541, "services_norm": 0.032, "transit_norm": 0.588, "cluster": 1 }, "geometry": { "type": "Polygon", "coordinates": [ [ [ 55.309030801773815, 25.288798242829589 ], [ 55.308999496468047, 25.29105493993324 ], [ 55.311481756343284, 25.291083381388823 ], [ 55.311513015748517, 25.288826681396717 ], [ 55.309030801773815, 25.288798242829589 ] ] ] } },
{ "type": "Feature", "properties": { "cell_id": 358, "district": "deira", "gius": 0.388, "walkability_norm": 0.633, "services_norm": 0.032, "transit_norm": 0.5, "cluster": 1 }, "geometry": { "type": "Polygon", "coordinates": [ [ [ 55.308999496468047, 25.29105493993324 ], [ 55.308968187393702, 25.293311636310293 ], [ 55.311450493175002, 25.293340080654431 ], [ 55.311481756343284, 25.291083381388823 ], [ 55.308999496468047, 25.29105493993324 ] ] ] } },
{ "type": "Feature", "properties": { "cell_id": 359, "district": "deira", "gius": 0.295, "walkability_norm": 0.48, "services_norm": 0.0, "transit_norm": 0.405, "cluster": 2 }, "geometry": { "type": "Polygon", "coordinates": [ [ [ 55.308968187393702, 25.293311636310293 ], [ 55.308936874550469, 25.295568331960702 ], [ 55.311419226243366, 25.295596779193502 ], [ 55.311450493175002, 25.293340080654431 ], [ 55.308968187393702, 25.293311636310293 ] ] ] } },
{ "type": "Feature", "properties": { "cell_id": 360, "district": "deira", "gius": 0.139, "walkability_norm": 0.112, "services_norm": 0.0, "transit_norm": 0.305, "cluster": 2 }, "geometry": { "type": "Polygon", "coordinates": [ [ [ 55.308936874550469, 25.295568331960702 ], [ 55.308905557938061, 25.297825026884411 ], [ 55.311387955548057, 25.29785347700598 ], [ 55.311419226243366, 25.295596779193502 ], [ 55.308936874550469, 25.295568331960702 ] ] ] } },
{ "type": "Feature", "properties": { "cell_id": 361, "district": "deira", "gius": 0.098, "walkability_norm": 0.092, "services_norm": 0.0, "transit_norm": 0.202, "cluster": 2 }, "geometry": { "type": "Polygon", "coordinates": [ [ [ 55.308905557938061, 25.297825026884411 ], [ 55.308874237556147, 25.300081721081373 ], [ 55.311356681088782, 25.30011017409181 ], [ 55.311387955548057, 25.29785347700598 ], [ 55.308905557938061, 25.297825026884411 ] ] ] } },
{ "type": "Feature", "properties": { "cell_id": 362, "district": "deira", "gius": 0.436, "walkability_norm": 0.286, "services_norm": 0.129, "transit_norm": 0.893, "cluster": 0 }, "geometry": { "type": "Polygon", "coordinates": [ [ [ 55.312199771225977, 25.239179097867993 ], [ 55.312168594531059, 25.241435813830414 ], [ 55.314649849625717, 25.241464150118198 ], [ 55.314680980541169, 25.239207431273829 ], [ 55.312199771225977, 25.239179097867993 ] ] ] } },
{ "type": "Feature", "properties": { "cell_id": 363, "district": "deira", "gius": 0.588, "walkability_norm": 0.582, "services_norm": 0.226, "transit_norm": 0.955, "cluster": 1 }, "geometry": { "type": "Polygon", "coordinates": [ [ [ 55.312168594531059, 25.241435813830414 ], [ 55.312137414079778, 25.243692529067427 ], [ 55.314618714959401, 25.243720868237254 ], [ 55.314649849625717, 25.241464150118198 ], [ 55.312168594531059, 25.241435813830414 ] ] ] } },
{ "type": "Feature", "properties": { "cell_id": 364, "district": "deira", "gius": 0.716, "walkability_norm": 0.827, "services_norm": 0.323, "transit_norm": 1.0, "cluster": 1 }, "geometry": { "type": "Polygon", "coordinates": [ [ [ 55.312137414079778, 25.243692529067427 ], [ 55.312106229871816, 25.245949243578998 ], [ 55.314587576541932, 25.245977585630964 ], [ 55.314618714959401, 25.243720868237254 ], [ 55.312137414079778, 25.243692529067427 ] ] ] } },
{ "type": "Feature", "properties": { "cell_id": 365, "district": "deira", "gius": 0.621, "walkability_norm": 0.551, "services_norm": 0.387, "transit_norm": 0.926, "cluster": 1 }, "geometry": { "type": "Polygon", "coordinates": [ [ [ 55.312106229871816, 25.245949243578998 ], [ 55.312075041906873, 25.248205957365059 ], [ 55.314556434372982, 25.248234302299281 ], [ 55.314587576541932, 25.245977585630964 ], [ 55.312106229871816, 25.245949243578998 ] ] ] } },
{ "type": "Feature", "properties": { "cell_id": 366, "district": "deira", "gius": 0.504, "walkability_norm": 0.449, "services_norm": 0.065, "transit_norm": 0.998, "cluster": 1 }, "geometry": { "type": "Polygon", "coordinates": [ [ [ 55.312075041906873, 25.248205957365059 ], [ 55.312043850184651, 25.25046267042557 ], [ 55.314525288452273, 25.250491018242137 ], [ 55.314556434372982, 25.248234302299281 ], [ 55.312075041906873, 25.248205957365059 ] ] ] } },
{ "type": "Feature", "properties": { "cell_id": 367, "district": "deira", "gius": 0.336, "walkability_norm": 0.051, "services_norm": 0.032, "transit_norm": 0.924, "cluster": 0 }, "geometry": { "type": "Polygon", "coordinates": [ [ [ 55.312043850184651, 25.25046267042557 ], [ 55.312012654704844, 25.252719382760475 ], [ 55.314494138779501, 25.252747733459501 ], [ 55.314525288452273, 25.250491018242137 ], [ 55.312043850184651, 25.25046267042557 ] ] ] } },
{ "type": "Feature", "properties": { "cell_id": 368, "district": "deira", "gius": 0.271, "walkability_norm": 0.0, "services_norm": 0.0, "transit_norm": 0.814, "cluster": 0 }, "geometry": { "type": "Polygon", "coordinates": [ [ [ 55.312012654704844, 25.252719382760475 ], [ 55.311981455467148, 25.254976094369734 ], [ 55.314462985354346, 25.255004447951311 ], [ 55.314494138779501, 25.252747733459501 ], [ 55.312012654704844, 25.252719382760475 ] ] ] } },
{ "type": "Feature", "properties": { "cell_id": 369, "district": "deira", "gius": 0.299, "walkability_norm": 0.102, "services_norm": 0.0, "transit_norm": 0.795, "cluster": 0 }, "geometry": { "type": "Polygon", "coordinates": [ [ [ 55.311981455467148, 25.254976094369734 ], [ 55.311950252471256, 25.257232805253281 ], [ 55.314431828176509, 25.257261161717537 ], [ 55.314462985354346, 25.255004447951311 ], [ 55.311981455467148, 25.254976094369734 ] ] ] } },
{ "type": "Feature", "properties": { "cell_id": 370, "district": "deira", "gius": 0.316, "walkability_norm": 0.01, "services_norm": 0.065, "transit_norm": 0.874, "cluster": 0 }, "geometry": { "type": "Polygon", "coordinates": [ [ [ 55.311950252471256, 25.257232805253281 ], [ 55.31191904571687, 25.259489515411087 ], [ 55.3144006672457, 25.259517874758107 ], [ 55.314431828176509, 25.257261161717537 ], [ 55.311950252471256, 25.257232805253281 ] ] ] } },
{ "type": "Feature", "properties": { "cell_id": 371, "district": "deira", "gius": 0.369, "walkability_norm": 0.071, "services_norm": 0.129, "transit_norm": 0.906, "cluster": 0 }, "geometry": { "type": "Polygon", "coordinates": [ [ [ 55.31191904571687, 25.259489515411087 ], [ 55.311887835203684, 25.26174622484309 ], [ 55.314369502561604, 25.261774587072974 ], [ 55.3144006672457, 25.259517874758107 ], [ 55.31191904571687, 25.259489515411087 ] ] ] } },
{ "type": "Feature", "properties": { "cell_id": 372, "district": "deira", "gius": 0.753, "walkability_norm": 0.918, "services_norm": 0.387, "transit_norm": 0.952, "cluster": 1 }, "geometry": { "type": "Polygon", "coordinates": [ [ [ 55.311887835203684, 25.26174622484309 ], [ 55.311856620931394, 25.264002933549246 ], [ 55.314338334123917, 25.264031298662101 ], [ 55.314369502561604, 25.261774587072974 ], [ 55.311887835203684, 25.26174622484309 ] ] ] } },
{ "type": "Feature", "properties": { "cell_id": 373, "district": "deira", "gius": 0.905, "walkability_norm": 1.0, "services_norm": 0.742, "transit_norm": 0.974, "cluster": 3 }, "geometry": { "type": "Polygon", "coordinates": [ [ [ 55.311856620931394, 25.264002933549246 ], [ 55.3118254028997, 25.266259641529501 ], [ 55.314307161932355, 25.266288009525432 ], [ 55.314338334123917, 25.264031298662101 ], [ 55.311856620931394, 25.264002933549246 ] ] ] } },
{ "type": "Feature", "properties": { "cell_id": 374, "district": "deira", "gius": 0.945, "walkability_norm": 0.99, "services_norm": 0.871, "transit_norm": 0.974, "cluster": 3 }, "geometry": { "type": "Polygon", "coordinates": [ [ [ 55.3118254028997, 25.266259641529501 ], [ 55.31179418110829, 25.268516348783805 ], [ 55.31427598598659, 25.26854471966292 ], [ 55.314307161932355, 25.266288009525432 ], [ 55.3118254028997, 25.266259641529501 ] ] ] } },
{ "type": "Feature", "properties": { "cell_id": 375, "district": "deira", "gius": 0.946, "walkability_norm": 0.888, "services_norm": 1.0, "transit_norm": 0.95, "cluster": 3 }, "geometry": { "type": "Polygon", "coordinates": [ [ [ 55.31179418110829, 25.268516348783805 ], [ 55.311762955556873, 25.270773055312116 ], [ 55.314244806286332, 25.270801429074517 ], [ 55.31427598598659, 25.26854471966292 ], [ 55.31179418110829, 25.268516348783805 ] ] ] } },
{ "type": "Feature", "properties": { "cell_id": 376, "district": "deira", "gius": 0.84, "walkability_norm": 0.612, "services_norm": 1.0, "transit_norm": 0.907, "cluster": 3 }, "geometry": { "type": "Polygon", "coordinates": [ [ [ 55.311762955556873, 25.270773055312116 ], [ 55.311731726245135, 25.273029761114376 ], [ 55.314213622831268, 25.273058137760163 ], [ 55.314244806286332, 25.270801429074517 ], [ 55.311762955556873, 25.270773055312116 ] ] ] } },
{ "type": "Feature", "properties": { "cell_id": 377, "district": "deira", "gius": 0.982, "walkability_norm": 1.0, "services_norm": 1.0, "transit_norm": 0.946, "cluster": 3 }, "geometry": { "type": "Polygon", "coordinates": [ [ [ 55.311731726245135, 25.273029761114376 ], [ 55.311700493172772, 25.275286466190536 ], [ 55.314182435621106, 25.275314845719816 ], [ 55.314213622831268, 25.273058137760163 ], [ 55.311731726245135, 25.273029761114376 ] ] ] } },
{ "type": "Feature", "properties": { "cell_id": 378, "district": "deira", "gius": 1.0, "walkability_norm": 1.0, "services_norm": 1.0, "transit_norm": 1.0, "cluster": 3 }, "geometry": { "type": "Polygon", "coordinates": [ [ [ 55.311700493172772, 25.275286466190536 ], [ 55.311669256339485, 25.277543170540554 ], [ 55.314151244655541, 25.277571552953425 ], [ 55.314182435621106, 25.275314845719816 ], [ 55.311700493172772, 25.275286466190536 ] ] ] } },
{ "type": "Feature", "properties": { "cell_id": 379, "district": "deira", "gius": 1.0, "walkability_norm": 1.0, "services_norm": 1.0, "transit_norm": 1.0, "cluster": 3 }, "geometry": { "type": "Polygon", "coordinates": [ [ [ 55.311669256339485, 25.277543170540554 ], [ 55.311638015744968, 25.279799874164379 ], [ 55.31412004993426, 25.279828259460945 ], [ 55.314151244655541, 25.277571552953425 ], [ 55.311669256339485, 25.277543170540554 ] ] ] } },
{ "type": "Feature", "properties": { "cell_id": 380, "district": "deira", "gius": 0.836, "walkability_norm": 0.612, "services_norm": 0.935, "transit_norm": 0.961, "cluster": 3 }, "geometry": { "type": "Polygon", "coordinates": [ [ [ 55.311638015744968, 25.279799874164379 ], [ 55.311606771388917, 25.282056577061951 ], [ 55.314088851456965, 25.282084965242326 ], [ 55.31412004993426, 25.279828259460945 ], [ 55.311638015744968, 25.279799874164379 ] ] ] } },
{ "type": "Feature", "properties": { "cell_id": 381, "district": "deira", "gius": 0.453, "walkability_norm": 0.347, "services_norm": 0.161, "transit_norm": 0.852, "cluster": 0 }, "geometry": { "type": "Polygon", "coordinates": [ [ [ 55.311606771388917, 25.282056577061951 ], [ 55.311575523271024, 25.284313279233238 ], [ 55.314057649223351, 25.284341670297518 ], [ 55.314088851456965, 25.282084965242326 ], [ 55.311606771388917, 25.282056577061951 ] ] ] } },
{ "type": "Feature", "properties": { "cell_id": 382, "district": "deira", "gius": 0.316, "walkability_norm": 0.133, "services_norm": 0.0, "transit_norm": 0.816, "cluster": 0 }, "geometry": { "type": "Polygon", "coordinates": [ [ [ 55.311575523271024, 25.284313279233238 ], [ 55.311544271390993, 25.286569980678177 ], [ 55.314026443233125, 25.286598374626465 ], [ 55.314057649223351, 25.284341670297518 ], [ 55.311575523271024, 25.284313279233238 ] ] ] } },
{ "type": "Feature", "properties": { "cell_id": 383, "district": "deira", "gius": 0.263, "walkability_norm": 0.01, "services_norm": 0.032, "transit_norm": 0.746, "cluster": 0 }, "geometry": { "type": "Polygon", "coordinates": [ [ [ 55.311544271390993, 25.286569980678177 ], [ 55.311513015748517, 25.288826681396717 ], [ 55.313995233485969, 25.288855078229119 ], [ 55.314026443233125, 25.286598374626465 ], [ 55.311544271390993, 25.286569980678177 ] ] ] } },
{ "type": "Feature", "properties": { "cell_id": 384, "district": "deira", "gius": 0.277, "walkability_norm": 0.143, "services_norm": 0.032, "transit_norm": 0.655, "cluster": 0 }, "geometry": { "type": "Polygon", "coordinates": [ [ [ 55.311513015748517, 25.288826681396717 ], [ 55.311481756343284, 25.291083381388823 ], [ 55.313964019981583, 25.291111781105442 ], [ 55.313995233485969, 25.288855078229119 ], [ 55.311513015748517, 25.288826681396717 ] ] ] } },
{ "type": "Feature", "properties": { "cell_id": 385, "district": "deira", "gius": 0.301, "walkability_norm": 0.316, "services_norm": 0.032, "transit_norm": 0.555, "cluster": 0 }, "geometry": { "type": "Polygon", "coordinates": [ [ [ 55.311481756343284, 25.291083381388823 ], [ 55.311450493175002, 25.293340080654431 ], [ 55.313932802719663, 25.293368483255367 ], [ 55.313964019981583, 25.291111781105442 ], [ 55.311481756343284, 25.291083381388823 ] ] ] } },
{ "type": "Feature", "properties": { "cell_id": 386, "district": "deira", "gius": 0.273, "walkability_norm": 0.367, "services_norm": 0.0, "transit_norm": 0.451, "cluster": 2 }, "geometry": { "type": "Polygon", "coordinates": [ [ [ 55.311450493175002, 25.293340080654431 ], [ 55.311419226243366, 25.295596779193502 ], [ 55.313901581699916, 25.295625184678869 ], [ 55.313932802719663, 25.293368483255367 ], [ 55.311450493175002, 25.293340080654431 ] ] ] } },
{ "type": "Feature", "properties": { "cell_id": 387, "district": "deira", "gius": 0.203, "walkability_norm": 0.265, "services_norm": 0.0, "transit_norm": 0.344, "cluster": 2 }, "geometry": { "type": "Polygon", "coordinates": [ [ [ 55.311419226243366, 25.295596779193502 ], [ 55.311387955548057, 25.29785347700598 ], [ 55.313870356922024, 25.297881885375865 ], [ 55.313901581699916, 25.295625184678869 ], [ 55.311419226243366, 25.295596779193502 ] ] ] } },
{ "type": "Feature", "properties": { "cell_id": 388, "district": "deira", "gius": 0.182, "walkability_norm": 0.286, "services_norm": 0.0, "transit_norm": 0.259, "cluster": 2 }, "geometry": { "type": "Polygon", "coordinates": [ [ [ 55.311387955548057, 25.29785347700598 ], [ 55.311356681088782, 25.30011017409181 ], [ 55.313839128385688, 25.300138585346343 ], [ 55.313870356922024, 25.297881885375865 ], [ 55.311387955548057, 25.29785347700598 ] ] ] } },
{ "type": "Feature", "properties": { "cell_id": 389, "district": "deira", "gius": 0.48, "walkability_norm": 0.388, "services_norm": 0.065, "transit_norm": 0.989, "cluster": 1 }, "geometry": { "type": "Polygon", "coordinates": [ [ [ 55.314680980541169, 25.239207431273829 ], [ 55.314649849625717, 25.241464150118198 ], [ 55.317131108471237, 25.241492444759967 ], [ 55.317162193606926, 25.239235723037901 ], [ 55.314680980541169, 25.239207431273829 ] ] ] } },
{ "type": "Feature", "properties": { "cell_id": 390, "district": "deira", "gius": 0.549, "walkability_norm": 0.388, "services_norm": 0.258, "transit_norm": 1.0, "cluster": 1 }, "geometry": { "type": "Polygon", "coordinates": [ [ [ 55.314649849625717, 25.241464150118198 ], [ 55.314618714959401, 25.243720868237254 ], [ 55.3171000195902, 25.243749165756832 ], [ 55.317131108471237, 25.241492444759967 ], [ 55.314649849625717, 25.241464150118198 ] ] ] } },
{ "type": "Feature", "properties": { "cell_id": 391, "district": "deira", "gius": 0.731, "walkability_norm": 0.918, "services_norm": 0.29, "transit_norm": 0.984, "cluster": 1 }, "geometry": { "type": "Polygon", "coordinates": [ [ [ 55.314618714959401, 25.243720868237254 ], [ 55.314587576541932, 25.245977585630964 ], [ 55.317068926963508, 25.246005886028453 ], [ 55.3171000195902, 25.243749165756832 ], [ 55.314618714959401, 25.243720868237254 ] ] ] } },
{ "type": "Feature", "properties": { "cell_id": 392, "district": "deira", "gius": 0.453, "walkability_norm": 0.327, "services_norm": 0.161, "transit_norm": 0.873, "cluster": 0 }, "geometry": { "type": "Polygon", "coordinates": [ [ [ 55.314587576541932, 25.245977585630964 ], [ 55.314556434372982, 25.248234302299281 ], [ 55.31703783059087, 25.24826260557478 ], [ 55.317068926963508, 25.246005886028453 ], [ 55.314587576541932, 25.245977585630964 ] ] ] } },
{ "type": "Feature", "properties": { "cell_id": 393, "district": "deira", "gius": 0.361, "walkability_norm": 0.163, "services_norm": 0.032, "transit_norm": 0.888, "cluster": 0 }, "geometry": { "type": "Polygon", "coordinates": [ [ [ 55.314556434372982, 25.248234302299281 ], [ 55.314525288452273, 25.250491018242137 ], [ 55.317006730471974, 25.250519324395754 ], [ 55.31703783059087, 25.24826260557478 ], [ 55.314556434372982, 25.248234302299281 ] ] ] } },
{ "type": "Feature", "properties": { "cell_id": 394, "district": "deira", "gius": 0.285, "walkability_norm": 0.0, "services_norm": 0.0, "transit_norm": 0.855, "cluster": 0 }, "geometry": { "type": "Polygon", "coordinates": [ [ [ 55.314525288452273, 25.250491018242137 ], [ 55.314494138779501, 25.252747733459501 ], [ 55.316975626606528, 25.252776042491337 ], [ 55.317006730471974, 25.250519324395754 ], [ 55.314525288452273, 25.250491018242137 ] ] ] } },
{ "type": "Feature", "properties": { "cell_id": 395, "district": "deira", "gius": 0.258, "walkability_norm": 0.0, "services_norm": 0.0, "transit_norm": 0.773, "cluster": 0 }, "geometry": { "type": "Polygon", "coordinates": [ [ [ 55.314494138779501, 25.252747733459501 ], [ 55.314462985354346, 25.255004447951311 ], [ 55.316944518994212, 25.255032759861482 ], [ 55.316975626606528, 25.252776042491337 ], [ 55.314494138779501, 25.252747733459501 ] ] ] } },
{ "type": "Feature", "properties": { "cell_id": 396, "district": "deira", "gius": 0.25, "walkability_norm": 0.0, "services_norm": 0.032, "transit_norm": 0.718, "cluster": 0 }, "geometry": { "type": "Polygon", "coordinates": [ [ [ 55.314462985354346, 25.255004447951311 ], [ 55.314431828176509, 25.257261161717537 ], [ 55.31691340763475, 25.257289476506124 ], [ 55.316944518994212, 25.255032759861482 ], [ 55.314462985354346, 25.255004447951311 ] ] ] } },
{ "type": "Feature", "properties": { "cell_id": 397, "district": "deira", "gius": 0.402, "walkability_norm": 0.337, "services_norm": 0.097, "transit_norm": 0.773, "cluster": 0 }, "geometry": { "type": "Polygon", "coordinates": [ [ [ 55.314431828176509, 25.257261161717537 ], [ 55.3144006672457, 25.259517874758107 ], [ 55.316882292527815, 25.259546192425223 ], [ 55.31691340763475, 25.257289476506124 ], [ 55.314431828176509, 25.257261161717537 ] ] ] } },
{ "type": "Feature", "properties": { "cell_id": 398, "district": "deira", "gius": 0.649, "walkability_norm": 1.0, "services_norm": 0.129, "transit_norm": 0.818, "cluster": 1 }, "geometry": { "type": "Polygon", "coordinates": [ [ [ 55.3144006672457, 25.259517874758107 ], [ 55.314369502561604, 25.261774587072974 ], [ 55.316851173673115, 25.261802907618726 ], [ 55.316882292527815, 25.259546192425223 ], [ 55.3144006672457, 25.259517874758107 ] ] ] } },
{ "type": "Feature", "properties": { "cell_id": 399, "district": "deira", "gius": 0.729, "walkability_norm": 0.806, "services_norm": 0.516, "transit_norm": 0.864, "cluster": 1 }, "geometry": { "type": "Polygon", "coordinates": [ [ [ 55.314369502561604, 25.261774587072974 ], [ 55.314338334123917, 25.264031298662101 ], [ 55.316820051070344, 25.264059622086588 ], [ 55.316851173673115, 25.261802907618726 ], [ 55.314369502561604, 25.261774587072974 ] ] ] } },
{ "type": "Feature", "properties": { "cell_id": 400, "district": "deira", "gius": 0.878, "walkability_norm": 0.98, "services_norm": 0.677, "transit_norm": 0.976, "cluster": 3 }, "geometry": { "type": "Polygon", "coordinates": [ [ [ 55.314338334123917, 25.264031298662101 ], [ 55.314307161932355, 25.266288009525432 ], [ 55.316788924719198, 25.266316335828765 ], [ 55.316820051070344, 25.264059622086588 ], [ 55.314338334123917, 25.264031298662101 ] ] ] } },
{ "type": "Feature", "properties": { "cell_id": 401, "district": "deira", "gius": 0.999, "walkability_norm": 1.0, "services_norm": 1.0, "transit_norm": 0.998, "cluster": 3 }, "geometry": { "type": "Polygon", "coordinates": [ [ [ 55.314307161932355, 25.266288009525432 ], [ 55.31427598598659, 25.26854471966292 ], [ 55.316757794619377, 25.268573048845198 ], [ 55.316788924719198, 25.266316335828765 ], [ 55.314307161932355, 25.266288009525432 ] ] ] } },
{ "type": "Feature", "properties": { "cell_id": 402, "district": "deira", "gius": 0.998, "walkability_norm": 1.0, "services_norm": 1.0, "transit_norm": 0.995, "cluster": 3 }, "geometry": { "type": "Polygon", "coordinates": [ [ [ 55.31427598598659, 25.26854471966292 ], [ 55.314244806286332, 25.270801429074517 ], [ 55.316726660770584, 25.270829761135836 ], [ 55.316757794619377, 25.268573048845198 ], [ 55.31427598598659, 25.26854471966292 ] ] ] } },
{ "type": "Feature", "properties": { "cell_id": 403, "district": "deira", "gius": 0.932, "walkability_norm": 0.796, "services_norm": 1.0, "transit_norm": 1.0, "cluster": 3 }, "geometry": { "type": "Polygon", "coordinates": [ [ [ 55.314244806286332, 25.270801429074517 ], [ 55.314213622831268, 25.273058137760163 ], [ 55.316695523172505, 25.273086472700633 ], [ 55.316726660770584, 25.270829761135836 ], [ 55.314244806286332, 25.270801429074517 ] ] ] } },
{ "type": "Feature", "properties": { "cell_id": 404, "district": "deira", "gius": 0.946, "walkability_norm": 0.837, "services_norm": 1.0, "transit_norm": 1.0, "cluster": 3 }, "geometry": { "type": "Polygon", "coordinates": [ [ [ 55.314213622831268, 25.273058137760163 ], [ 55.314182435621106, 25.275314845719816 ], [ 55.31666438182485, 25.275343183539544 ], [ 55.316695523172505, 25.273086472700633 ], [ 55.314213622831268, 25.273058137760163 ] ] ] } },
{ "type": "Feature", "properties": { "cell_id": 405, "district": "deira", "gius": 0.892, "walkability_norm": 0.735, "services_norm": 1.0, "transit_norm": 0.941, "cluster": 3 }, "geometry": { "type": "Polygon", "coordinates": [ [ [ 55.314182435621106, 25.275314845719816 ], [ 55.314151244655541, 25.277571552953425 ], [ 55.316633236727299, 25.277599893652518 ], [ 55.31666438182485, 25.275343183539544 ], [ 55.314182435621106, 25.275314845719816 ] ] ] } },
{ "type": "Feature", "properties": { "cell_id": 406, "district": "deira", "gius": 0.939, "walkability_norm": 0.816, "services_norm": 1.0, "transit_norm": 1.0, "cluster": 3 }, "geometry": { "type": "Polygon", "coordinates": [ [ [ 55.314151244655541, 25.277571552953425 ], [ 55.31412004993426, 25.279828259460945 ], [ 55.316602087879559, 25.279856603039498 ], [ 55.316633236727299, 25.277599893652518 ], [ 55.314151244655541, 25.277571552953425 ] ] ] } },
{ "type": "Feature", "properties": { "cell_id": 407, "district": "deira", "gius": 0.765, "walkability_norm": 0.724, "services_norm": 0.645, "transit_norm": 0.925, "cluster": 3 }, "geometry": { "type": "Polygon", "coordinates": [ [ [ 55.31412004993426, 25.279828259460945 ], [ 55.314088851456965, 25.282084965242326 ], [ 55.316570935281327, 25.282113311700442 ], [ 55.316602087879559, 25.279856603039498 ], [ 55.31412004993426, 25.279828259460945 ] ] ] } },
{ "type": "Feature", "properties": { "cell_id": 408, "district": "deira", "gius": 0.487, "walkability_norm": 0.153, "services_norm": 0.355, "transit_norm": 0.952, "cluster": 0 }, "geometry": { "type": "Polygon", "coordinates": [ [ [ 55.314088851456965, 25.282084965242326 ], [ 55.314057649223351, 25.284341670297518 ], [ 55.316539778932295, 25.284370019635301 ], [ 55.316570935281327, 25.282113311700442 ], [ 55.314088851456965, 25.282084965242326 ] ] ] } },
{ "type": "Feature", "properties": { "cell_id": 409, "district": "deira", "gius": 0.416, "walkability_norm": 0.184, "services_norm": 0.161, "transit_norm": 0.904, "cluster": 0 }, "geometry": { "type": "Polygon", "coordinates": [ [ [ 55.314057649223351, 25.284341670297518 ], [ 55.314026443233125, 25.286598374626465 ], [ 55.316508618832174, 25.286626726844027 ], [ 55.316539778932295, 25.284370019635301 ], [ 55.314057649223351, 25.284341670297518 ] ] ] } },
{ "type": "Feature", "properties": { "cell_id": 410, "district": "deira", "gius": 0.295, "walkability_norm": 0.082, "services_norm": 0.0, "transit_norm": 0.804, "cluster": 0 }, "geometry": { "type": "Polygon", "coordinates": [ [ [ 55.314026443233125, 25.286598374626465 ], [ 55.313995233485969, 25.288855078229119 ], [ 55.316477454980642, 25.28888343332655 ], [ 55.316508618832174, 25.286626726844027 ], [ 55.314026443233125, 25.286598374626465 ] ] ] } },
{ "type": "Feature", "properties": { "cell_id": 411, "district": "deira", "gius": 0.256, "walkability_norm": 0.071, "services_norm": 0.0, "transit_norm": 0.697, "cluster": 0 }, "geometry": { "type": "Polygon", "coordinates": [ [ [ 55.313995233485969, 25.288855078229119 ], [ 55.313964019981583, 25.291111781105442 ], [ 55.31644628737741, 25.291140139082849 ], [ 55.316477454980642, 25.28888343332655 ], [ 55.313995233485969, 25.288855078229119 ] ] ] } },
{ "type": "Feature", "properties": { "cell_id": 412, "district": "deira", "gius": 0.22, "walkability_norm": 0.071, "services_norm": 0.0, "transit_norm": 0.587, "cluster": 0 }, "geometry": { "type": "Polygon", "coordinates": [ [ [ 55.313964019981583, 25.291111781105442 ], [ 55.313932802719663, 25.293368483255367 ], [ 55.316415116022164, 25.293396844112866 ], [ 55.31644628737741, 25.291140139082849 ], [ 55.313964019981583, 25.291111781105442 ] ] ] } },
{ "type": "Feature", "properties": { "cell_id": 413, "district": "deira", "gius": 0.298, "walkability_norm": 0.398, "services_norm": 0.0, "transit_norm": 0.497, "cluster": 0 }, "geometry": { "type": "Polygon", "coordinates": [ [ [ 55.313932802719663, 25.293368483255367 ], [ 55.313901581699916, 25.295625184678869 ], [ 55.316383940914612, 25.295653548416546 ], [ 55.316415116022164, 25.293396844112866 ], [ 55.313932802719663, 25.293368483255367 ] ] ] } },
{ "type": "Feature", "properties": { "cell_id": 414, "district": "deira", "gius": 0.217, "walkability_norm": 0.235, "services_norm": 0.0, "transit_norm": 0.417, "cluster": 2 }, "geometry": { "type": "Polygon", "coordinates": [ [ [ 55.313901581699916, 25.295625184678869 ], [ 55.313870356922024, 25.297881885375865 ], [ 55.316352762054436, 25.297910251993844 ], [ 55.316383940914612, 25.295653548416546 ], [ 55.313901581699916, 25.295625184678869 ] ] ] } },
{ "type": "Feature", "properties": { "cell_id": 415, "district": "deira", "gius": 0.116, "walkability_norm": 0.01, "services_norm": 0.0, "transit_norm": 0.339, "cluster": 2 }, "geometry": { "type": "Polygon", "coordinates": [ [ [ 55.313870356922024, 25.297881885375865 ], [ 55.313839128385688, 25.300138585346343 ], [ 55.316321579441343, 25.300166954844702 ], [ 55.316352762054436, 25.297910251993844 ], [ 55.313870356922024, 25.297881885375865 ] ] ] } },
{ "type": "Feature", "properties": { "cell_id": 416, "district": "deira", "gius": 0.385, "walkability_norm": 0.133, "services_norm": 0.065, "transit_norm": 0.959, "cluster": 0 }, "geometry": { "type": "Polygon", "coordinates": [ [ [ 55.317162193606926, 25.239235723037901 ], [ 55.317131108471237, 25.241492444759967 ], [ 55.319612371062099, 25.241520697755472 ], [ 55.319643410417726, 25.239263973159932 ], [ 55.317162193606926, 25.239235723037901 ] ] ] } },
{ "type": "Feature", "properties": { "cell_id": 417, "district": "deira", "gius": 0.485, "walkability_norm": 0.398, "services_norm": 0.129, "transit_norm": 0.929, "cluster": 1 }, "geometry": { "type": "Polygon", "coordinates": [ [ [ 55.317131108471237, 25.241492444759967 ], [ 55.3171000195902, 25.243749165756832 ], [ 55.319581327966638, 25.243777421625914 ], [ 55.319612371062099, 25.241520697755472 ], [ 55.317131108471237, 25.241492444759967 ] ] ] } },
{ "type": "Feature", "properties": { "cell_id": 418, "district": "deira", "gius": 0.6, "walkability_norm": 0.694, "services_norm": 0.194, "transit_norm": 0.912, "cluster": 1 }, "geometry": { "type": "Polygon", "coordinates": [ [ [ 55.3171000195902, 25.243749165756832 ], [ 55.317068926963508, 25.246005886028453 ], [ 55.319550281131036, 25.246034144771212 ], [ 55.319581327966638, 25.243777421625914 ], [ 55.3171000195902, 25.243749165756832 ] ] ] } },
{ "type": "Feature", "properties": { "cell_id": 419, "district": "deira", "gius": 0.509, "walkability_norm": 0.561, "services_norm": 0.129, "transit_norm": 0.838, "cluster": 1 }, "geometry": { "type": "Polygon", "coordinates": [ [ [ 55.317068926963508, 25.246005886028453 ], [ 55.31703783059087, 25.24826260557478 ], [ 55.319519230555009, 25.248290867191315 ], [ 55.319550281131036, 25.246034144771212 ], [ 55.317068926963508, 25.246005886028453 ] ] ] } },
{ "type": "Feature", "properties": { "cell_id": 420, "district": "deira", "gius": 0.354, "walkability_norm": 0.255, "services_norm": 0.032, "transit_norm": 0.776, "cluster": 0 }, "geometry": { "type": "Polygon", "coordinates": [ [ [ 55.31703783059087, 25.24826260557478 ], [ 55.317006730471974, 25.250519324395754 ], [ 55.319488176238231, 25.250547588886171 ], [ 55.319519230555009, 25.248290867191315 ], [ 55.31703783059087, 25.24826260557478 ] ] ] } },
{ "type": "Feature", "properties": { "cell_id": 421, "district": "deira", "gius": 0.263, "walkability_norm": 0.0, "services_norm": 0.032, "transit_norm": 0.756, "cluster": 0 }, "geometry": { "type": "Polygon", "coordinates": [ [ [ 55.317006730471974, 25.250519324395754 ], [ 55.316975626606528, 25.252776042491337 ], [ 55.319457118180416, 25.25280430985574 ], [ 55.319488176238231, 25.250547588886171 ], [ 55.317006730471974, 25.250519324395754 ] ] ] } },
{ "type": "Feature", "properties": { "cell_id": 422, "district": "deira", "gius": 0.233, "walkability_norm": 0.0, "services_norm": 0.0, "transit_norm": 0.698, "cluster": 0 }, "geometry": { "type": "Polygon", "coordinates": [ [ [ 55.316975626606528, 25.252776042491337 ], [ 55.316944518994212, 25.255032759861482 ], [ 55.319426056381246, 25.255061030099967 ], [ 55.319457118180416, 25.25280430985574 ], [ 55.316975626606528, 25.252776042491337 ] ] ] } },
{ "type": "Feature", "properties": { "cell_id": 423, "district": "deira", "gius": 0.316, "walkability_norm": 0.112, "services_norm": 0.065, "transit_norm": 0.77, "cluster": 0 }, "geometry": { "type": "Polygon", "coordinates": [ [ [ 55.316944518994212, 25.255032759861482 ], [ 55.31691340763475, 25.257289476506124 ], [ 55.319394990840451, 25.257317749618803 ], [ 55.319426056381246, 25.255061030099967 ], [ 55.316944518994212, 25.255032759861482 ] ] ] } },
{ "type": "Feature", "properties": { "cell_id": 424, "district": "deira", "gius": 0.696, "walkability_norm": 1.0, "services_norm": 0.226, "transit_norm": 0.863, "cluster": 1 }, "geometry": { "type": "Polygon", "coordinates": [ [ [ 55.31691340763475, 25.257289476506124 ], [ 55.316882292527815, 25.259546192425223 ], [ 55.319363921557695, 25.259574468412204 ], [ 55.319394990840451, 25.257317749618803 ], [ 55.31691340763475, 25.257289476506124 ] ] ] } },
{ "type": "Feature", "properties": { "cell_id": 425, "district": "deira", "gius": 0.768, "walkability_norm": 1.0, "services_norm": 0.387, "transit_norm": 0.916, "cluster": 1 }, "geometry": { "type": "Polygon", "coordinates": [ [ [ 55.316882292527815, 25.259546192425223 ], [ 55.316851173673115, 25.261802907618726 ], [ 55.319332848532689, 25.261831186480109 ], [ 55.319363921557695, 25.259574468412204 ], [ 55.316882292527815, 25.259546192425223 ] ] ] } },
{ "type": "Feature", "properties": { "cell_id": 426, "district": "deira", "gius": 0.856, "walkability_norm": 1.0, "services_norm": 0.677, "transit_norm": 0.89, "cluster": 3 }, "geometry": { "type": "Polygon", "coordinates": [ [ [ 55.316851173673115, 25.261802907618726 ], [ 55.316820051070344, 25.264059622086588 ], [ 55.319301771765126, 25.264087903822471 ], [ 55.319332848532689, 25.261831186480109 ], [ 55.316851173673115, 25.261802907618726 ] ] ] } },
{ "type": "Feature", "properties": { "cell_id": 427, "district": "deira", "gius": 0.834, "walkability_norm": 0.673, "services_norm": 0.839, "transit_norm": 0.99, "cluster": 3 }, "geometry": { "type": "Polygon", "coordinates": [ [ [ 55.316820051070344, 25.264059622086588 ], [ 55.316788924719198, 25.266316335828765 ], [ 55.319270691254715, 25.266344620439249 ], [ 55.319301771765126, 25.264087903822471 ], [ 55.316820051070344, 25.264059622086588 ] ] ] } },
{ "type": "Feature", "properties": { "cell_id": 428, "district": "deira", "gius": 0.752, "walkability_norm": 0.398, "services_norm": 0.871, "transit_norm": 0.987, "cluster": 3 }, "geometry": { "type": "Polygon", "coordinates": [ [ [ 55.316788924719198, 25.266316335828765 ], [ 55.316757794619377, 25.268573048845198 ], [ 55.319239607001144, 25.268601336330388 ], [ 55.319270691254715, 25.266344620439249 ], [ 55.316788924719198, 25.266316335828765 ] ] ] } },
{ "type": "Feature", "properties": { "cell_id": 429, "district": "deira", "gius": 0.906, "walkability_norm": 0.745, "services_norm": 1.0, "transit_norm": 0.974, "cluster": 3 }, "geometry": { "type": "Polygon", "coordinates": [ [ [ 55.316757794619377, 25.268573048845198 ], [ 55.316726660770584, 25.270829761135836 ], [ 55.319208519004121, 25.270858051495843 ], [ 55.319239607001144, 25.268601336330388 ], [ 55.316757794619377, 25.268573048845198 ] ] ] } },
{ "type": "Feature", "properties": { "cell_id": 438, "district": "deira", "gius": 0.275, "walkability_norm": 0.102, "services_norm": 0.0, "transit_norm": 0.722, "cluster": 0 }, "geometry": { "type": "Polygon", "coordinates": [ [ [ 55.316477454980642, 25.28888343332655 ], [ 55.31644628737741, 25.291140139082849 ], [ 55.318928558525243, 25.291168455320811 ], [ 55.318959680227032, 25.288911746688772 ], [ 55.316477454980642, 25.28888343332655 ] ] ] } },
{ "type": "Feature", "properties": { "cell_id": 747, "district": "deira", "gius": 0.275, "walkability_norm": 0.0, "services_norm": 0.0, "transit_norm": 0.824, "cluster": 0 }, "geometry": { "type": "Polygon", "coordinates": [ [ [ 55.346723213373785, 25.255369252323298 ], [ 55.346692651858127, 25.257626003178704 ], [ 55.349174279603126, 25.257653776161483 ], [ 55.349204795296522, 25.255397022482718 ], [ 55.346723213373785, 25.255369252323298 ] ] ] } },
{ "type": "Feature", "properties": { "cell_id": 748, "district": "deira", "gius": 0.275, "walkability_norm": 0.0, "services_norm": 0.0, "transit_norm": 0.825, "cluster": 0 }, "geometry": { "type": "Polygon", "coordinates": [ [ [ 55.346692651858127, 25.257626003178704 ], [ 55.346662086661205, 25.259882753309789 ], [ 55.349143760233979, 25.259910529116041 ], [ 55.349174279603126, 25.257653776161483 ], [ 55.346692651858127, 25.257626003178704 ] ] ] } },
{ "type": "Feature", "properties": { "cell_id": 749, "district": "deira", "gius": 0.257, "walkability_norm": 0.0, "services_norm": 0.0, "transit_norm": 0.771, "cluster": 0 }, "geometry": { "type": "Polygon", "coordinates": [ [ [ 55.346662086661205, 25.259882753309789 ], [ 55.346631517782711, 25.262139502716515 ], [ 55.349113237188782, 25.262167281346336 ], [ 55.349143760233979, 25.259910529116041 ], [ 55.346662086661205, 25.259882753309789 ] ] ] } },
{ "type": "Feature", "properties": { "cell_id": 750, "district": "deira", "gius": 0.229, "walkability_norm": 0.0, "services_norm": 0.0, "transit_norm": 0.688, "cluster": 0 }, "geometry": { "type": "Polygon", "coordinates": [ [ [ 55.346631517782711, 25.262139502716515 ], [ 55.346600945222356, 25.264396251398821 ], [ 55.349082710467243, 25.264424032852311 ], [ 55.349113237188782, 25.262167281346336 ], [ 55.346631517782711, 25.262139502716515 ] ] ] } },
{ "type": "Feature", "properties": { "cell_id": 751, "district": "deira", "gius": 0.197, "walkability_norm": 0.0, "services_norm": 0.0, "transit_norm": 0.592, "cluster": 0 }, "geometry": { "type": "Polygon", "coordinates": [ [ [ 55.346600945222356, 25.264396251398821 ], [ 55.34657036897984, 25.266652999356669 ], [ 55.349052180069059, 25.266680783633923 ], [ 55.349082710467243, 25.264424032852311 ], [ 55.346600945222356, 25.264396251398821 ] ] ] } },
{ "type": "Feature", "properties": { "cell_id": 752, "district": "deira", "gius": 0.22, "walkability_norm": 0.0, "services_norm": 0.0, "transit_norm": 0.661, "cluster": 0 }, "geometry": { "type": "Polygon", "coordinates": [ [ [ 55.34657036897984, 25.266652999356669 ], [ 55.346539789054873, 25.268909746590005 ], [ 55.349021645993936, 25.268937533691137 ], [ 55.349052180069059, 25.266680783633923 ], [ 55.34657036897984, 25.266652999356669 ] ] ] } },
{ "type": "Feature", "properties": { "cell_id": 753, "district": "deira", "gius": 0.291, "walkability_norm": 0.102, "services_norm": 0.0, "transit_norm": 0.771, "cluster": 0 }, "geometry": { "type": "Polygon", "coordinates": [ [ [ 55.346539789054873, 25.268909746590005 ], [ 55.346509205447148, 25.271166493098782 ], [ 55.348991108241577, 25.271194283023885 ], [ 55.349021645993936, 25.268937533691137 ], [ 55.346539789054873, 25.268909746590005 ] ] ] } },
{ "type": "Feature", "properties": { "cell_id": 439, "district": "deira", "gius": 0.232, "walkability_norm": 0.041, "services_norm": 0.0, "transit_norm": 0.655, "cluster": 0 }, "geometry": { "type": "Polygon", "coordinates": [ [ [ 55.31644628737741, 25.291140139082849 ], [ 55.316415116022164, 25.293396844112866 ], [ 55.318897433076977, 25.293425163226669 ], [ 55.318928558525243, 25.291168455320811 ], [ 55.31644628737741, 25.291140139082849 ] ] ] } },
{ "type": "Feature", "properties": { "cell_id": 440, "district": "deira", "gius": 0.198, "walkability_norm": 0.02, "services_norm": 0.0, "transit_norm": 0.575, "cluster": 0 }, "geometry": { "type": "Polygon", "coordinates": [ [ [ 55.316415116022164, 25.293396844112866 ], [ 55.316383940914612, 25.295653548416546 ], [ 55.318866303881919, 25.295681870406298 ], [ 55.318897433076977, 25.293425163226669 ], [ 55.316415116022164, 25.293396844112866 ] ] ] } },
{ "type": "Feature", "properties": { "cell_id": 441, "district": "deira", "gius": 0.19, "walkability_norm": 0.071, "services_norm": 0.0, "transit_norm": 0.497, "cluster": 0 }, "geometry": { "type": "Polygon", "coordinates": [ [ [ 55.316383940914612, 25.295653548416546 ], [ 55.316352762054436, 25.297910251993844 ], [ 55.318835170939764, 25.297938576859643 ], [ 55.318866303881919, 25.295681870406298 ], [ 55.316383940914612, 25.295653548416546 ] ] ] } },
{ "type": "Feature", "properties": { "cell_id": 442, "district": "deira", "gius": 0.183, "walkability_norm": 0.112, "services_norm": 0.0, "transit_norm": 0.436, "cluster": 2 }, "geometry": { "type": "Polygon", "coordinates": [ [ [ 55.316352762054436, 25.297910251993844 ], [ 55.316321579441343, 25.300166954844702 ], [ 55.318804034250213, 25.300195282586664 ], [ 55.318835170939764, 25.297938576859643 ], [ 55.316352762054436, 25.297910251993844 ] ] ] } },
{ "type": "Feature", "properties": { "cell_id": 443, "district": "deira", "gius": 0.409, "walkability_norm": 0.347, "services_norm": 0.032, "transit_norm": 0.848, "cluster": 0 }, "geometry": { "type": "Polygon", "coordinates": [ [ [ 55.319643410417726, 25.239263973159932 ], [ 55.319612371062099, 25.241520697755472 ], [ 55.322093637392797, 25.241548909104473 ], [ 55.322124630968062, 25.239292181639705 ], [ 55.319643410417726, 25.239263973159932 ] ] ] } },
{ "type": "Feature", "properties": { "cell_id": 444, "district": "deira", "gius": 0.505, "walkability_norm": 0.49, "services_norm": 0.097, "transit_norm": 0.929, "cluster": 1 }, "geometry": { "type": "Polygon", "coordinates": [ [ [ 55.319612371062099, 25.241520697755472 ], [ 55.319581327966638, 25.243777421625914 ], [ 55.32206264008321, 25.243805635844254 ], [ 55.322093637392797, 25.241548909104473 ], [ 55.319612371062099, 25.241520697755472 ] ] ] } },
{ "type": "Feature", "properties": { "cell_id": 445, "district": "deira", "gius": 0.678, "walkability_norm": 1.0, "services_norm": 0.097, "transit_norm": 0.938, "cluster": 1 }, "geometry": { "type": "Polygon", "coordinates": [ [ [ 55.319581327966638, 25.243777421625914 ], [ 55.319550281131036, 25.246034144771212 ], [ 55.322031639039011, 25.246062361858993 ], [ 55.32206264008321, 25.243805635844254 ], [ 55.319581327966638, 25.243777421625914 ] ] ] } },
{ "type": "Feature", "properties": { "cell_id": 446, "district": "deira", "gius": 0.582, "walkability_norm": 0.796, "services_norm": 0.097, "transit_norm": 0.852, "cluster": 1 }, "geometry": { "type": "Polygon", "coordinates": [ [ [ 55.319550281131036, 25.246034144771212 ], [ 55.319519230555009, 25.248290867191315 ], [ 55.322000634259879, 25.248319087148644 ], [ 55.322031639039011, 25.246062361858993 ], [ 55.319550281131036, 25.246034144771212 ] ] ] } },
{ "type": "Feature", "properties": { "cell_id": 447, "district": "deira", "gius": 0.396, "walkability_norm": 0.408, "services_norm": 0.032, "transit_norm": 0.748, "cluster": 0 }, "geometry": { "type": "Polygon", "coordinates": [ [ [ 55.319519230555009, 25.248290867191315 ], [ 55.319488176238231, 25.250547588886171 ], [ 55.321969625745524, 25.250575811713148 ], [ 55.322000634259879, 25.248319087148644 ], [ 55.319519230555009, 25.248290867191315 ] ] ] } },
{ "type": "Feature", "properties": { "cell_id": 448, "district": "deira", "gius": 0.265, "walkability_norm": 0.112, "services_norm": 0.032, "transit_norm": 0.65, "cluster": 0 }, "geometry": { "type": "Polygon", "coordinates": [ [ [ 55.319488176238231, 25.250547588886171 ], [ 55.319457118180416, 25.25280430985574 ], [ 55.321938613495647, 25.252832535552464 ], [ 55.321969625745524, 25.250575811713148 ], [ 55.319488176238231, 25.250547588886171 ] ] ] } },
{ "type": "Feature", "properties": { "cell_id": 449, "district": "deira", "gius": 0.284, "walkability_norm": 0.112, "services_norm": 0.032, "transit_norm": 0.706, "cluster": 0 }, "geometry": { "type": "Polygon", "coordinates": [ [ [ 55.319457118180416, 25.25280430985574 ], [ 55.319426056381246, 25.255061030099967 ], [ 55.321907597509934, 25.255089258666551 ], [ 55.321938613495647, 25.252832535552464 ], [ 55.319457118180416, 25.25280430985574 ] ] ] } },
{ "type": "Feature", "properties": { "cell_id": 450, "district": "deira", "gius": 0.551, "walkability_norm": 0.663, "services_norm": 0.194, "transit_norm": 0.796, "cluster": 1 }, "geometry": { "type": "Polygon", "coordinates": [ [ [ 55.319426056381246, 25.255061030099967 ], [ 55.319394990840451, 25.257317749618803 ], [ 55.321876577788096, 25.257345981055341 ], [ 55.321907597509934, 25.255089258666551 ], [ 55.319426056381246, 25.255061030099967 ] ] ] } },
{ "type": "Feature", "properties": { "cell_id": 451, "district": "deira", "gius": 0.814, "walkability_norm": 0.857, "services_norm": 0.677, "transit_norm": 0.908, "cluster": 3 }, "geometry": { "type": "Polygon", "coordinates": [ [ [ 55.319394990840451, 25.257317749618803 ], [ 55.319363921557695, 25.259574468412204 ], [ 55.321845554329819, 25.259602702718794 ], [ 55.321876577788096, 25.257345981055341 ], [ 55.319394990840451, 25.257317749618803 ] ] ] } },
{ "type": "Feature", "properties": { "cell_id": 452, "district": "deira", "gius": 0.912, "walkability_norm": 0.735, "services_norm": 1.0, "transit_norm": 1.0, "cluster": 3 }, "geometry": { "type": "Polygon", "coordinates": [ [ [ 55.319363921557695, 25.259574468412204 ], [ 55.319332848532689, 25.261831186480109 ], [ 55.321814527134812, 25.261859423656865 ], [ 55.321845554329819, 25.259602702718794 ], [ 55.319363921557695, 25.259574468412204 ] ] ] } },
{ "type": "Feature", "properties": { "cell_id": 453, "district": "deira", "gius": 0.771, "walkability_norm": 0.449, "services_norm": 0.935, "transit_norm": 0.929, "cluster": 3 }, "geometry": { "type": "Polygon", "coordinates": [ [ [ 55.319332848532689, 25.261831186480109 ], [ 55.319301771765126, 25.264087903822471 ], [ 55.321783496202769, 25.264116143869501 ], [ 55.321814527134812, 25.261859423656865 ], [ 55.319332848532689, 25.261831186480109 ] ] ] } },
{ "type": "Feature", "properties": { "cell_id": 454, "district": "deira", "gius": 0.646, "walkability_norm": 0.347, "services_norm": 0.645, "transit_norm": 0.946, "cluster": 3 }, "geometry": { "type": "Polygon", "coordinates": [ [ [ 55.319301771765126, 25.264087903822471 ], [ 55.319270691254715, 25.266344620439249 ], [ 55.321752461533393, 25.26637286335664 ], [ 55.321783496202769, 25.264116143869501 ], [ 55.319301771765126, 25.264087903822471 ] ] ] } },
{ "type": "Feature", "properties": { "cell_id": 455, "district": "deira", "gius": 0.838, "walkability_norm": 0.827, "services_norm": 0.774, "transit_norm": 0.912, "cluster": 3 }, "geometry": { "type": "Polygon", "coordinates": [ [ [ 55.319270691254715, 25.266344620439249 ], [ 55.319239607001144, 25.268601336330388 ], [ 55.321721423126377, 25.268629582118258 ], [ 55.321752461533393, 25.26637286335664 ], [ 55.319270691254715, 25.266344620439249 ] ] ] } },
{ "type": "Feature", "properties": { "cell_id": 456, "district": "deira", "gius": 0.79, "walkability_norm": 0.663, "services_norm": 0.71, "transit_norm": 0.998, "cluster": 3 }, "geometry": { "type": "Polygon", "coordinates": [ [ [ 55.319239607001144, 25.268601336330388 ], [ 55.319208519004121, 25.270858051495843 ], [ 55.321690380981416, 25.270886300154281 ], [ 55.321721423126377, 25.268629582118258 ], [ 55.319239607001144, 25.268601336330388 ] ] ] } },
{ "type": "Feature", "properties": { "cell_id": 457, "district": "deira", "gius": 0.78, "walkability_norm": 0.367, "services_norm": 1.0, "transit_norm": 0.974, "cluster": 3 }, "geometry": { "type": "Polygon", "coordinates": [ [ [ 55.319208519004121, 25.270858051495843 ], [ 55.319177427263327, 25.273114765935556 ], [ 55.321659335098211, 25.273143017464673 ], [ 55.321690380981416, 25.270886300154281 ], [ 55.319208519004121, 25.270858051495843 ] ] ] } },
{ "type": "Feature", "properties": { "cell_id": 458, "district": "deira", "gius": 0.776, "walkability_norm": 0.52, "services_norm": 0.806, "transit_norm": 1.0, "cluster": 3 }, "geometry": { "type": "Polygon", "coordinates": [ [ [ 55.319177427263327, 25.273114765935556 ], [ 55.31914633177847, 25.275371479649483 ], [ 55.321628285476464, 25.27539973404938 ], [ 55.321659335098211, 25.273143017464673 ], [ 55.319177427263327, 25.273114765935556 ] ] ] } },
{ "type": "Feature", "properties": { "cell_id": 459, "district": "deira", "gius": 0.817, "walkability_norm": 0.724, "services_norm": 0.742, "transit_norm": 0.983, "cluster": 3 }, "geometry": { "type": "Polygon", "coordinates": [ [ [ 55.31914633177847, 25.275371479649483 ], [ 55.319115232549251, 25.277628192637579 ], [ 55.32159723211587, 25.27765644990836 ], [ 55.321628285476464, 25.27539973404938 ], [ 55.31914633177847, 25.275371479649483 ] ] ] } },
{ "type": "Feature", "properties": { "cell_id": 460, "district": "deira", "gius": 0.644, "walkability_norm": 0.439, "services_norm": 0.516, "transit_norm": 0.978, "cluster": 1 }, "geometry": { "type": "Polygon", "coordinates": [ [ [ 55.319115232549251, 25.277628192637579 ], [ 55.319084129575359, 25.279884904899777 ], [ 55.321566175016123, 25.279913165041556 ], [ 55.32159723211587, 25.27765644990836 ], [ 55.319115232549251, 25.277628192637579 ] ] ] } },
{ "type": "Feature", "properties": { "cell_id": 461, "district": "deira", "gius": 0.626, "walkability_norm": 0.643, "services_norm": 0.258, "transit_norm": 0.976, "cluster": 1 }, "geometry": { "type": "Polygon", "coordinates": [ [ [ 55.319084129575359, 25.279884904899777 ], [ 55.319053022856487, 25.282141616436054 ], [ 55.321535114176925, 25.282169879448919 ], [ 55.321566175016123, 25.279913165041556 ], [ 55.319084129575359, 25.279884904899777 ] ] ] } },
{ "type": "Feature", "properties": { "cell_id": 462, "district": "deira", "gius": 0.644, "walkability_norm": 0.765, "services_norm": 0.226, "transit_norm": 0.941, "cluster": 1 }, "geometry": { "type": "Polygon", "coordinates": [ [ [ 55.319053022856487, 25.282141616436054 ], [ 55.319021912392344, 25.284398327246343 ], [ 55.321504049597976, 25.284426593130402 ], [ 55.321535114176925, 25.282169879448919 ], [ 55.319053022856487, 25.282141616436054 ] ] ] } },
{ "type": "Feature", "properties": { "cell_id": 463, "district": "deira", "gius": 0.624, "walkability_norm": 0.888, "services_norm": 0.097, "transit_norm": 0.889, "cluster": 1 }, "geometry": { "type": "Polygon", "coordinates": [ [ [ 55.319021912392344, 25.284398327246343 ], [ 55.318990798182625, 25.286655037330608 ], [ 55.321472981278966, 25.286683306085955 ], [ 55.321504049597976, 25.284426593130402 ], [ 55.319021912392344, 25.284398327246343 ] ] ] } },
{ "type": "Feature", "properties": { "cell_id": 464, "district": "deira", "gius": 0.454, "walkability_norm": 0.398, "services_norm": 0.097, "transit_norm": 0.867, "cluster": 0 }, "geometry": { "type": "Polygon", "coordinates": [ [ [ 55.318990798182625, 25.286655037330608 ], [ 55.318959680227032, 25.288911746688772 ], [ 55.321441909219601, 25.288940018315525 ], [ 55.321472981278966, 25.286683306085955 ], [ 55.318990798182625, 25.286655037330608 ] ] ] } },
{ "type": "Feature", "properties": { "cell_id": 465, "district": "deira", "gius": 0.439, "walkability_norm": 0.439, "services_norm": 0.065, "transit_norm": 0.814, "cluster": 1 }, "geometry": { "type": "Polygon", "coordinates": [ [ [ 55.318959680227032, 25.288911746688772 ], [ 55.318928558525243, 25.291168455320811 ], [ 55.32141083341957, 25.29119672981907 ], [ 55.321441909219601, 25.288940018315525 ], [ 55.318959680227032, 25.288911746688772 ] ] ] } },
{ "type": "Feature", "properties": { "cell_id": 466, "district": "deira", "gius": 0.255, "walkability_norm": 0.0, "services_norm": 0.032, "transit_norm": 0.732, "cluster": 0 }, "geometry": { "type": "Polygon", "coordinates": [ [ [ 55.318928558525243, 25.291168455320811 ], [ 55.318897433076977, 25.293425163226669 ], [ 55.321379753878574, 25.293453440596537 ], [ 55.32141083341957, 25.29119672981907 ], [ 55.318928558525243, 25.291168455320811 ] ] ] } },
{ "type": "Feature", "properties": { "cell_id": 467, "district": "deira", "gius": 0.222, "walkability_norm": 0.01, "services_norm": 0.0, "transit_norm": 0.655, "cluster": 0 }, "geometry": { "type": "Polygon", "coordinates": [ [ [ 55.318897433076977, 25.293425163226669 ], [ 55.318866303881919, 25.295681870406298 ], [ 55.321348670596315, 25.295710150647881 ], [ 55.321379753878574, 25.293453440596537 ], [ 55.318897433076977, 25.293425163226669 ] ] ] } },
{ "type": "Feature", "properties": { "cell_id": 468, "district": "deira", "gius": 0.228, "walkability_norm": 0.102, "services_norm": 0.0, "transit_norm": 0.583, "cluster": 0 }, "geometry": { "type": "Polygon", "coordinates": [ [ [ 55.318866303881919, 25.295681870406298 ], [ 55.318835170939764, 25.297938576859643 ], [ 55.321317583572487, 25.297966859973037 ], [ 55.321348670596315, 25.295710150647881 ], [ 55.318866303881919, 25.295681870406298 ] ] ] } },
{ "type": "Feature", "properties": { "cell_id": 469, "district": "deira", "gius": 0.182, "walkability_norm": 0.01, "services_norm": 0.0, "transit_norm": 0.535, "cluster": 0 }, "geometry": { "type": "Polygon", "coordinates": [ [ [ 55.318835170939764, 25.297938576859643 ], [ 55.318804034250213, 25.300195282586664 ], [ 55.321286492806792, 25.30022356857198 ], [ 55.321317583572487, 25.297966859973037 ], [ 55.318835170939764, 25.297938576859643 ] ] ] } },
{ "type": "Feature", "properties": { "cell_id": 470, "district": "deira", "gius": 0.516, "walkability_norm": 0.663, "services_norm": 0.032, "transit_norm": 0.852, "cluster": 1 }, "geometry": { "type": "Polygon", "coordinates": [ [ [ 55.322124630968062, 25.239292181639705 ], [ 55.322093637392797, 25.241548909104473 ], [ 55.324574907457816, 25.241577078806731 ], [ 55.324605855252415, 25.239320348476962 ], [ 55.322124630968062, 25.239292181639705 ] ] ] } },
{ "type": "Feature", "properties": { "cell_id": 471, "district": "deira", "gius": 0.436, "walkability_norm": 0.316, "services_norm": 0.032, "transit_norm": 0.959, "cluster": 0 }, "geometry": { "type": "Polygon", "coordinates": [ [ [ 55.322093637392797, 25.241548909104473 ], [ 55.32206264008321, 25.243805635844254 ], [ 55.324543955934409, 25.243833808411612 ], [ 55.324574907457816, 25.241577078806731 ], [ 55.322093637392797, 25.241548909104473 ] ] ] } },
{ "type": "Feature", "properties": { "cell_id": 472, "district": "deira", "gius": 0.57, "walkability_norm": 0.704, "services_norm": 0.032, "transit_norm": 0.973, "cluster": 1 }, "geometry": { "type": "Polygon", "coordinates": [ [ [ 55.32206264008321, 25.243805635844254 ], [ 55.322031639039011, 25.246062361858993 ], [ 55.324513000681897, 25.246090537291554 ], [ 55.324543955934409, 25.243833808411612 ], [ 55.32206264008321, 25.243805635844254 ] ] ] } },
{ "type": "Feature", "properties": { "cell_id": 473, "district": "deira", "gius": 0.395, "walkability_norm": 0.286, "services_norm": 0.032, "transit_norm": 0.868, "cluster": 0 }, "geometry": { "type": "Polygon", "coordinates": [ [ [ 55.322031639039011, 25.246062361858993 ], [ 55.322000634259879, 25.248319087148644 ], [ 55.32448204169998, 25.248347265446519 ], [ 55.324513000681897, 25.246090537291554 ], [ 55.322031639039011, 25.246062361858993 ] ] ] } },
{ "type": "Feature", "properties": { "cell_id": 474, "district": "deira", "gius": 0.375, "walkability_norm": 0.337, "services_norm": 0.032, "transit_norm": 0.757, "cluster": 0 }, "geometry": { "type": "Polygon", "coordinates": [ [ [ 55.322000634259879, 25.248319087148644 ], [ 55.321969625745524, 25.250575811713148 ], [ 55.324451078988346, 25.250603992876432 ], [ 55.32448204169998, 25.248347265446519 ], [ 55.322000634259879, 25.248319087148644 ] ] ] } },
{ "type": "Feature", "properties": { "cell_id": 475, "district": "deira", "gius": 0.275, "walkability_norm": 0.082, "services_norm": 0.032, "transit_norm": 0.712, "cluster": 0 }, "geometry": { "type": "Polygon", "coordinates": [ [ [ 55.321969625745524, 25.250575811713148 ], [ 55.321938613495647, 25.252832535552464 ], [ 55.324420112546704, 25.252860719581268 ], [ 55.324451078988346, 25.250603992876432 ], [ 55.321969625745524, 25.250575811713148 ] ] ] } },
{ "type": "Feature", "properties": { "cell_id": 476, "district": "deira", "gius": 0.408, "walkability_norm": 0.398, "services_norm": 0.065, "transit_norm": 0.761, "cluster": 0 }, "geometry": { "type": "Polygon", "coordinates": [ [ [ 55.321938613495647, 25.252832535552464 ], [ 55.321907597509934, 25.255089258666551 ], [ 55.324389142374748, 25.25511744556097 ], [ 55.324420112546704, 25.252860719581268 ], [ 55.321938613495647, 25.252832535552464 ] ] ] } },
{ "type": "Feature", "properties": { "cell_id": 477, "district": "deira", "gius": 0.639, "walkability_norm": 0.704, "services_norm": 0.355, "transit_norm": 0.859, "cluster": 1 }, "geometry": { "type": "Polygon", "coordinates": [ [ [ 55.321907597509934, 25.255089258666551 ], [ 55.321876577788096, 25.257345981055341 ], [ 55.324358168472166, 25.257374170815478 ], [ 55.324389142374748, 25.25511744556097 ], [ 55.321907597509934, 25.255089258666551 ] ] ] } },
{ "type": "Feature", "properties": { "cell_id": 478, "district": "deira", "gius": 0.831, "walkability_norm": 0.837, "services_norm": 0.71, "transit_norm": 0.946, "cluster": 3 }, "geometry": { "type": "Polygon", "coordinates": [ [ [ 55.321876577788096, 25.257345981055341 ], [ 55.321845554329819, 25.259602702718794 ], [ 55.32432719083868, 25.259630895344763 ], [ 55.324358168472166, 25.257374170815478 ], [ 55.321876577788096, 25.257345981055341 ] ] ] } },
{ "type": "Feature", "properties": { "cell_id": 479, "district": "deira", "gius": 0.834, "walkability_norm": 0.571, "services_norm": 1.0, "transit_norm": 0.931, "cluster": 3 }, "geometry": { "type": "Polygon", "coordinates": [ [ [ 55.321845554329819, 25.259602702718794 ], [ 55.321814527134812, 25.261859423656865 ], [ 55.324296209473978, 25.261887619148759 ], [ 55.32432719083868, 25.259630895344763 ], [ 55.321845554329819, 25.259602702718794 ] ] ] } },
{ "type": "Feature", "properties": { "cell_id": 480, "district": "deira", "gius": 0.84, "walkability_norm": 0.531, "services_norm": 1.0, "transit_norm": 0.989, "cluster": 3 }, "geometry": { "type": "Polygon", "coordinates": [ [ [ 55.321814527134812, 25.261859423656865 ], [ 55.321783496202769, 25.264116143869501 ], [ 55.324265224377754, 25.264144342227418 ], [ 55.324296209473978, 25.261887619148759 ], [ 55.321814527134812, 25.261859423656865 ] ] ] } },
{ "type": "Feature", "properties": { "cell_id": 481, "district": "deira", "gius": 0.823, "walkability_norm": 0.561, "services_norm": 0.935, "transit_norm": 0.973, "cluster": 3 }, "geometry": { "type": "Polygon", "coordinates": [ [ [ 55.321783496202769, 25.264116143869501 ], [ 55.321752461533393, 25.26637286335664 ], [ 55.32423423554971, 25.266401064580698 ], [ 55.324265224377754, 25.264144342227418 ], [ 55.321783496202769, 25.264116143869501 ] ] ] } },
{ "type": "Feature", "properties": { "cell_id": 482, "district": "deira", "gius": 0.688, "walkability_norm": 0.49, "services_norm": 0.677, "transit_norm": 0.898, "cluster": 3 }, "geometry": { "type": "Polygon", "coordinates": [ [ [ 55.321752461533393, 25.26637286335664 ], [ 55.321721423126377, 25.268629582118258 ], [ 55.324203242989547, 25.268657786208546 ], [ 55.32423423554971, 25.266401064580698 ], [ 55.321752461533393, 25.26637286335664 ] ] ] } },
{ "type": "Feature", "properties": { "cell_id": 483, "district": "deira", "gius": 0.806, "walkability_norm": 0.612, "services_norm": 0.806, "transit_norm": 1.0, "cluster": 3 }, "geometry": { "type": "Polygon", "coordinates": [ [ [ 55.321721423126377, 25.268629582118258 ], [ 55.321690380981416, 25.270886300154281 ], [ 55.324172246696961, 25.270914507110916 ], [ 55.324203242989547, 25.268657786208546 ], [ 55.321721423126377, 25.268629582118258 ] ] ] } },
{ "type": "Feature", "properties": { "cell_id": 484, "district": "deira", "gius": 0.742, "walkability_norm": 0.286, "services_norm": 1.0, "transit_norm": 0.941, "cluster": 3 }, "geometry": { "type": "Polygon", "coordinates": [ [ [ 55.321690380981416, 25.270886300154281 ], [ 55.321659335098211, 25.273143017464673 ], [ 55.324141246671644, 25.273171227287744 ], [ 55.324172246696961, 25.270914507110916 ], [ 55.321690380981416, 25.270886300154281 ] ] ] } },
{ "type": "Feature", "properties": { "cell_id": 485, "district": "deira", "gius": 0.859, "walkability_norm": 0.612, "services_norm": 1.0, "transit_norm": 0.965, "cluster": 3 }, "geometry": { "type": "Polygon", "coordinates": [ [ [ 55.321659335098211, 25.273143017464673 ], [ 55.321628285476464, 25.27539973404938 ], [ 55.324110242913306, 25.275427946738997 ], [ 55.324141246671644, 25.273171227287744 ], [ 55.321659335098211, 25.273143017464673 ] ] ] } },
{ "type": "Feature", "properties": { "cell_id": 486, "district": "deira", "gius": 0.738, "walkability_norm": 0.52, "services_norm": 0.742, "transit_norm": 0.952, "cluster": 3 }, "geometry": { "type": "Polygon", "coordinates": [ [ [ 55.321628285476464, 25.27539973404938 ], [ 55.32159723211587, 25.27765644990836 ], [ 55.324079235421642, 25.277684665464623 ], [ 55.324110242913306, 25.275427946738997 ], [ 55.321628285476464, 25.27539973404938 ] ] ] } },
{ "type": "Feature", "properties": { "cell_id": 487, "district": "deira", "gius": 0.599, "walkability_norm": 0.378, "services_norm": 0.452, "transit_norm": 0.968, "cluster": 1 }, "geometry": { "type": "Polygon", "coordinates": [ [ [ 55.32159723211587, 25.27765644990836 ], [ 55.321566175016123, 25.279913165041556 ], [ 55.324048224196339, 25.279941383464571 ], [ 55.324079235421642, 25.277684665464623 ], [ 55.32159723211587, 25.27765644990836 ] ] ] } },
{ "type": "Feature", "properties": { "cell_id": 488, "district": "deira", "gius": 0.506, "walkability_norm": 0.235, "services_norm": 0.323, "transit_norm": 0.961, "cluster": 0 }, "geometry": { "type": "Polygon", "coordinates": [ [ [ 55.321566175016123, 25.279913165041556 ], [ 55.321535114176925, 25.282169879448919 ], [ 55.324017209237113, 25.282198100738785 ], [ 55.324048224196339, 25.279941383464571 ], [ 55.321566175016123, 25.279913165041556 ] ] ] } },
{ "type": "Feature", "properties": { "cell_id": 489, "district": "deira", "gius": 0.622, "walkability_norm": 0.755, "services_norm": 0.161, "transit_norm": 0.951, "cluster": 1 }, "geometry": { "type": "Polygon", "coordinates": [ [ [ 55.321535114176925, 25.282169879448919 ], [ 55.321504049597976, 25.284426593130402 ], [ 55.323986190543657, 25.284454817287227 ], [ 55.324017209237113, 25.282198100738785 ], [ 55.321535114176925, 25.282169879448919 ] ] ] } },
{ "type": "Feature", "properties": { "cell_id": 490, "district": "deira", "gius": 0.71, "walkability_norm": 1.0, "services_norm": 0.129, "transit_norm": 1.0, "cluster": 1 }, "geometry": { "type": "Polygon", "coordinates": [ [ [ 55.321504049597976, 25.284426593130402 ], [ 55.321472981278966, 25.286683306085955 ], [ 55.32395516811566, 25.286711533109845 ], [ 55.323986190543657, 25.284454817287227 ], [ 55.321504049597976, 25.284426593130402 ] ] ] } },
{ "type": "Feature", "properties": { "cell_id": 491, "district": "deira", "gius": 0.711, "walkability_norm": 1.0, "services_norm": 0.161, "transit_norm": 0.971, "cluster": 1 }, "geometry": { "type": "Polygon", "coordinates": [ [ [ 55.321472981278966, 25.286683306085955 ], [ 55.321441909219601, 25.288940018315525 ], [ 55.323924141952823, 25.288968248206569 ], [ 55.32395516811566, 25.286711533109845 ], [ 55.321472981278966, 25.286683306085955 ] ] ] } },
{ "type": "Feature", "properties": { "cell_id": 492, "district": "deira", "gius": 0.648, "walkability_norm": 0.898, "services_norm": 0.161, "transit_norm": 0.885, "cluster": 1 }, "geometry": { "type": "Polygon", "coordinates": [ [ [ 55.321441909219601, 25.288940018315525 ], [ 55.32141083341957, 25.29119672981907 ], [ 55.323893112054861, 25.291224962577388 ], [ 55.323924141952823, 25.288968248206569 ], [ 55.321441909219601, 25.288940018315525 ] ] ] } },
{ "type": "Feature", "properties": { "cell_id": 493, "district": "deira", "gius": 0.353, "walkability_norm": 0.214, "services_norm": 0.032, "transit_norm": 0.812, "cluster": 0 }, "geometry": { "type": "Polygon", "coordinates": [ [ [ 55.32141083341957, 25.29119672981907 ], [ 55.321379753878574, 25.293453440596537 ], [ 55.323862078421449, 25.293481676222225 ], [ 55.323893112054861, 25.291224962577388 ], [ 55.32141083341957, 25.29119672981907 ] ] ] } },
{ "type": "Feature", "properties": { "cell_id": 494, "district": "deira", "gius": 0.251, "walkability_norm": 0.0, "services_norm": 0.032, "transit_norm": 0.721, "cluster": 0 }, "geometry": { "type": "Polygon", "coordinates": [ [ [ 55.321379753878574, 25.293453440596537 ], [ 55.321348670596315, 25.295710150647881 ], [ 55.323831041052287, 25.295738389141036 ], [ 55.323862078421449, 25.293481676222225 ], [ 55.321379753878574, 25.293453440596537 ] ] ] } },
{ "type": "Feature", "properties": { "cell_id": 495, "district": "deira", "gius": 0.236, "walkability_norm": 0.02, "services_norm": 0.0, "transit_norm": 0.687, "cluster": 0 }, "geometry": { "type": "Polygon", "coordinates": [ [ [ 55.321348670596315, 25.295710150647881 ], [ 55.321317583572487, 25.297966859973037 ], [ 55.323799999947092, 25.297995101333775 ], [ 55.323831041052287, 25.295738389141036 ], [ 55.321348670596315, 25.295710150647881 ] ] ] } },
{ "type": "Feature", "properties": { "cell_id": 496, "district": "deira", "gius": 0.232, "walkability_norm": 0.071, "services_norm": 0.0, "transit_norm": 0.626, "cluster": 0 }, "geometry": { "type": "Polygon", "coordinates": [ [ [ 55.321317583572487, 25.297966859973037 ], [ 55.321286492806792, 25.30022356857198 ], [ 55.323768955105542, 25.30025181280039 ], [ 55.323799999947092, 25.297995101333775 ], [ 55.321317583572487, 25.297966859973037 ] ] ] } },
{ "type": "Feature", "properties": { "cell_id": 497, "district": "deira", "gius": 0.496, "walkability_norm": 0.653, "services_norm": 0.032, "transit_norm": 0.803, "cluster": 1 }, "geometry": { "type": "Polygon", "coordinates": [ [ [ 55.324605855252415, 25.239320348476962 ], [ 55.324574907457816, 25.241577078806731 ], [ 55.327056181251642, 25.241605206861987 ], [ 55.327087083265269, 25.239348473671445 ], [ 55.324605855252415, 25.239320348476962 ] ] ] } },
{ "type": "Feature", "properties": { "cell_id": 498, "district": "deira", "gius": 0.478, "walkability_norm": 0.531, "services_norm": 0.032, "transit_norm": 0.872, "cluster": 1 }, "geometry": { "type": "Polygon", "coordinates": [ [ [ 55.324574907457816, 25.241577078806731 ], [ 55.324543955934409, 25.243833808411612 ], [ 55.327025275514721, 25.243861939327736 ], [ 55.327056181251642, 25.241605206861987 ], [ 55.324574907457816, 25.241577078806731 ] ] ] } },
{ "type": "Feature", "properties": { "cell_id": 499, "district": "deira", "gius": 0.423, "walkability_norm": 0.357, "services_norm": 0.032, "transit_norm": 0.878, "cluster": 0 }, "geometry": { "type": "Polygon", "coordinates": [ [ [ 55.324543955934409, 25.243833808411612 ], [ 55.324513000681897, 25.246090537291554 ], [ 55.326994366054201, 25.246118671068654 ], [ 55.327025275514721, 25.243861939327736 ], [ 55.324543955934409, 25.243833808411612 ] ] ] } },
{ "type": "Feature", "properties": { "cell_id": 500, "district": "deira", "gius": 0.31, "walkability_norm": 0.082, "services_norm": 0.032, "transit_norm": 0.815, "cluster": 0 }, "geometry": { "type": "Polygon", "coordinates": [ [ [ 55.324513000681897, 25.246090537291554 ], [ 55.32448204169998, 25.248347265446519 ], [ 55.326963452869791, 25.248375402084694 ], [ 55.326994366054201, 25.246118671068654 ], [ 55.324513000681897, 25.246090537291554 ] ] ] } },
{ "type": "Feature", "properties": { "cell_id": 501, "district": "deira", "gius": 0.268, "walkability_norm": 0.02, "services_norm": 0.032, "transit_norm": 0.751, "cluster": 0 }, "geometry": { "type": "Polygon", "coordinates": [ [ [ 55.32448204169998, 25.248347265446519 ], [ 55.324451078988346, 25.250603992876432 ], [ 55.326932535961177, 25.250632132375788 ], [ 55.326963452869791, 25.248375402084694 ], [ 55.32448204169998, 25.248347265446519 ] ] ] } },
{ "type": "Feature", "properties": { "cell_id": 502, "district": "deira", "gius": 0.399, "walkability_norm": 0.337, "services_norm": 0.065, "transit_norm": 0.795, "cluster": 0 }, "geometry": { "type": "Polygon", "coordinates": [ [ [ 55.324451078988346, 25.250603992876432 ], [ 55.324420112546704, 25.252860719581268 ], [ 55.326901615328069, 25.252888861941901 ], [ 55.326932535961177, 25.250632132375788 ], [ 55.324451078988346, 25.250603992876432 ] ] ] } },
{ "type": "Feature", "properties": { "cell_id": 503, "district": "deira", "gius": 0.438, "walkability_norm": 0.286, "services_norm": 0.161, "transit_norm": 0.866, "cluster": 0 }, "geometry": { "type": "Polygon", "coordinates": [ [ [ 55.324420112546704, 25.252860719581268 ], [ 55.324389142374748, 25.25511744556097 ], [ 55.326870690970168, 25.255145590782984 ], [ 55.326901615328069, 25.252888861941901 ], [ 55.324420112546704, 25.252860719581268 ] ] ] } },
{ "type": "Feature", "properties": { "cell_id": 504, "district": "deira", "gius": 0.655, "walkability_norm": 0.571, "services_norm": 0.516, "transit_norm": 0.878, "cluster": 1 }, "geometry": { "type": "Polygon", "coordinates": [ [ [ 55.324389142374748, 25.25511744556097 ], [ 55.324358168472166, 25.257374170815478 ], [ 55.326839762887168, 25.257402318898979 ], [ 55.326870690970168, 25.255145590782984 ], [ 55.324389142374748, 25.25511744556097 ] ] ] } },
{ "type": "Feature", "properties": { "cell_id": 505, "district": "deira", "gius": 0.94, "walkability_norm": 0.847, "services_norm": 1.0, "transit_norm": 0.972, "cluster": 3 }, "geometry": { "type": "Polygon", "coordinates": [ [ [ 55.324358168472166, 25.257374170815478 ], [ 55.32432719083868, 25.259630895344763 ], [ 55.326808831078758, 25.259659046289851 ], [ 55.326839762887168, 25.257402318898979 ], [ 55.324358168472166, 25.257374170815478 ] ] ] } },
{ "type": "Feature", "properties": { "cell_id": 506, "district": "deira", "gius": 0.899, "walkability_norm": 0.745, "services_norm": 1.0, "transit_norm": 0.951, "cluster": 3 }, "geometry": { "type": "Polygon", "coordinates": [ [ [ 55.32432719083868, 25.259630895344763 ], [ 55.324296209473978, 25.261887619148759 ], [ 55.326777895544659, 25.261915772955536 ], [ 55.326808831078758, 25.259659046289851 ], [ 55.32432719083868, 25.259630895344763 ] ] ] } },
{ "type": "Feature", "properties": { "cell_id": 507, "district": "deira", "gius": 0.842, "walkability_norm": 0.541, "services_norm": 1.0, "transit_norm": 0.984, "cluster": 3 }, "geometry": { "type": "Polygon", "coordinates": [ [ [ 55.324296209473978, 25.261887619148759 ], [ 55.324265224377754, 25.264144342227418 ], [ 55.326746956284552, 25.264172498895991 ], [ 55.326777895544659, 25.261915772955536 ], [ 55.324296209473978, 25.261887619148759 ] ] ] } },
{ "type": "Feature", "properties": { "cell_id": 508, "district": "deira", "gius": 0.767, "walkability_norm": 0.51, "services_norm": 0.871, "transit_norm": 0.921, "cluster": 3 }, "geometry": { "type": "Polygon", "coordinates": [ [ [ 55.324265224377754, 25.264144342227418 ], [ 55.32423423554971, 25.266401064580698 ], [ 55.326716013298146, 25.266429224111167 ], [ 55.326746956284552, 25.264172498895991 ], [ 55.324265224377754, 25.264144342227418 ] ] ] } },
{ "type": "Feature", "properties": { "cell_id": 509, "district": "deira", "gius": 0.648, "walkability_norm": 0.541, "services_norm": 0.516, "transit_norm": 0.886, "cluster": 1 }, "geometry": { "type": "Polygon", "coordinates": [ [ [ 55.32423423554971, 25.266401064580698 ], [ 55.324203242989547, 25.268657786208546 ], [ 55.326685066585135, 25.268685948601014 ], [ 55.326716013298146, 25.266429224111167 ], [ 55.32423423554971, 25.266401064580698 ] ] ] } },
{ "type": "Feature", "properties": { "cell_id": 510, "district": "deira", "gius": 0.716, "walkability_norm": 0.541, "services_norm": 0.613, "transit_norm": 0.993, "cluster": 3 }, "geometry": { "type": "Polygon", "coordinates": [ [ [ 55.324203242989547, 25.268657786208546 ], [ 55.324172246696961, 25.270914507110916 ], [ 55.326654116145221, 25.270942672365482 ], [ 55.326685066585135, 25.268685948601014 ], [ 55.324203242989547, 25.268657786208546 ] ] ] } },
{ "type": "Feature", "properties": { "cell_id": 511, "district": "deira", "gius": 0.81, "walkability_norm": 0.643, "services_norm": 0.839, "transit_norm": 0.948, "cluster": 3 }, "geometry": { "type": "Polygon", "coordinates": [ [ [ 55.324172246696961, 25.270914507110916 ], [ 55.324141246671644, 25.273171227287744 ], [ 55.326623161978105, 25.273199395404525 ], [ 55.326654116145221, 25.270942672365482 ], [ 55.324172246696961, 25.270914507110916 ] ] ] } },
{ "type": "Feature", "properties": { "cell_id": 512, "district": "deira", "gius": 0.749, "walkability_norm": 0.429, "services_norm": 0.839, "transit_norm": 0.979, "cluster": 3 }, "geometry": { "type": "Polygon", "coordinates": [ [ [ 55.324141246671644, 25.273171227287744 ], [ 55.324110242913306, 25.275427946738997 ], [ 55.326592204083475, 25.275456117718086 ], [ 55.326623161978105, 25.273199395404525 ], [ 55.324141246671644, 25.273171227287744 ] ] ] } },
{ "type": "Feature", "properties": { "cell_id": 513, "district": "deira", "gius": 0.636, "walkability_norm": 0.316, "services_norm": 0.645, "transit_norm": 0.946, "cluster": 3 }, "geometry": { "type": "Polygon", "coordinates": [ [ [ 55.324110242913306, 25.275427946738997 ], [ 55.324079235421642, 25.277684665464623 ], [ 55.32656124246104, 25.277712839306123 ], [ 55.326592204083475, 25.275456117718086 ], [ 55.324110242913306, 25.275427946738997 ] ] ] } },
{ "type": "Feature", "properties": { "cell_id": 514, "district": "deira", "gius": 0.568, "walkability_norm": 0.316, "services_norm": 0.387, "transit_norm": 1.0, "cluster": 1 }, "geometry": { "type": "Polygon", "coordinates": [ [ [ 55.324079235421642, 25.277684665464623 ], [ 55.324048224196339, 25.279941383464571 ], [ 55.326530277110493, 25.279969560168585 ], [ 55.32656124246104, 25.277712839306123 ], [ 55.324079235421642, 25.277684665464623 ] ] ] } },
{ "type": "Feature", "properties": { "cell_id": 515, "district": "deira", "gius": 0.417, "walkability_norm": 0.184, "services_norm": 0.097, "transit_norm": 0.97, "cluster": 0 }, "geometry": { "type": "Polygon", "coordinates": [ [ [ 55.324048224196339, 25.279941383464571 ], [ 55.324017209237113, 25.282198100738785 ], [ 55.326499308031543, 25.282226280305416 ], [ 55.326530277110493, 25.279969560168585 ], [ 55.324048224196339, 25.279941383464571 ] ] ] } },
{ "type": "Feature", "properties": { "cell_id": 516, "district": "deira", "gius": 0.639, "walkability_norm": 0.745, "services_norm": 0.194, "transit_norm": 0.979, "cluster": 1 }, "geometry": { "type": "Polygon", "coordinates": [ [ [ 55.324017209237113, 25.282198100738785 ], [ 55.323986190543657, 25.284454817287227 ], [ 55.326468335223872, 25.284482999716577 ], [ 55.326499308031543, 25.282226280305416 ], [ 55.324017209237113, 25.282198100738785 ] ] ] } },
{ "type": "Feature", "properties": { "cell_id": 517, "district": "deira", "gius": 0.675, "walkability_norm": 0.755, "services_norm": 0.29, "transit_norm": 0.979, "cluster": 1 }, "geometry": { "type": "Polygon", "coordinates": [ [ [ 55.323986190543657, 25.284454817287227 ], [ 55.32395516811566, 25.286711533109845 ], [ 55.326437358687187, 25.286739718402014 ], [ 55.326468335223872, 25.284482999716577 ], [ 55.323986190543657, 25.284454817287227 ] ] ] } },
{ "type": "Feature", "properties": { "cell_id": 518, "district": "deira", "gius": 0.704, "walkability_norm": 0.908, "services_norm": 0.226, "transit_norm": 0.978, "cluster": 1 }, "geometry": { "type": "Polygon", "coordinates": [ [ [ 55.32395516811566, 25.286711533109845 ], [ 55.323924141952823, 25.288968248206569 ], [ 55.326406378421197, 25.288996436361671 ], [ 55.326437358687187, 25.286739718402014 ], [ 55.32395516811566, 25.286711533109845 ] ] ] } },
{ "type": "Feature", "properties": { "cell_id": 519, "district": "deira", "gius": 0.623, "walkability_norm": 0.612, "services_norm": 0.29, "transit_norm": 0.967, "cluster": 1 }, "geometry": { "type": "Polygon", "coordinates": [ [ [ 55.323924141952823, 25.288968248206569 ], [ 55.323893112054861, 25.291224962577388 ], [ 55.326375394425582, 25.291253153595513 ], [ 55.326406378421197, 25.288996436361671 ], [ 55.323924141952823, 25.288968248206569 ] ] ] } },
{ "type": "Feature", "properties": { "cell_id": 520, "district": "deira", "gius": 0.443, "walkability_norm": 0.265, "services_norm": 0.194, "transit_norm": 0.871, "cluster": 0 }, "geometry": { "type": "Polygon", "coordinates": [ [ [ 55.323893112054861, 25.291224962577388 ], [ 55.323862078421449, 25.293481676222225 ], [ 55.326344406700052, 25.293509870103481 ], [ 55.326375394425582, 25.291253153595513 ], [ 55.323893112054861, 25.291224962577388 ] ] ] } },
{ "type": "Feature", "properties": { "cell_id": 521, "district": "deira", "gius": 0.443, "walkability_norm": 0.469, "services_norm": 0.032, "transit_norm": 0.828, "cluster": 1 }, "geometry": { "type": "Polygon", "coordinates": [ [ [ 55.323862078421449, 25.293481676222225 ], [ 55.323831041052287, 25.295738389141036 ], [ 55.3263134152443, 25.295766585885531 ], [ 55.326344406700052, 25.293509870103481 ], [ 55.323862078421449, 25.293481676222225 ] ] ] } },
{ "type": "Feature", "properties": { "cell_id": 522, "district": "deira", "gius": 0.261, "walkability_norm": 0.0, "services_norm": 0.0, "transit_norm": 0.783, "cluster": 0 }, "geometry": { "type": "Polygon", "coordinates": [ [ [ 55.323831041052287, 25.295738389141036 ], [ 55.323799999947092, 25.297995101333775 ], [ 55.326282420058028, 25.298023300941605 ], [ 55.3263134152443, 25.295766585885531 ], [ 55.323831041052287, 25.295738389141036 ] ] ] } },
{ "type": "Feature", "properties": { "cell_id": 523, "district": "deira", "gius": 0.235, "walkability_norm": 0.0, "services_norm": 0.0, "transit_norm": 0.704, "cluster": 0 }, "geometry": { "type": "Polygon", "coordinates": [ [ [ 55.323799999947092, 25.297995101333775 ], [ 55.323768955105542, 25.30025181280039 ], [ 55.326251421140938, 25.30028001527166 ], [ 55.326282420058028, 25.298023300941605 ], [ 55.323799999947092, 25.297995101333775 ] ] ] } },
{ "type": "Feature", "properties": { "cell_id": 524, "district": "deira", "gius": 0.257, "walkability_norm": 0.02, "services_norm": 0.032, "transit_norm": 0.719, "cluster": 0 }, "geometry": { "type": "Polygon", "coordinates": [ [ [ 55.327087083265269, 25.239348473671445 ], [ 55.327056181251642, 25.241605206861987 ], [ 55.329537458768769, 25.241633293270013 ], [ 55.329568315001126, 25.239376557222936 ], [ 55.327087083265269, 25.239348473671445 ] ] ] } },
{ "type": "Feature", "properties": { "cell_id": 525, "district": "deira", "gius": 0.266, "walkability_norm": 0.0, "services_norm": 0.032, "transit_norm": 0.766, "cluster": 0 }, "geometry": { "type": "Polygon", "coordinates": [ [ [ 55.327056181251642, 25.241605206861987 ], [ 55.327025275514721, 25.243861939327736 ], [ 55.329506598818625, 25.243890028592393 ], [ 55.329537458768769, 25.241633293270013 ], [ 55.327056181251642, 25.241605206861987 ] ] ] } },
{ "type": "Feature", "properties": { "cell_id": 526, "district": "deira", "gius": 0.267, "walkability_norm": 0.0, "services_norm": 0.032, "transit_norm": 0.77, "cluster": 0 }, "geometry": { "type": "Polygon", "coordinates": [ [ [ 55.327025275514721, 25.243861939327736 ], [ 55.326994366054201, 25.246118671068654 ], [ 55.329475735150403, 25.246146763190051 ], [ 55.329506598818625, 25.243890028592393 ], [ 55.327025275514721, 25.243861939327736 ] ] ] } },
{ "type": "Feature", "properties": { "cell_id": 527, "district": "deira", "gius": 0.273, "walkability_norm": 0.0, "services_norm": 0.032, "transit_norm": 0.786, "cluster": 0 }, "geometry": { "type": "Polygon", "coordinates": [ [ [ 55.326994366054201, 25.246118671068654 ], [ 55.326963452869791, 25.248375402084694 ], [ 55.329444867763797, 25.248403497062927 ], [ 55.329475735150403, 25.246146763190051 ], [ 55.326994366054201, 25.246118671068654 ] ] ] } },
{ "type": "Feature", "properties": { "cell_id": 528, "district": "deira", "gius": 0.321, "walkability_norm": 0.112, "services_norm": 0.0, "transit_norm": 0.851, "cluster": 0 }, "geometry": { "type": "Polygon", "coordinates": [ [ [ 55.326963452869791, 25.248375402084694 ], [ 55.326932535961177, 25.250632132375788 ], [ 55.329413996658516, 25.250660230210958 ], [ 55.329444867763797, 25.248403497062927 ], [ 55.326963452869791, 25.248375402084694 ] ] ] } },
{ "type": "Feature", "properties": { "cell_id": 529, "district": "deira", "gius": 0.587, "walkability_norm": 0.796, "services_norm": 0.065, "transit_norm": 0.899, "cluster": 1 }, "geometry": { "type": "Polygon", "coordinates": [ [ [ 55.326932535961177, 25.250632132375788 ], [ 55.326901615328069, 25.252888861941901 ], [ 55.32938312183424, 25.252916962634124 ], [ 55.329413996658516, 25.250660230210958 ], [ 55.326932535961177, 25.250632132375788 ] ] ] } },
{ "type": "Feature", "properties": { "cell_id": 530, "district": "deira", "gius": 0.575, "walkability_norm": 0.388, "services_norm": 0.387, "transit_norm": 0.95, "cluster": 1 }, "geometry": { "type": "Polygon", "coordinates": [ [ [ 55.326901615328069, 25.252888861941901 ], [ 55.326870690970168, 25.255145590782984 ], [ 55.329352243290693, 25.255173694332353 ], [ 55.32938312183424, 25.252916962634124 ], [ 55.326901615328069, 25.252888861941901 ] ] ] } },
{ "type": "Feature", "properties": { "cell_id": 531, "district": "deira", "gius": 0.906, "walkability_norm": 0.99, "services_norm": 0.742, "transit_norm": 0.985, "cluster": 3 }, "geometry": { "type": "Polygon", "coordinates": [ [ [ 55.326870690970168, 25.255145590782984 ], [ 55.326839762887168, 25.257402318898979 ], [ 55.32932136102756, 25.257430425305596 ], [ 55.329352243290693, 25.255173694332353 ], [ 55.326870690970168, 25.255145590782984 ] ] ] } },
{ "type": "Feature", "properties": { "cell_id": 532, "district": "deira", "gius": 0.919, "walkability_norm": 0.765, "services_norm": 1.0, "transit_norm": 0.992, "cluster": 3 }, "geometry": { "type": "Polygon", "coordinates": [ [ [ 55.326839762887168, 25.257402318898979 ], [ 55.326808831078758, 25.259659046289851 ], [ 55.329290475044537, 25.25968715555382 ], [ 55.32932136102756, 25.257430425305596 ], [ 55.326839762887168, 25.257402318898979 ] ] ] } },
{ "type": "Feature", "properties": { "cell_id": 533, "district": "deira", "gius": 0.925, "walkability_norm": 0.776, "services_norm": 1.0, "transit_norm": 1.0, "cluster": 3 }, "geometry": { "type": "Polygon", "coordinates": [ [ [ 55.326808831078758, 25.259659046289851 ], [ 55.326777895544659, 25.261915772955536 ], [ 55.32925958534134, 25.261943885076963 ], [ 55.329290475044537, 25.25968715555382 ], [ 55.326808831078758, 25.259659046289851 ] ] ] } },
{ "type": "Feature", "properties": { "cell_id": 534, "district": "deira", "gius": 0.946, "walkability_norm": 0.878, "services_norm": 1.0, "transit_norm": 0.961, "cluster": 3 }, "geometry": { "type": "Polygon", "coordinates": [ [ [ 55.326777895544659, 25.261915772955536 ], [ 55.326746956284552, 25.264172498895991 ], [ 55.329228691917656, 25.26420061387498 ], [ 55.32925958534134, 25.261943885076963 ], [ 55.326777895544659, 25.261915772955536 ] ] ] } },
{ "type": "Feature", "properties": { "cell_id": 535, "district": "deira", "gius": 0.801, "walkability_norm": 0.602, "services_norm": 0.871, "transit_norm": 0.93, "cluster": 3 }, "geometry": { "type": "Polygon", "coordinates": [ [ [ 55.326746956284552, 25.264172498895991 ], [ 55.326716013298146, 25.266429224111167 ], [ 55.329197794773187, 25.26645734194781 ], [ 55.329228691917656, 25.26420061387498 ], [ 55.326746956284552, 25.264172498895991 ] ] ] } },
{ "type": "Feature", "properties": { "cell_id": 536, "district": "deira", "gius": 0.767, "walkability_norm": 0.908, "services_norm": 0.484, "transit_norm": 0.91, "cluster": 1 }, "geometry": { "type": "Polygon", "coordinates": [ [ [ 55.326716013298146, 25.266429224111167 ], [ 55.326685066585135, 25.268685948601014 ], [ 55.329166893907633, 25.268714069295424 ], [ 55.329197794773187, 25.26645734194781 ], [ 55.326716013298146, 25.266429224111167 ] ] ] } },
{ "type": "Feature", "properties": { "cell_id": 537, "district": "deira", "gius": 0.669, "walkability_norm": 0.459, "services_norm": 0.548, "transit_norm": 1.0, "cluster": 1 }, "geometry": { "type": "Polygon", "coordinates": [ [ [ 55.326685066585135, 25.268685948601014 ], [ 55.326654116145221, 25.270942672365482 ], [ 55.329135989320697, 25.270970795917759 ], [ 55.329166893907633, 25.268714069295424 ], [ 55.326685066585135, 25.268685948601014 ] ] ] } },
{ "type": "Feature", "properties": { "cell_id": 538, "district": "deira", "gius": 0.855, "walkability_norm": 0.612, "services_norm": 1.0, "transit_norm": 0.952, "cluster": 3 }, "geometry": { "type": "Polygon", "coordinates": [ [ [ 55.326654116145221, 25.270942672365482 ], [ 55.326623161978105, 25.273199395404525 ], [ 55.329105081012067, 25.273227521814771 ], [ 55.329135989320697, 25.270970795917759 ], [ 55.326654116145221, 25.270942672365482 ] ] ] } },
{ "type": "Feature", "properties": { "cell_id": 539, "district": "deira", "gius": 0.768, "walkability_norm": 0.367, "services_norm": 0.935, "transit_norm": 1.0, "cluster": 3 }, "geometry": { "type": "Polygon", "coordinates": [ [ [ 55.326623161978105, 25.273199395404525 ], [ 55.326592204083475, 25.275456117718086 ], [ 55.329074168981457, 25.275484246986398 ], [ 55.329105081012067, 25.273227521814771 ], [ 55.326623161978105, 25.273199395404525 ] ] ] } },
{ "type": "Feature", "properties": { "cell_id": 540, "district": "deira", "gius": 0.771, "walkability_norm": 0.378, "services_norm": 0.935, "transit_norm": 1.0, "cluster": 3 }, "geometry": { "type": "Polygon", "coordinates": [ [ [ 55.326592204083475, 25.275456117718086 ], [ 55.32656124246104, 25.277712839306123 ], [ 55.329043253228548, 25.277740971432607 ], [ 55.329074168981457, 25.275484246986398 ], [ 55.326592204083475, 25.275456117718086 ] ] ] } },
{ "type": "Feature", "properties": { "cell_id": 541, "district": "deira", "gius": 0.62, "walkability_norm": 0.5, "services_norm": 0.387, "transit_norm": 0.973, "cluster": 1 }, "geometry": { "type": "Polygon", "coordinates": [ [ [ 55.32656124246104, 25.277712839306123 ], [ 55.326530277110493, 25.279969560168585 ], [ 55.329012333753056, 25.279997695153348 ], [ 55.329043253228548, 25.277740971432607 ], [ 55.32656124246104, 25.277712839306123 ] ] ] } },
{ "type": "Feature", "properties": { "cell_id": 542, "district": "deira", "gius": 0.393, "walkability_norm": 0.143, "services_norm": 0.097, "transit_norm": 0.94, "cluster": 0 }, "geometry": { "type": "Polygon", "coordinates": [ [ [ 55.326530277110493, 25.279969560168585 ], [ 55.326499308031543, 25.282226280305416 ], [ 55.328981410554675, 25.282254418148561 ], [ 55.329012333753056, 25.279997695153348 ], [ 55.326530277110493, 25.279969560168585 ] ] ] } },
{ "type": "Feature", "properties": { "cell_id": 543, "district": "deira", "gius": 0.438, "walkability_norm": 0.224, "services_norm": 0.129, "transit_norm": 0.961, "cluster": 0 }, "geometry": { "type": "Polygon", "coordinates": [ [ [ 55.326499308031543, 25.282226280305416 ], [ 55.326468335223872, 25.284482999716577 ], [ 55.328950483633108, 25.284511140418203 ], [ 55.328981410554675, 25.282254418148561 ], [ 55.326499308031543, 25.282226280305416 ] ] ] } },
{ "type": "Feature", "properties": { "cell_id": 544, "district": "deira", "gius": 0.597, "walkability_norm": 0.582, "services_norm": 0.226, "transit_norm": 0.983, "cluster": 1 }, "geometry": { "type": "Polygon", "coordinates": [ [ [ 55.326468335223872, 25.284482999716577 ], [ 55.326437358687187, 25.286739718402014 ], [ 55.32891955298804, 25.286767861962225 ], [ 55.328950483633108, 25.284511140418203 ], [ 55.326468335223872, 25.284482999716577 ] ] ] } },
{ "type": "Feature", "properties": { "cell_id": 545, "district": "deira", "gius": 0.566, "walkability_norm": 0.408, "services_norm": 0.355, "transit_norm": 0.936, "cluster": 1 }, "geometry": { "type": "Polygon", "coordinates": [ [ [ 55.326437358687187, 25.286739718402014 ], [ 55.326406378421197, 25.288996436361671 ], [ 55.328888618619182, 25.289024582780577 ], [ 55.32891955298804, 25.286767861962225 ], [ 55.326437358687187, 25.286739718402014 ] ] ] } },
{ "type": "Feature", "properties": { "cell_id": 546, "district": "deira", "gius": 0.687, "walkability_norm": 0.837, "services_norm": 0.226, "transit_norm": 0.999, "cluster": 1 }, "geometry": { "type": "Polygon", "coordinates": [ [ [ 55.326406378421197, 25.288996436361671 ], [ 55.326375394425582, 25.291253153595513 ], [ 55.328857680526227, 25.291281302873205 ], [ 55.328888618619182, 25.289024582780577 ], [ 55.326406378421197, 25.288996436361671 ] ] ] } },
{ "type": "Feature", "properties": { "cell_id": 547, "district": "deira", "gius": 0.502, "walkability_norm": 0.408, "services_norm": 0.161, "transit_norm": 0.938, "cluster": 1 }, "geometry": { "type": "Polygon", "coordinates": [ [ [ 55.326375394425582, 25.291253153595513 ], [ 55.326344406700052, 25.293509870103481 ], [ 55.328826738708884, 25.293538022240067 ], [ 55.328857680526227, 25.291281302873205 ], [ 55.326375394425582, 25.291253153595513 ] ] ] } },
{ "type": "Feature", "properties": { "cell_id": 548, "district": "deira", "gius": 0.422, "walkability_norm": 0.265, "services_norm": 0.065, "transit_norm": 0.936, "cluster": 0 }, "geometry": { "type": "Polygon", "coordinates": [ [ [ 55.326344406700052, 25.293509870103481 ], [ 55.3263134152443, 25.295766585885531 ], [ 55.32879579316684, 25.295794740881114 ], [ 55.328826738708884, 25.293538022240067 ], [ 55.326344406700052, 25.293509870103481 ] ] ] } },
{ "type": "Feature", "properties": { "cell_id": 549, "district": "deira", "gius": 0.293, "walkability_norm": 0.02, "services_norm": 0.0, "transit_norm": 0.86, "cluster": 0 }, "geometry": { "type": "Polygon", "coordinates": [ [ [ 55.3263134152443, 25.295766585885531 ], [ 55.326282420058028, 25.298023300941605 ], [ 55.328764843899805, 25.298051458796287 ], [ 55.32879579316684, 25.295794740881114 ], [ 55.3263134152443, 25.295766585885531 ] ] ] } },
{ "type": "Feature", "properties": { "cell_id": 550, "district": "deira", "gius": 0.253, "walkability_norm": 0.0, "services_norm": 0.0, "transit_norm": 0.758, "cluster": 0 }, "geometry": { "type": "Polygon", "coordinates": [ [ [ 55.326282420058028, 25.298023300941605 ], [ 55.326251421140938, 25.30028001527166 ], [ 55.328733890907465, 25.300308175985542 ], [ 55.328764843899805, 25.298051458796287 ], [ 55.326282420058028, 25.298023300941605 ] ] ] } },
{ "type": "Feature", "properties": { "cell_id": 551, "district": "deira", "gius": 0.218, "walkability_norm": 0.0, "services_norm": 0.032, "transit_norm": 0.622, "cluster": 0 }, "geometry": { "type": "Polygon", "coordinates": [ [ [ 55.329568315001126, 25.239376557222936 ], [ 55.329537458768769, 25.241633293270013 ], [ 55.332018740003669, 25.24166133803055 ], [ 55.332049550454464, 25.239404599131181 ], [ 55.329568315001126, 25.239376557222936 ] ] ] } },
{ "type": "Feature", "properties": { "cell_id": 552, "district": "deira", "gius": 0.23, "walkability_norm": 0.0, "services_norm": 0.032, "transit_norm": 0.657, "cluster": 0 }, "geometry": { "type": "Polygon", "coordinates": [ [ [ 55.329537458768769, 25.241633293270013 ], [ 55.329506598818625, 25.243890028592393 ], [ 55.331987925840608, 25.243918076205333 ], [ 55.332018740003669, 25.24166133803055 ], [ 55.329537458768769, 25.241633293270013 ] ] ] } },
{ "type": "Feature", "properties": { "cell_id": 553, "district": "deira", "gius": 0.245, "walkability_norm": 0.0, "services_norm": 0.0, "transit_norm": 0.736, "cluster": 0 }, "geometry": { "type": "Polygon", "coordinates": [ [ [ 55.329506598818625, 25.243890028592393 ], [ 55.329475735150403, 25.246146763190051 ], [ 55.331957107964982, 25.246174813655493 ], [ 55.331987925840608, 25.243918076205333 ], [ 55.329506598818625, 25.243890028592393 ] ] ] } },
{ "type": "Feature", "properties": { "cell_id": 554, "district": "deira", "gius": 0.281, "walkability_norm": 0.0, "services_norm": 0.0, "transit_norm": 0.844, "cluster": 0 }, "geometry": { "type": "Polygon", "coordinates": [ [ [ 55.329475735150403, 25.246146763190051 ], [ 55.329444867763797, 25.248403497062927 ], [ 55.331926286376486, 25.248431550380971 ], [ 55.331957107964982, 25.246174813655493 ], [ 55.329475735150403, 25.246146763190051 ] ] ] } },
{ "type": "Feature", "properties": { "cell_id": 555, "district": "deira", "gius": 0.347, "walkability_norm": 0.031, "services_norm": 0.065, "transit_norm": 0.944, "cluster": 0 }, "geometry": { "type": "Polygon", "coordinates": [ [ [ 55.329444867763797, 25.248403497062927 ], [ 55.329413996658516, 25.250660230210958 ], [ 55.331895461074829, 25.250688286381717 ], [ 55.331926286376486, 25.248431550380971 ], [ 55.329444867763797, 25.248403497062927 ] ] ] } },
{ "type": "Feature", "properties": { "cell_id": 556, "district": "deira", "gius": 0.723, "walkability_norm": 0.918, "services_norm": 0.258, "transit_norm": 0.993, "cluster": 1 }, "geometry": { "type": "Polygon", "coordinates": [ [ [ 55.329413996658516, 25.250660230210958 ], [ 55.32938312183424, 25.252916962634124 ], [ 55.331864632059698, 25.252945021657684 ], [ 55.331895461074829, 25.250688286381717 ], [ 55.329413996658516, 25.250660230210958 ] ] ] } },
{ "type": "Feature", "properties": { "cell_id": 557, "district": "deira", "gius": 0.797, "walkability_norm": 0.878, "services_norm": 0.516, "transit_norm": 0.998, "cluster": 3 }, "geometry": { "type": "Polygon", "coordinates": [ [ [ 55.32938312183424, 25.252916962634124 ], [ 55.329352243290693, 25.255173694332353 ], [ 55.331833799330795, 25.255201756208827 ], [ 55.331864632059698, 25.252945021657684 ], [ 55.32938312183424, 25.252916962634124 ] ] ] } },
{ "type": "Feature", "properties": { "cell_id": 558, "district": "deira", "gius": 0.848, "walkability_norm": 0.837, "services_norm": 0.71, "transit_norm": 0.997, "cluster": 3 }, "geometry": { "type": "Polygon", "coordinates": [ [ [ 55.329352243290693, 25.255173694332353 ], [ 55.32932136102756, 25.257430425305596 ], [ 55.331802962887835, 25.257458490035088 ], [ 55.331833799330795, 25.255201756208827 ], [ 55.329352243290693, 25.255173694332353 ] ] ] } },
{ "type": "Feature", "properties": { "cell_id": 559, "district": "deira", "gius": 0.966, "walkability_norm": 1.0, "services_norm": 0.935, "transit_norm": 0.963, "cluster": 3 }, "geometry": { "type": "Polygon", "coordinates": [ [ [ 55.32932136102756, 25.257430425305596 ], [ 55.329290475044537, 25.25968715555382 ], [ 55.331772122730506, 25.259715223136425 ], [ 55.331802962887835, 25.257458490035088 ], [ 55.32932136102756, 25.257430425305596 ] ] ] } },
{ "type": "Feature", "properties": { "cell_id": 560, "district": "deira", "gius": 1.0, "walkability_norm": 1.0, "services_norm": 1.0, "transit_norm": 1.0, "cluster": 3 }, "geometry": { "type": "Polygon", "coordinates": [ [ [ 55.329290475044537, 25.25968715555382 ], [ 55.32925958534134, 25.261943885076963 ], [ 55.331741278858509, 25.261971955512792 ], [ 55.331772122730506, 25.259715223136425 ], [ 55.329290475044537, 25.25968715555382 ] ] ] } },
{ "type": "Feature", "properties": { "cell_id": 561, "district": "deira", "gius": 0.941, "walkability_norm": 0.908, "services_norm": 0.968, "transit_norm": 0.946, "cluster": 3 }, "geometry": { "type": "Polygon", "coordinates": [ [ [ 55.32925958534134, 25.261943885076963 ], [ 55.329228691917656, 25.26420061387498 ], [ 55.331710431271546, 25.264228687164124 ], [ 55.331741278858509, 25.261971955512792 ], [ 55.32925958534134, 25.261943885076963 ] ] ] } },
{ "type": "Feature", "properties": { "cell_id": 562, "district": "deira", "gius": 0.733, "walkability_norm": 0.622, "services_norm": 0.581, "transit_norm": 0.996, "cluster": 3 }, "geometry": { "type": "Polygon", "coordinates": [ [ [ 55.329228691917656, 25.26420061387498 ], [ 55.329197794773187, 25.26645734194781 ], [ 55.331679579969318, 25.266485418090383 ], [ 55.331710431271546, 25.264228687164124 ], [ 55.329228691917656, 25.26420061387498 ] ] ] } },
{ "type": "Feature", "properties": { "cell_id": 563, "district": "deira", "gius": 0.726, "walkability_norm": 0.694, "services_norm": 0.484, "transit_norm": 1.0, "cluster": 1 }, "geometry": { "type": "Polygon", "coordinates": [ [ [ 55.329197794773187, 25.26645734194781 ], [ 55.329166893907633, 25.268714069295424 ], [ 55.331648724951513, 25.268742148291523 ], [ 55.331679579969318, 25.266485418090383 ], [ 55.329197794773187, 25.26645734194781 ] ] ] } },
{ "type": "Feature", "properties": { "cell_id": 564, "district": "deira", "gius": 0.793, "walkability_norm": 0.929, "services_norm": 0.516, "transit_norm": 0.933, "cluster": 3 }, "geometry": { "type": "Polygon", "coordinates": [ [ [ 55.329166893907633, 25.268714069295424 ], [ 55.329135989320697, 25.270970795917759 ], [ 55.331617866217854, 25.270998877767486 ], [ 55.331648724951513, 25.268742148291523 ], [ 55.329166893907633, 25.268714069295424 ] ] ] } },
{ "type": "Feature", "properties": { "cell_id": 565, "district": "deira", "gius": 0.822, "walkability_norm": 0.531, "services_norm": 0.935, "transit_norm": 1.0, "cluster": 3 }, "geometry": { "type": "Polygon", "coordinates": [ [ [ 55.329135989320697, 25.270970795917759 ], [ 55.329105081012067, 25.273227521814771 ], [ 55.331587003768021, 25.273255606518227 ], [ 55.331617866217854, 25.270998877767486 ], [ 55.329135989320697, 25.270970795917759 ] ] ] } },
{ "type": "Feature", "properties": { "cell_id": 566, "district": "deira", "gius": 0.84, "walkability_norm": 0.571, "services_norm": 1.0, "transit_norm": 0.95, "cluster": 3 }, "geometry": { "type": "Polygon", "coordinates": [ [ [ 55.329105081012067, 25.273227521814771 ], [ 55.329074168981457, 25.275484246986398 ], [ 55.331556137601716, 25.275512334543691 ], [ 55.331587003768021, 25.273255606518227 ], [ 55.329105081012067, 25.273227521814771 ] ] ] } },
{ "type": "Feature", "properties": { "cell_id": 567, "district": "deira", "gius": 0.875, "walkability_norm": 0.663, "services_norm": 1.0, "transit_norm": 0.963, "cluster": 3 }, "geometry": { "type": "Polygon", "coordinates": [ [ [ 55.329074168981457, 25.275484246986398 ], [ 55.329043253228548, 25.277740971432607 ], [ 55.331525267718646, 25.277769061843841 ], [ 55.331556137601716, 25.275512334543691 ], [ 55.329074168981457, 25.275484246986398 ] ] ] } },
{ "type": "Feature", "properties": { "cell_id": 568, "district": "deira", "gius": 0.89, "walkability_norm": 0.816, "services_norm": 0.871, "transit_norm": 0.983, "cluster": 3 }, "geometry": { "type": "Polygon", "coordinates": [ [ [ 55.329043253228548, 25.277740971432607 ], [ 55.329012333753056, 25.279997695153348 ], [ 55.331494394118508, 25.280025788418619 ], [ 55.331525267718646, 25.277769061843841 ], [ 55.329043253228548, 25.277740971432607 ] ] ] } },
{ "type": "Feature", "properties": { "cell_id": 569, "district": "deira", "gius": 0.615, "walkability_norm": 0.49, "services_norm": 0.355, "transit_norm": 1.0, "cluster": 1 }, "geometry": { "type": "Polygon", "coordinates": [ [ [ 55.329012333753056, 25.279997695153348 ], [ 55.328981410554675, 25.282254418148561 ], [ 55.331463516801001, 25.28228251426798 ], [ 55.331494394118508, 25.280025788418619 ], [ 55.329012333753056, 25.279997695153348 ] ] ] } },
{ "type": "Feature", "properties": { "cell_id": 570, "district": "deira", "gius": 0.446, "walkability_norm": 0.153, "services_norm": 0.226, "transit_norm": 0.959, "cluster": 0 }, "geometry": { "type": "Polygon", "coordinates": [ [ [ 55.328981410554675, 25.282254418148561 ], [ 55.328950483633108, 25.284511140418203 ], [ 55.331432635765829, 25.284539239391862 ], [ 55.331463516801001, 25.28228251426798 ], [ 55.328981410554675, 25.282254418148561 ] ] ] } },
{ "type": "Feature", "properties": { "cell_id": 571, "district": "deira", "gius": 0.541, "walkability_norm": 0.316, "services_norm": 0.355, "transit_norm": 0.951, "cluster": 1 }, "geometry": { "type": "Polygon", "coordinates": [ [ [ 55.328950483633108, 25.284511140418203 ], [ 55.32891955298804, 25.286767861962225 ], [ 55.331401751012677, 25.286795963790237 ], [ 55.331432635765829, 25.284539239391862 ], [ 55.328950483633108, 25.284511140418203 ] ] ] } },
{ "type": "Feature", "properties": { "cell_id": 572, "district": "deira", "gius": 0.548, "walkability_norm": 0.316, "services_norm": 0.387, "transit_norm": 0.94, "cluster": 1 }, "geometry": { "type": "Polygon", "coordinates": [ [ [ 55.32891955298804, 25.286767861962225 ], [ 55.328888618619182, 25.289024582780577 ], [ 55.331370862541263, 25.289052687463027 ], [ 55.331401751012677, 25.286795963790237 ], [ 55.32891955298804, 25.286767861962225 ] ] ] } },
{ "type": "Feature", "properties": { "cell_id": 573, "district": "deira", "gius": 0.647, "walkability_norm": 0.714, "services_norm": 0.226, "transit_norm": 1.0, "cluster": 1 }, "geometry": { "type": "Polygon", "coordinates": [ [ [ 55.328888618619182, 25.289024582780577 ], [ 55.328857680526227, 25.291281302873205 ], [ 55.331339970351266, 25.291309410410214 ], [ 55.331370862541263, 25.289052687463027 ], [ 55.328888618619182, 25.289024582780577 ] ] ] } },
{ "type": "Feature", "properties": { "cell_id": 574, "district": "deira", "gius": 0.489, "walkability_norm": 0.367, "services_norm": 0.129, "transit_norm": 0.972, "cluster": 1 }, "geometry": { "type": "Polygon", "coordinates": [ [ [ 55.328857680526227, 25.291281302873205 ], [ 55.328826738708884, 25.293538022240067 ], [ 55.331309074442416, 25.293566132631735 ], [ 55.331339970351266, 25.291309410410214 ], [ 55.328857680526227, 25.291281302873205 ] ] ] } },
{ "type": "Feature", "properties": { "cell_id": 575, "district": "deira", "gius": 0.443, "walkability_norm": 0.276, "services_norm": 0.065, "transit_norm": 0.989, "cluster": 0 }, "geometry": { "type": "Polygon", "coordinates": [ [ [ 55.328826738708884, 25.293538022240067 ], [ 55.32879579316684, 25.295794740881114 ], [ 55.331278174814372, 25.295822854127536 ], [ 55.331309074442416, 25.293566132631735 ], [ 55.328826738708884, 25.293538022240067 ] ] ] } },
{ "type": "Feature", "properties": { "cell_id": 576, "district": "deira", "gius": 0.335, "walkability_norm": 0.122, "services_norm": 0.0, "transit_norm": 0.882, "cluster": 0 }, "geometry": { "type": "Polygon", "coordinates": [ [ [ 55.32879579316684, 25.295794740881114 ], [ 55.328764843899805, 25.298051458796287 ], [ 55.331247271466871, 25.298079574897571 ], [ 55.331278174814372, 25.295822854127536 ], [ 55.32879579316684, 25.295794740881114 ] ] ] } },
{ "type": "Feature", "properties": { "cell_id": 577, "district": "deira", "gius": 0.271, "walkability_norm": 0.0, "services_norm": 0.0, "transit_norm": 0.812, "cluster": 0 }, "geometry": { "type": "Polygon", "coordinates": [ [ [ 55.328764843899805, 25.298051458796287 ], [ 55.328733890907465, 25.300308175985542 ], [ 55.33121636439958, 25.300336294941793 ], [ 55.331247271466871, 25.298079574897571 ], [ 55.328764843899805, 25.298051458796287 ] ] ] } },
{ "type": "Feature", "properties": { "cell_id": 578, "district": "deira", "gius": 0.173, "walkability_norm": 0.0, "services_norm": 0.0, "transit_norm": 0.519, "cluster": 0 }, "geometry": { "type": "Polygon", "coordinates": [ [ [ 55.332049550454464, 25.239404599131181 ], [ 55.332018740003669, 25.24166133803055 ], [ 55.334500024950842, 25.24168934114336 ], [ 55.334530789619762, 25.239432599395929 ], [ 55.332049550454464, 25.239404599131181 ] ] ] } },
{ "type": "Feature", "properties": { "cell_id": 579, "district": "deira", "gius": 0.208, "walkability_norm": 0.0, "services_norm": 0.0, "transit_norm": 0.625, "cluster": 0 }, "geometry": { "type": "Polygon", "coordinates": [ [ [ 55.332018740003669, 25.24166133803055 ], [ 55.331987925840608, 25.243918076205333 ], [ 55.334469256575161, 25.24394608216631 ], [ 55.334500024950842, 25.24168934114336 ], [ 55.332018740003669, 25.24166133803055 ] ] ] } },
{ "type": "Feature", "properties": { "cell_id": 580, "district": "deira", "gius": 0.245, "walkability_norm": 0.0, "services_norm": 0.0, "transit_norm": 0.735, "cluster": 0 }, "geometry": { "type": "Polygon", "coordinates": [ [ [ 55.331987925840608, 25.243918076205333 ], [ 55.331957107964982, 25.246174813655493 ], [ 55.334438484492431, 25.246202822464735 ], [ 55.334469256575161, 25.24394608216631 ], [ 55.331987925840608, 25.243918076205333 ] ] ] } },
{ "type": "Feature", "properties": { "cell_id": 581, "district": "deira", "gius": 0.281, "walkability_norm": 0.0, "services_norm": 0.0, "transit_norm": 0.844, "cluster": 0 }, "geometry": { "type": "Polygon", "coordinates": [ [ [ 55.331957107964982, 25.246174813655493 ], [ 55.331926286376486, 25.248431550380971 ], [ 55.334407708702344, 25.248459562038583 ], [ 55.334438484492431, 25.246202822464735 ], [ 55.331957107964982, 25.246174813655493 ] ] ] } },
{ "type": "Feature", "properties": { "cell_id": 582, "district": "deira", "gius": 0.401, "walkability_norm": 0.163, "services_norm": 0.097, "transit_norm": 0.944, "cluster": 0 }, "geometry": { "type": "Polygon", "coordinates": [ [ [ 55.331926286376486, 25.248431550380971 ], [ 55.331895461074829, 25.250688286381717 ], [ 55.334376929204602, 25.250716300887799 ], [ 55.334407708702344, 25.248459562038583 ], [ 55.331926286376486, 25.248431550380971 ] ] ] } },
{ "type": "Feature", "properties": { "cell_id": 583, "district": "deira", "gius": 0.49, "walkability_norm": 0.286, "services_norm": 0.226, "transit_norm": 0.958, "cluster": 0 }, "geometry": { "type": "Polygon", "coordinates": [ [ [ 55.331895461074829, 25.250688286381717 ], [ 55.331864632059698, 25.252945021657684 ], [ 55.334346145998914, 25.252973039012339 ], [ 55.334376929204602, 25.250716300887799 ], [ 55.331895461074829, 25.250688286381717 ] ] ] } },
{ "type": "Feature", "properties": { "cell_id": 584, "district": "deira", "gius": 0.818, "walkability_norm": 1.0, "services_norm": 0.548, "transit_norm": 0.907, "cluster": 3 }, "geometry": { "type": "Polygon", "coordinates": [ [ [ 55.331864632059698, 25.252945021657684 ], [ 55.331833799330795, 25.255201756208827 ], [ 55.334315359084975, 25.255229776412165 ], [ 55.334346145998914, 25.252973039012339 ], [ 55.331864632059698, 25.252945021657684 ] ] ] } },
{ "type": "Feature", "properties": { "cell_id": 585, "district": "deira", "gius": 0.868, "walkability_norm": 1.0, "services_norm": 0.613, "transit_norm": 0.991, "cluster": 3 }, "geometry": { "type": "Polygon", "coordinates": [ [ [ 55.331833799330795, 25.255201756208827 ], [ 55.331802962887835, 25.257458490035088 ], [ 55.334284568462479, 25.257486513087205 ], [ 55.334315359084975, 25.255229776412165 ], [ 55.331833799330795, 25.255201756208827 ] ] ] } },
{ "type": "Feature", "properties": { "cell_id": 586, "district": "deira", "gius": 0.746, "walkability_norm": 0.592, "services_norm": 0.677, "transit_norm": 0.968, "cluster": 3 }, "geometry": { "type": "Polygon", "coordinates": [ [ [ 55.331802962887835, 25.257458490035088 ], [ 55.331772122730506, 25.259715223136425 ], [ 55.334253774131135, 25.25974324903742 ], [ 55.334284568462479, 25.257486513087205 ], [ 55.331802962887835, 25.257458490035088 ] ] ] } },
{ "type": "Feature", "properties": { "cell_id": 587, "district": "deira", "gius": 0.672, "walkability_norm": 0.592, "services_norm": 0.484, "transit_norm": 0.941, "cluster": 1 }, "geometry": { "type": "Polygon", "coordinates": [ [ [ 55.331772122730506, 25.259715223136425 ], [ 55.331741278858509, 25.261971955512792 ], [ 55.334222976090643, 25.261999984262772 ], [ 55.334253774131135, 25.25974324903742 ], [ 55.331772122730506, 25.259715223136425 ] ] ] } },
{ "type": "Feature", "properties": { "cell_id": 588, "district": "deira", "gius": 0.664, "walkability_norm": 0.418, "services_norm": 0.581, "transit_norm": 0.993, "cluster": 1 }, "geometry": { "type": "Polygon", "coordinates": [ [ [ 55.331741278858509, 25.261971955512792 ], [ 55.331710431271546, 25.264228687164124 ], [ 55.3341921743407, 25.264256718763193 ], [ 55.334222976090643, 25.261999984262772 ], [ 55.331741278858509, 25.261971955512792 ] ] ] } },
{ "type": "Feature", "properties": { "cell_id": 589, "district": "deira", "gius": 0.655, "walkability_norm": 0.551, "services_norm": 0.516, "transit_norm": 0.899, "cluster": 1 }, "geometry": { "type": "Polygon", "coordinates": [ [ [ 55.331710431271546, 25.264228687164124 ], [ 55.331679579969318, 25.266485418090383 ], [ 55.334161368881006, 25.266513452538639 ], [ 55.3341921743407, 25.264256718763193 ], [ 55.331710431271546, 25.264228687164124 ] ] ] } },
{ "type": "Feature", "properties": { "cell_id": 590, "district": "deira", "gius": 0.563, "walkability_norm": 0.439, "services_norm": 0.323, "transit_norm": 0.927, "cluster": 1 }, "geometry": { "type": "Polygon", "coordinates": [ [ [ 55.331679579969318, 25.266485418090383 ], [ 55.331648724951513, 25.268742148291523 ], [ 55.334130559711262, 25.268770185589066 ], [ 55.334161368881006, 25.266513452538639 ], [ 55.331679579969318, 25.266485418090383 ] ] ] } },
{ "type": "Feature", "properties": { "cell_id": 591, "district": "deira", "gius": 0.66, "walkability_norm": 0.643, "services_norm": 0.355, "transit_norm": 0.981, "cluster": 1 }, "geometry": { "type": "Polygon", "coordinates": [ [ [ 55.331648724951513, 25.268742148291523 ], [ 55.331617866217854, 25.270998877767486 ], [ 55.334099746831178, 25.271026917914423 ], [ 55.334130559711262, 25.268770185589066 ], [ 55.331648724951513, 25.268742148291523 ] ] ] } },
{ "type": "Feature", "properties": { "cell_id": 592, "district": "deira", "gius": 0.777, "walkability_norm": 0.459, "services_norm": 0.903, "transit_norm": 0.969, "cluster": 3 }, "geometry": { "type": "Polygon", "coordinates": [ [ [ 55.331617866217854, 25.270998877767486 ], [ 55.331587003768021, 25.273255606518227 ], [ 55.334068930240434, 25.273283649514664 ], [ 55.334099746831178, 25.271026917914423 ], [ 55.331617866217854, 25.270998877767486 ] ] ] } },
{ "type": "Feature", "properties": { "cell_id": 593, "district": "deira", "gius": 0.959, "walkability_norm": 1.0, "services_norm": 1.0, "transit_norm": 0.876, "cluster": 3 }, "geometry": { "type": "Polygon", "coordinates": [ [ [ 55.331587003768021, 25.273255606518227 ], [ 55.331556137601716, 25.275512334543691 ], [ 55.334038109938746, 25.275540380389725 ], [ 55.334068930240434, 25.273283649514664 ], [ 55.331587003768021, 25.273255606518227 ] ] ] } },
{ "type": "Feature", "properties": { "cell_id": 594, "district": "deira", "gius": 0.914, "walkability_norm": 0.888, "services_norm": 1.0, "transit_norm": 0.853, "cluster": 3 }, "geometry": { "type": "Polygon", "coordinates": [ [ [ 55.331556137601716, 25.275512334543691 ], [ 55.331525267718646, 25.277769061843841 ], [ 55.334007285925814, 25.277797110539577 ], [ 55.334038109938746, 25.275540380389725 ], [ 55.331556137601716, 25.275512334543691 ] ] ] } },
{ "type": "Feature", "properties": { "cell_id": 595, "district": "deira", "gius": 0.936, "walkability_norm": 0.888, "services_norm": 1.0, "transit_norm": 0.92, "cluster": 3 }, "geometry": { "type": "Polygon", "coordinates": [ [ [ 55.331525267718646, 25.277769061843841 ], [ 55.331494394118508, 25.280025788418619 ], [ 55.333976458201334, 25.280053839964157 ], [ 55.334007285925814, 25.277797110539577 ], [ 55.331525267718646, 25.277769061843841 ] ] ] } },
{ "type": "Feature", "properties": { "cell_id": 596, "district": "deira", "gius": 0.687, "walkability_norm": 0.449, "services_norm": 0.613, "transit_norm": 1.0, "cluster": 3 }, "geometry": { "type": "Polygon", "coordinates": [ [ [ 55.331494394118508, 25.280025788418619 ], [ 55.331463516801001, 25.28228251426798 ], [ 55.333945626765001, 25.282310568663416 ], [ 55.333976458201334, 25.280053839964157 ], [ 55.331494394118508, 25.280025788418619 ] ] ] } },
{ "type": "Feature", "properties": { "cell_id": 597, "district": "deira", "gius": 0.606, "walkability_norm": 0.388, "services_norm": 0.484, "transit_norm": 0.948, "cluster": 1 }, "geometry": { "type": "Polygon", "coordinates": [ [ [ 55.331463516801001, 25.28228251426798 ], [ 55.331432635765829, 25.284539239391862 ], [ 55.333914791616515, 25.284567296637313 ], [ 55.333945626765001, 25.282310568663416 ], [ 55.331463516801001, 25.28228251426798 ] ] ] } },
{ "type": "Feature", "properties": { "cell_id": 598, "district": "deira", "gius": 0.576, "walkability_norm": 0.388, "services_norm": 0.355, "transit_norm": 0.986, "cluster": 1 }, "geometry": { "type": "Polygon", "coordinates": [ [ [ 55.331432635765829, 25.284539239391862 ], [ 55.331401751012677, 25.286795963790237 ], [ 55.333883952755592, 25.286824023885792 ], [ 55.333914791616515, 25.284567296637313 ], [ 55.331432635765829, 25.284539239391862 ] ] ] } },
{ "type": "Feature", "properties": { "cell_id": 599, "district": "deira", "gius": 0.611, "walkability_norm": 0.51, "services_norm": 0.323, "transit_norm": 1.0, "cluster": 1 }, "geometry": { "type": "Polygon", "coordinates": [ [ [ 55.331401751012677, 25.286795963790237 ], [ 55.331370862541263, 25.289052687463027 ], [ 55.333853110181913, 25.2890807504088 ], [ 55.333883952755592, 25.286824023885792 ], [ 55.331401751012677, 25.286795963790237 ] ] ] } },
{ "type": "Feature", "properties": { "cell_id": 600, "district": "deira", "gius": 0.47, "walkability_norm": 0.347, "services_norm": 0.097, "transit_norm": 0.966, "cluster": 0 }, "geometry": { "type": "Polygon", "coordinates": [ [ [ 55.331370862541263, 25.289052687463027 ], [ 55.331339970351266, 25.291309410410214 ], [ 55.333822263895186, 25.291337476206305 ], [ 55.333853110181913, 25.2890807504088 ], [ 55.331370862541263, 25.289052687463027 ] ] ] } },
{ "type": "Feature", "properties": { "cell_id": 601, "district": "deira", "gius": 0.422, "walkability_norm": 0.306, "services_norm": 0.065, "transit_norm": 0.896, "cluster": 0 }, "geometry": { "type": "Polygon", "coordinates": [ [ [ 55.331339970351266, 25.291309410410214 ], [ 55.331309074442416, 25.293566132631735 ], [ 55.333791413895106, 25.293594201278239 ], [ 55.333822263895186, 25.291337476206305 ], [ 55.331339970351266, 25.291309410410214 ] ] ] } },
{ "type": "Feature", "properties": { "cell_id": 602, "district": "deira", "gius": 0.412, "walkability_norm": 0.306, "services_norm": 0.032, "transit_norm": 0.897, "cluster": 0 }, "geometry": { "type": "Polygon", "coordinates": [ [ [ 55.331309074442416, 25.293566132631735 ], [ 55.331278174814372, 25.295822854127536 ], [ 55.333760560181382, 25.295850925624563 ], [ 55.333791413895106, 25.293594201278239 ], [ 55.331309074442416, 25.293566132631735 ] ] ] } },
{ "type": "Feature", "properties": { "cell_id": 603, "district": "deira", "gius": 0.414, "walkability_norm": 0.265, "services_norm": 0.032, "transit_norm": 0.943, "cluster": 0 }, "geometry": { "type": "Polygon", "coordinates": [ [ [ 55.331278174814372, 25.295822854127536 ], [ 55.331247271466871, 25.298079574897571 ], [ 55.333729702753708, 25.298107649245221 ], [ 55.333760560181382, 25.295850925624563 ], [ 55.331278174814372, 25.295822854127536 ] ] ] } },
{ "type": "Feature", "properties": { "cell_id": 604, "district": "deira", "gius": 0.339, "walkability_norm": 0.112, "services_norm": 0.0, "transit_norm": 0.905, "cluster": 0 }, "geometry": { "type": "Polygon", "coordinates": [ [ [ 55.331247271466871, 25.298079574897571 ], [ 55.33121636439958, 25.300336294941793 ], [ 55.333698841611785, 25.300364372140166 ], [ 55.333729702753708, 25.298107649245221 ], [ 55.331247271466871, 25.298079574897571 ] ] ] } },
{ "type": "Feature", "properties": { "cell_id": 605, "district": "deira", "gius": 0.184, "walkability_norm": 0.0, "services_norm": 0.0, "transit_norm": 0.552, "cluster": 0 }, "geometry": { "type": "Polygon", "coordinates": [ [ [ 55.334530789619762, 25.239432599395929 ], [ 55.334500024950842, 25.24168934114336 ], [ 55.336981313604767, 25.241717302608198 ], [ 55.337012032491522, 25.239460558016944 ], [ 55.334530789619762, 25.239432599395929 ] ] ] } },
{ "type": "Feature", "properties": { "cell_id": 606, "district": "deira", "gius": 0.217, "walkability_norm": 0.0, "services_norm": 0.0, "transit_norm": 0.651, "cluster": 0 }, "geometry": { "type": "Polygon", "coordinates": [ [ [ 55.334500024950842, 25.24168934114336 ], [ 55.334469256575161, 25.24394608216631 ], [ 55.336950591016766, 25.243974046475088 ], [ 55.336981313604767, 25.241717302608198 ], [ 55.334500024950842, 25.24168934114336 ] ] ] } },
{ "type": "Feature", "properties": { "cell_id": 607, "district": "deira", "gius": 0.301, "walkability_norm": 0.0, "services_norm": 0.161, "transit_norm": 0.741, "cluster": 0 }, "geometry": { "type": "Polygon", "coordinates": [ [ [ 55.334469256575161, 25.24394608216631 ], [ 55.334438484492431, 25.246202822464735 ], [ 55.336919864727228, 25.246230789617542 ], [ 55.336950591016766, 25.243974046475088 ], [ 55.334469256575161, 25.24394608216631 ] ] ] } },
{ "type": "Feature", "properties": { "cell_id": 608, "district": "deira", "gius": 0.313, "walkability_norm": 0.0, "services_norm": 0.129, "transit_norm": 0.811, "cluster": 0 }, "geometry": { "type": "Polygon", "coordinates": [ [ [ 55.334438484492431, 25.246202822464735 ], [ 55.334407708702344, 25.248459562038583 ], [ 55.336889134735856, 25.248487532035526 ], [ 55.336919864727228, 25.246230789617542 ], [ 55.334438484492431, 25.246202822464735 ] ] ] } },
{ "type": "Feature", "properties": { "cell_id": 609, "district": "deira", "gius": 0.406, "walkability_norm": 0.173, "services_norm": 0.194, "transit_norm": 0.85, "cluster": 0 }, "geometry": { "type": "Polygon", "coordinates": [ [ [ 55.334407708702344, 25.248459562038583 ], [ 55.334376929204602, 25.250716300887799 ], [ 55.336858401042335, 25.250744273728976 ], [ 55.336889134735856, 25.248487532035526 ], [ 55.334407708702344, 25.248459562038583 ] ] ] } },
{ "type": "Feature", "properties": { "cell_id": 610, "district": "deira", "gius": 0.62, "walkability_norm": 0.745, "services_norm": 0.258, "transit_norm": 0.856, "cluster": 1 }, "geometry": { "type": "Polygon", "coordinates": [ [ [ 55.334376929204602, 25.250716300887799 ], [ 55.334346145998914, 25.252973039012339 ], [ 55.336827663646389, 25.253001014697865 ], [ 55.336858401042335, 25.250744273728976 ], [ 55.334376929204602, 25.250716300887799 ] ] ] } },
{ "type": "Feature", "properties": { "cell_id": 611, "district": "deira", "gius": 0.621, "walkability_norm": 0.633, "services_norm": 0.387, "transit_norm": 0.844, "cluster": 1 }, "geometry": { "type": "Polygon", "coordinates": [ [ [ 55.334346145998914, 25.252973039012339 ], [ 55.334315359084975, 25.255229776412165 ], [ 55.336796922547698, 25.255257754942122 ], [ 55.336827663646389, 25.253001014697865 ], [ 55.334346145998914, 25.252973039012339 ] ] ] } },
{ "type": "Feature", "properties": { "cell_id": 612, "district": "deira", "gius": 0.625, "walkability_norm": 0.663, "services_norm": 0.29, "transit_norm": 0.921, "cluster": 1 }, "geometry": { "type": "Polygon", "coordinates": [ [ [ 55.334315359084975, 25.255229776412165 ], [ 55.334284568462479, 25.257486513087205 ], [ 55.336766177745979, 25.257514494461706 ], [ 55.336796922547698, 25.255257754942122 ], [ 55.334315359084975, 25.255229776412165 ] ] ] } },
{ "type": "Feature", "properties": { "cell_id": 613, "district": "deira", "gius": 0.609, "walkability_norm": 0.653, "services_norm": 0.258, "transit_norm": 0.916, "cluster": 1 }, "geometry": { "type": "Polygon", "coordinates": [ [ [ 55.334284568462479, 25.257486513087205 ], [ 55.334253774131135, 25.25974324903742 ], [ 55.336735429240917, 25.259771233256572 ], [ 55.336766177745979, 25.257514494461706 ], [ 55.334284568462479, 25.257486513087205 ] ] ] } },
{ "type": "Feature", "properties": { "cell_id": 614, "district": "deira", "gius": 0.594, "walkability_norm": 0.663, "services_norm": 0.258, "transit_norm": 0.862, "cluster": 1 }, "geometry": { "type": "Polygon", "coordinates": [ [ [ 55.334253774131135, 25.25974324903742 ], [ 55.334222976090643, 25.261999984262772 ], [ 55.33670467703223, 25.262027971326667 ], [ 55.336735429240917, 25.259771233256572 ], [ 55.334253774131135, 25.25974324903742 ] ] ] } },
{ "type": "Feature", "properties": { "cell_id": 615, "district": "deira", "gius": 0.514, "walkability_norm": 0.429, "services_norm": 0.226, "transit_norm": 0.886, "cluster": 1 }, "geometry": { "type": "Polygon", "coordinates": [ [ [ 55.334222976090643, 25.261999984262772 ], [ 55.3341921743407, 25.264256718763193 ], [ 55.336673921119605, 25.264284708671934 ], [ 55.33670467703223, 25.262027971326667 ], [ 55.334222976090643, 25.261999984262772 ] ] ] } },
{ "type": "Feature", "properties": { "cell_id": 616, "district": "deira", "gius": 0.415, "walkability_norm": 0.378, "services_norm": 0.032, "transit_norm": 0.835, "cluster": 0 }, "geometry": { "type": "Polygon", "coordinates": [ [ [ 55.3341921743407, 25.264256718763193 ], [ 55.334161368881006, 25.266513452538639 ], [ 55.336643161502749, 25.266541445292336 ], [ 55.336673921119605, 25.264284708671934 ], [ 55.3341921743407, 25.264256718763193 ] ] ] } },
{ "type": "Feature", "properties": { "cell_id": 617, "district": "deira", "gius": 0.45, "walkability_norm": 0.51, "services_norm": 0.0, "transit_norm": 0.838, "cluster": 1 }, "geometry": { "type": "Polygon", "coordinates": [ [ [ 55.334161368881006, 25.266513452538639 ], [ 55.334130559711262, 25.268770185589066 ], [ 55.336612398181366, 25.268798181187819 ], [ 55.336643161502749, 25.266541445292336 ], [ 55.334161368881006, 25.266513452538639 ] ] ] } },
{ "type": "Feature", "properties": { "cell_id": 618, "district": "deira", "gius": 0.451, "walkability_norm": 0.306, "services_norm": 0.097, "transit_norm": 0.95, "cluster": 0 }, "geometry": { "type": "Polygon", "coordinates": [ [ [ 55.334130559711262, 25.268770185589066 ], [ 55.334099746831178, 25.271026917914423 ], [ 55.336581631155155, 25.271054916358334 ], [ 55.336612398181366, 25.268798181187819 ], [ 55.334130559711262, 25.268770185589066 ] ] ] } },
{ "type": "Feature", "properties": { "cell_id": 619, "district": "deira", "gius": 0.615, "walkability_norm": 0.265, "services_norm": 0.581, "transit_norm": 0.999, "cluster": 1 }, "geometry": { "type": "Polygon", "coordinates": [ [ [ 55.334099746831178, 25.271026917914423 ], [ 55.334068930240434, 25.273283649514664 ], [ 55.336550860423806, 25.273311650803826 ], [ 55.336581631155155, 25.271054916358334 ], [ 55.334099746831178, 25.271026917914423 ] ] ] } },
{ "type": "Feature", "properties": { "cell_id": 620, "district": "deira", "gius": 0.857, "walkability_norm": 0.684, "services_norm": 1.0, "transit_norm": 0.887, "cluster": 3 }, "geometry": { "type": "Polygon", "coordinates": [ [ [ 55.334068930240434, 25.273283649514664 ], [ 55.334038109938746, 25.275540380389725 ], [ 55.336520085987033, 25.275568384524252 ], [ 55.336550860423806, 25.273311650803826 ], [ 55.334068930240434, 25.273283649514664 ] ] ] } },
{ "type": "Feature", "properties": { "cell_id": 621, "district": "deira", "gius": 0.896, "walkability_norm": 0.898, "services_norm": 1.0, "transit_norm": 0.789, "cluster": 3 }, "geometry": { "type": "Polygon", "coordinates": [ [ [ 55.334038109938746, 25.275540380389725 ], [ 55.334007285925814, 25.277797110539577 ], [ 55.336489307844531, 25.277825117519566 ], [ 55.336520085987033, 25.275568384524252 ], [ 55.334038109938746, 25.275540380389725 ] ] ] } },
{ "type": "Feature", "properties": { "cell_id": 622, "district": "deira", "gius": 0.91, "walkability_norm": 0.847, "services_norm": 1.0, "transit_norm": 0.884, "cluster": 3 }, "geometry": { "type": "Polygon", "coordinates": [ [ [ 55.334007285925814, 25.277797110539577 ], [ 55.333976458201334, 25.280053839964157 ], [ 55.336458525996001, 25.280081849789717 ], [ 55.336489307844531, 25.277825117519566 ], [ 55.334007285925814, 25.277797110539577 ] ] ] } },
{ "type": "Feature", "properties": { "cell_id": 623, "district": "deira", "gius": 0.799, "walkability_norm": 0.786, "services_norm": 0.645, "transit_norm": 0.966, "cluster": 3 }, "geometry": { "type": "Polygon", "coordinates": [ [ [ 55.333976458201334, 25.280053839964157 ], [ 55.333945626765001, 25.282310568663416 ], [ 55.336427740441145, 25.282338581334642 ], [ 55.336458525996001, 25.280081849789717 ], [ 55.333976458201334, 25.280053839964157 ] ] ] } },
{ "type": "Feature", "properties": { "cell_id": 624, "district": "deira", "gius": 0.698, "walkability_norm": 0.592, "services_norm": 0.516, "transit_norm": 0.985, "cluster": 1 }, "geometry": { "type": "Polygon", "coordinates": [ [ [ 55.333945626765001, 25.282310568663416 ], [ 55.333914791616515, 25.284567296637313 ], [ 55.336396951179658, 25.284595312154309 ], [ 55.336427740441145, 25.282338581334642 ], [ 55.333945626765001, 25.282310568663416 ] ] ] } },
{ "type": "Feature", "properties": { "cell_id": 625, "district": "deira", "gius": 0.856, "walkability_norm": 1.0, "services_norm": 0.581, "transit_norm": 0.986, "cluster": 3 }, "geometry": { "type": "Polygon", "coordinates": [ [ [ 55.333914791616515, 25.284567296637313 ], [ 55.333883952755592, 25.286824023885792 ], [ 55.336366158211248, 25.286852042248665 ], [ 55.336396951179658, 25.284595312154309 ], [ 55.333914791616515, 25.284567296637313 ] ] ] } },
{ "type": "Feature", "properties": { "cell_id": 626, "district": "deira", "gius": 0.635, "walkability_norm": 0.541, "services_norm": 0.387, "transit_norm": 0.978, "cluster": 1 }, "geometry": { "type": "Polygon", "coordinates": [ [ [ 55.333883952755592, 25.286824023885792 ], [ 55.333853110181913, 25.2890807504088 ], [ 55.33633536153561, 25.289108771617645 ], [ 55.336366158211248, 25.286852042248665 ], [ 55.333883952755592, 25.286824023885792 ] ] ] } },
{ "type": "Feature", "properties": { "cell_id": 627, "district": "deira", "gius": 0.468, "walkability_norm": 0.296, "services_norm": 0.194, "transit_norm": 0.915, "cluster": 0 }, "geometry": { "type": "Polygon", "coordinates": [ [ [ 55.333853110181913, 25.2890807504088 ], [ 55.333822263895186, 25.291337476206305 ], [ 55.336304561152446, 25.291365500261225 ], [ 55.33633536153561, 25.289108771617645 ], [ 55.333853110181913, 25.2890807504088 ] ] ] } },
{ "type": "Feature", "properties": { "cell_id": 628, "district": "deira", "gius": 0.474, "walkability_norm": 0.388, "services_norm": 0.194, "transit_norm": 0.841, "cluster": 1 }, "geometry": { "type": "Polygon", "coordinates": [ [ [ 55.333822263895186, 25.291337476206305 ], [ 55.333791413895106, 25.293594201278239 ], [ 55.336273757061456, 25.293622228179334 ], [ 55.336304561152446, 25.291365500261225 ], [ 55.333822263895186, 25.291337476206305 ] ] ] } },
{ "type": "Feature", "properties": { "cell_id": 629, "district": "deira", "gius": 0.463, "walkability_norm": 0.347, "services_norm": 0.129, "transit_norm": 0.914, "cluster": 0 }, "geometry": { "type": "Polygon", "coordinates": [ [ [ 55.333791413895106, 25.293594201278239 ], [ 55.333760560181382, 25.295850925624563 ], [ 55.336242949262342, 25.295878955371943 ], [ 55.336273757061456, 25.293622228179334 ], [ 55.333791413895106, 25.293594201278239 ] ] ] } },
{ "type": "Feature", "properties": { "cell_id": 630, "district": "deira", "gius": 0.453, "walkability_norm": 0.296, "services_norm": 0.065, "transit_norm": 1.0, "cluster": 0 }, "geometry": { "type": "Polygon", "coordinates": [ [ [ 55.333760560181382, 25.295850925624563 ], [ 55.333729702753708, 25.298107649245221 ], [ 55.336212137754799, 25.298135681838989 ], [ 55.336242949262342, 25.295878955371943 ], [ 55.333760560181382, 25.295850925624563 ] ] ] } },
{ "type": "Feature", "properties": { "cell_id": 631, "district": "deira", "gius": 0.5, "walkability_norm": 0.551, "services_norm": 0.0, "transit_norm": 0.948, "cluster": 1 }, "geometry": { "type": "Polygon", "coordinates": [ [ [ 55.333729702753708, 25.298107649245221 ], [ 55.333698841611785, 25.300364372140166 ], [ 55.336181322538536, 25.300392407580421 ], [ 55.336212137754799, 25.298135681838989 ], [ 55.333729702753708, 25.298107649245221 ] ] ] } },
{ "type": "Feature", "properties": { "cell_id": 632, "district": "deira", "gius": 0.195, "walkability_norm": 0.0, "services_norm": 0.0, "transit_norm": 0.585, "cluster": 0 }, "geometry": { "type": "Polygon", "coordinates": [ [ [ 55.337012032491522, 25.239460558016944 ], [ 55.336981313604767, 25.241717302608198 ], [ 55.33946260595993, 25.241745222424832 ], [ 55.339493279064222, 25.23948847499398 ], [ 55.337012032491522, 25.239460558016944 ] ] ] } },
{ "type": "Feature", "properties": { "cell_id": 633, "district": "deira", "gius": 0.278, "walkability_norm": 0.01, "services_norm": 0.129, "transit_norm": 0.695, "cluster": 0 }, "geometry": { "type": "Polygon", "coordinates": [ [ [ 55.336981313604767, 25.241717302608198 ], [ 55.336950591016766, 25.243974046475088 ], [ 55.339431929159915, 25.244001969131407 ], [ 55.33946260595993, 25.241745222424832 ], [ 55.336981313604767, 25.241717302608198 ] ] ] } },
{ "type": "Feature", "properties": { "cell_id": 634, "district": "deira", "gius": 0.436, "walkability_norm": 0.153, "services_norm": 0.355, "transit_norm": 0.801, "cluster": 0 }, "geometry": { "type": "Polygon", "coordinates": [ [ [ 55.336950591016766, 25.243974046475088 ], [ 55.336919864727228, 25.246230789617542 ], [ 55.339401248663876, 25.246258715113665 ], [ 55.339431929159915, 25.244001969131407 ], [ 55.336950591016766, 25.243974046475088 ] ] ] } },
{ "type": "Feature", "properties": { "cell_id": 635, "district": "deira", "gius": 0.592, "walkability_norm": 0.49, "services_norm": 0.387, "transit_norm": 0.899, "cluster": 1 }, "geometry": { "type": "Polygon", "coordinates": [ [ [ 55.336919864727228, 25.246230789617542 ], [ 55.336889134735856, 25.248487532035526 ], [ 55.339370564471501, 25.24851546037155 ], [ 55.339401248663876, 25.246258715113665 ], [ 55.336919864727228, 25.246230789617542 ] ] ] } },
{ "type": "Feature", "properties": { "cell_id": 636, "district": "deira", "gius": 0.746, "walkability_norm": 1.0, "services_norm": 0.29, "transit_norm": 0.947, "cluster": 1 }, "geometry": { "type": "Polygon", "coordinates": [ [ [ 55.336889134735856, 25.248487532035526 ], [ 55.336858401042335, 25.250744273728976 ], [ 55.339339876582507, 25.250772204905001 ], [ 55.339370564471501, 25.24851546037155 ], [ 55.336889134735856, 25.248487532035526 ] ] ] } },
{ "type": "Feature", "properties": { "cell_id": 637, "district": "deira", "gius": 0.633, "walkability_norm": 0.755, "services_norm": 0.258, "transit_norm": 0.885, "cluster": 1 }, "geometry": { "type": "Polygon", "coordinates": [ [ [ 55.336858401042335, 25.250744273728976 ], [ 55.336827663646389, 25.253001014697865 ], [ 55.339309184996587, 25.253028948713993 ], [ 55.339339876582507, 25.250772204905001 ], [ 55.336858401042335, 25.250744273728976 ] ] ] } },
{ "type": "Feature", "properties": { "cell_id": 638, "district": "deira", "gius": 0.487, "walkability_norm": 0.337, "services_norm": 0.194, "transit_norm": 0.931, "cluster": 1 }, "geometry": { "type": "Polygon", "coordinates": [ [ [ 55.336827663646389, 25.253001014697865 ], [ 55.336796922547698, 25.255257754942122 ], [ 55.339278489713458, 25.255285691798459 ], [ 55.339309184996587, 25.253028948713993 ], [ 55.336827663646389, 25.253001014697865 ] ] ] } },
{ "type": "Feature", "properties": { "cell_id": 639, "district": "deira", "gius": 0.439, "walkability_norm": 0.245, "services_norm": 0.194, "transit_norm": 0.878, "cluster": 0 }, "geometry": { "type": "Polygon", "coordinates": [ [ [ 55.336796922547698, 25.255257754942122 ], [ 55.336766177745979, 25.257514494461706 ], [ 55.339247790732806, 25.257542434158349 ], [ 55.339278489713458, 25.255285691798459 ], [ 55.336796922547698, 25.255257754942122 ] ] ] } },
{ "type": "Feature", "properties": { "cell_id": 640, "district": "deira", "gius": 0.385, "walkability_norm": 0.245, "services_norm": 0.097, "transit_norm": 0.813, "cluster": 0 }, "geometry": { "type": "Polygon", "coordinates": [ [ [ 55.336766177745979, 25.257514494461706 ], [ 55.336735429240917, 25.259771233256572 ], [ 55.339217088054333, 25.259799175793621 ], [ 55.339247790732806, 25.257542434158349 ], [ 55.336766177745979, 25.257514494461706 ] ] ] } },
{ "type": "Feature", "properties": { "cell_id": 641, "district": "deira", "gius": 0.394, "walkability_norm": 0.357, "services_norm": 0.065, "transit_norm": 0.761, "cluster": 0 }, "geometry": { "type": "Polygon", "coordinates": [ [ [ 55.336735429240917, 25.259771233256572 ], [ 55.33670467703223, 25.262027971326667 ], [ 55.339186381677742, 25.262055916704224 ], [ 55.339217088054333, 25.259799175793621 ], [ 55.336735429240917, 25.259771233256572 ] ] ] } },
{ "type": "Feature", "properties": { "cell_id": 10, "district": "deira", "gius": 0.373, "walkability_norm": 0.286, "services_norm": 0.0, "transit_norm": 0.833, "cluster": 0 }, "geometry": { "type": "Polygon", "coordinates": [ [ [ 55.279658309900789, 25.259117051142212 ], [ 55.279626503637218, 25.261373722711479 ], [ 55.282108121696488, 25.261402626812487 ], [ 55.282139882134949, 25.259145952305285 ], [ 55.279658309900789, 25.259117051142212 ] ] ] } },
{ "type": "Feature", "properties": { "cell_id": 642, "district": "deira", "gius": 0.358, "walkability_norm": 0.265, "services_norm": 0.032, "transit_norm": 0.775, "cluster": 0 }, "geometry": { "type": "Polygon", "coordinates": [ [ [ 55.33670467703223, 25.262027971326667 ], [ 55.336673921119605, 25.264284708671934 ], [ 55.33915567160274, 25.264312656890112 ], [ 55.339186381677742, 25.262055916704224 ], [ 55.33670467703223, 25.262027971326667 ] ] ] } },
{ "type": "Feature", "properties": { "cell_id": 643, "district": "deira", "gius": 0.35, "walkability_norm": 0.276, "services_norm": 0.032, "transit_norm": 0.743, "cluster": 0 }, "geometry": { "type": "Polygon", "coordinates": [ [ [ 55.336673921119605, 25.264284708671934 ], [ 55.336643161502749, 25.266541445292336 ], [ 55.339124957829029, 25.26656939635123 ], [ 55.33915567160274, 25.264312656890112 ], [ 55.336673921119605, 25.264284708671934 ] ] ] } },
{ "type": "Feature", "properties": { "cell_id": 644, "district": "deira", "gius": 0.446, "walkability_norm": 0.531, "services_norm": 0.0, "transit_norm": 0.809, "cluster": 1 }, "geometry": { "type": "Polygon", "coordinates": [ [ [ 55.336643161502749, 25.266541445292336 ], [ 55.336612398181366, 25.268798181187819 ], [ 55.339094240356296, 25.268826135087533 ], [ 55.339124957829029, 25.26656939635123 ], [ 55.336643161502749, 25.266541445292336 ] ] ] } },
{ "type": "Feature", "properties": { "cell_id": 645, "district": "deira", "gius": 0.413, "walkability_norm": 0.347, "services_norm": 0.0, "transit_norm": 0.893, "cluster": 0 }, "geometry": { "type": "Polygon", "coordinates": [ [ [ 55.336612398181366, 25.268798181187819 ], [ 55.336581631155155, 25.271054916358334 ], [ 55.339063519184251, 25.271082873098962 ], [ 55.339094240356296, 25.268826135087533 ], [ 55.336612398181366, 25.268798181187819 ] ] ] } },
{ "type": "Feature", "properties": { "cell_id": 646, "district": "deira", "gius": 0.576, "walkability_norm": 0.592, "services_norm": 0.194, "transit_norm": 0.942, "cluster": 1 }, "geometry": { "type": "Polygon", "coordinates": [ [ [ 55.336581631155155, 25.271054916358334 ], [ 55.336550860423806, 25.273311650803826 ], [ 55.339032794312608, 25.273339610385484 ], [ 55.339063519184251, 25.271082873098962 ], [ 55.336581631155155, 25.271054916358334 ] ] ] } },
{ "type": "Feature", "properties": { "cell_id": 647, "district": "deira", "gius": 0.808, "walkability_norm": 0.541, "services_norm": 0.968, "transit_norm": 0.917, "cluster": 3 }, "geometry": { "type": "Polygon", "coordinates": [ [ [ 55.336550860423806, 25.273311650803826 ], [ 55.336520085987033, 25.275568384524252 ], [ 55.339002065741042, 25.275596346947033 ], [ 55.339032794312608, 25.273339610385484 ], [ 55.336550860423806, 25.273311650803826 ] ] ] } },
{ "type": "Feature", "properties": { "cell_id": 648, "district": "deira", "gius": 0.805, "walkability_norm": 0.592, "services_norm": 1.0, "transit_norm": 0.823, "cluster": 3 }, "geometry": { "type": "Polygon", "coordinates": [ [ [ 55.336520085987033, 25.275568384524252 ], [ 55.336489307844531, 25.277825117519566 ], [ 55.338971333469274, 25.277853082783569 ], [ 55.339002065741042, 25.275596346947033 ], [ 55.336520085987033, 25.275568384524252 ] ] ] } },
{ "type": "Feature", "properties": { "cell_id": 649, "district": "deira", "gius": 0.804, "walkability_norm": 0.582, "services_norm": 1.0, "transit_norm": 0.83, "cluster": 3 }, "geometry": { "type": "Polygon", "coordinates": [ [ [ 55.336489307844531, 25.277825117519566 ], [ 55.336458525996001, 25.280081849789717 ], [ 55.338940597497, 25.280109817895049 ], [ 55.338971333469274, 25.277853082783569 ], [ 55.336489307844531, 25.277825117519566 ] ] ] } },
{ "type": "Feature", "properties": { "cell_id": 650, "district": "deira", "gius": 0.736, "walkability_norm": 0.714, "services_norm": 0.581, "transit_norm": 0.914, "cluster": 3 }, "geometry": { "type": "Polygon", "coordinates": [ [ [ 55.336458525996001, 25.280081849789717 ], [ 55.336427740441145, 25.282338581334642 ], [ 55.338909857823914, 25.282366552281406 ], [ 55.338940597497, 25.280109817895049 ], [ 55.336458525996001, 25.280081849789717 ] ] ] } },
{ "type": "Feature", "properties": { "cell_id": 651, "district": "deira", "gius": 0.687, "walkability_norm": 0.622, "services_norm": 0.516, "transit_norm": 0.923, "cluster": 1 }, "geometry": { "type": "Polygon", "coordinates": [ [ [ 55.336427740441145, 25.282338581334642 ], [ 55.336396951179658, 25.284595312154309 ], [ 55.338879114449732, 25.284623285942605 ], [ 55.338909857823914, 25.282366552281406 ], [ 55.336427740441145, 25.282338581334642 ] ] ] } },
{ "type": "Feature", "properties": { "cell_id": 652, "district": "deira", "gius": 0.648, "walkability_norm": 0.653, "services_norm": 0.323, "transit_norm": 0.969, "cluster": 1 }, "geometry": { "type": "Polygon", "coordinates": [ [ [ 55.336396951179658, 25.284595312154309 ], [ 55.336366158211248, 25.286852042248665 ], [ 55.338848367374133, 25.286880018878591 ], [ 55.338879114449732, 25.284623285942605 ], [ 55.336396951179658, 25.284595312154309 ] ] ] } },
{ "type": "Feature", "properties": { "cell_id": 653, "district": "deira", "gius": 0.661, "walkability_norm": 0.704, "services_norm": 0.29, "transit_norm": 0.988, "cluster": 1 }, "geometry": { "type": "Polygon", "coordinates": [ [ [ 55.336366158211248, 25.286852042248665 ], [ 55.33633536153561, 25.289108771617645 ], [ 55.338817616596835, 25.289136751089313 ], [ 55.338848367374133, 25.286880018878591 ], [ 55.336366158211248, 25.286852042248665 ] ] ] } },
{ "type": "Feature", "properties": { "cell_id": 654, "district": "deira", "gius": 0.605, "walkability_norm": 0.52, "services_norm": 0.355, "transit_norm": 0.94, "cluster": 1 }, "geometry": { "type": "Polygon", "coordinates": [ [ [ 55.33633536153561, 25.289108771617645 ], [ 55.336304561152446, 25.291365500261225 ], [ 55.338786862117537, 25.291393482574733 ], [ 55.338817616596835, 25.289136751089313 ], [ 55.33633536153561, 25.289108771617645 ] ] ] } },
{ "type": "Feature", "properties": { "cell_id": 655, "district": "deira", "gius": 0.547, "walkability_norm": 0.439, "services_norm": 0.258, "transit_norm": 0.943, "cluster": 1 }, "geometry": { "type": "Polygon", "coordinates": [ [ [ 55.336304561152446, 25.291365500261225 ], [ 55.336273757061456, 25.293622228179334 ], [ 55.338756103935928, 25.293650213334789 ], [ 55.338786862117537, 25.291393482574733 ], [ 55.336304561152446, 25.291365500261225 ] ] ] } },
{ "type": "Feature", "properties": { "cell_id": 656, "district": "deira", "gius": 0.512, "walkability_norm": 0.367, "services_norm": 0.226, "transit_norm": 0.943, "cluster": 1 }, "geometry": { "type": "Polygon", "coordinates": [ [ [ 55.336273757061456, 25.293622228179334 ], [ 55.336242949262342, 25.295878955371943 ], [ 55.338725342051724, 25.295906943369435 ], [ 55.338756103935928, 25.293650213334789 ], [ 55.336273757061456, 25.293622228179334 ] ] ] } },
{ "type": "Feature", "properties": { "cell_id": 657, "district": "deira", "gius": 0.536, "walkability_norm": 0.48, "services_norm": 0.129, "transit_norm": 1.0, "cluster": 1 }, "geometry": { "type": "Polygon", "coordinates": [ [ [ 55.336242949262342, 25.295878955371943 ], [ 55.336212137754799, 25.298135681838989 ], [ 55.338694576464619, 25.298163672678626 ], [ 55.338725342051724, 25.295906943369435 ], [ 55.336242949262342, 25.295878955371943 ] ] ] } },
{ "type": "Feature", "properties": { "cell_id": 658, "district": "deira", "gius": 0.391, "walkability_norm": 0.173, "services_norm": 0.0, "transit_norm": 1.0, "cluster": 0 }, "geometry": { "type": "Polygon", "coordinates": [ [ [ 55.336212137754799, 25.298135681838989 ], [ 55.336181322538536, 25.300392407580421 ], [ 55.338663807174306, 25.300420401262311 ], [ 55.338694576464619, 25.298163672678626 ], [ 55.336212137754799, 25.298135681838989 ] ] ] } },
{ "type": "Feature", "properties": { "cell_id": 659, "district": "deira", "gius": 0.248, "walkability_norm": 0.153, "services_norm": 0.0, "transit_norm": 0.592, "cluster": 0 }, "geometry": { "type": "Polygon", "coordinates": [ [ [ 55.339493279064222, 25.23948847499398 ], [ 55.33946260595993, 25.241745222424832 ], [ 55.341943902010826, 25.241773100593008 ], [ 55.341974529332354, 25.239516350326795 ], [ 55.339493279064222, 25.23948847499398 ] ] ] } },
{ "type": "Feature", "properties": { "cell_id": 660, "district": "deira", "gius": 0.384, "walkability_norm": 0.255, "services_norm": 0.194, "transit_norm": 0.704, "cluster": 0 }, "geometry": { "type": "Polygon", "coordinates": [ [ [ 55.33946260595993, 25.241745222424832 ], [ 55.339431929159915, 25.244001969131407 ], [ 55.341913270999086, 25.244029850135046 ], [ 55.341943902010826, 25.241773100593008 ], [ 55.33946260595993, 25.241745222424832 ] ] ] } },
{ "type": "Feature", "properties": { "cell_id": 661, "district": "deira", "gius": 0.543, "walkability_norm": 0.459, "services_norm": 0.355, "transit_norm": 0.815, "cluster": 1 }, "geometry": { "type": "Polygon", "coordinates": [ [ [ 55.339431929159915, 25.244001969131407 ], [ 55.339401248663876, 25.246258715113665 ], [ 55.34188263629683, 25.246286598952867 ], [ 55.341913270999086, 25.244029850135046 ], [ 55.339431929159915, 25.244001969131407 ] ] ] } },
{ "type": "Feature", "properties": { "cell_id": 662, "district": "deira", "gius": 0.621, "walkability_norm": 0.551, "services_norm": 0.387, "transit_norm": 0.925, "cluster": 1 }, "geometry": { "type": "Polygon", "coordinates": [ [ [ 55.339401248663876, 25.246258715113665 ], [ 55.339370564471501, 25.24851546037155 ], [ 55.341851997903774, 25.248543347046414 ], [ 55.34188263629683, 25.246286598952867 ], [ 55.339401248663876, 25.246258715113665 ] ] ] } },
{ "type": "Feature", "properties": { "cell_id": 663, "district": "deira", "gius": 0.707, "walkability_norm": 0.765, "services_norm": 0.355, "transit_norm": 1.0, "cluster": 1 }, "geometry": { "type": "Polygon", "coordinates": [ [ [ 55.339370564471501, 25.24851546037155 ], [ 55.339339876582507, 25.250772204905001 ], [ 55.341821355819597, 25.250800094415634 ], [ 55.341851997903774, 25.248543347046414 ], [ 55.339370564471501, 25.24851546037155 ] ] ] } },
{ "type": "Feature", "properties": { "cell_id": 664, "district": "deira", "gius": 0.656, "walkability_norm": 0.786, "services_norm": 0.258, "transit_norm": 0.925, "cluster": 1 }, "geometry": { "type": "Polygon", "coordinates": [ [ [ 55.339339876582507, 25.250772204905001 ], [ 55.339309184996587, 25.253028948713993 ], [ 55.341790710044023, 25.253056841060491 ], [ 55.341821355819597, 25.250800094415634 ], [ 55.339339876582507, 25.250772204905001 ] ] ] } },
{ "type": "Feature", "properties": { "cell_id": 665, "district": "deira", "gius": 0.447, "walkability_norm": 0.245, "services_norm": 0.097, "transit_norm": 1.0, "cluster": 0 }, "geometry": { "type": "Polygon", "coordinates": [ [ [ 55.339309184996587, 25.253028948713993 ], [ 55.339278489713458, 25.255285691798459 ], [ 55.341760060576732, 25.255313586980925 ], [ 55.341790710044023, 25.253056841060491 ], [ 55.339309184996587, 25.253028948713993 ] ] ] } },
{ "type": "Feature", "properties": { "cell_id": 666, "district": "deira", "gius": 0.333, "walkability_norm": 0.051, "services_norm": 0.032, "transit_norm": 0.915, "cluster": 0 }, "geometry": { "type": "Polygon", "coordinates": [ [ [ 55.339278489713458, 25.255285691798459 ], [ 55.339247790732806, 25.257542434158349 ], [ 55.341729407417446, 25.257570332176893 ], [ 55.341760060576732, 25.255313586980925 ], [ 55.339278489713458, 25.255285691798459 ] ] ] } },
{ "type": "Feature", "properties": { "cell_id": 667, "district": "deira", "gius": 0.305, "walkability_norm": 0.0, "services_norm": 0.032, "transit_norm": 0.883, "cluster": 0 }, "geometry": { "type": "Polygon", "coordinates": [ [ [ 55.339247790732806, 25.257542434158349 ], [ 55.339217088054333, 25.259799175793621 ], [ 55.341698750565854, 25.259827076648342 ], [ 55.341729407417446, 25.257570332176893 ], [ 55.339247790732806, 25.257542434158349 ] ] ] } },
{ "type": "Feature", "properties": { "cell_id": 668, "district": "deira", "gius": 0.282, "walkability_norm": 0.0, "services_norm": 0.032, "transit_norm": 0.814, "cluster": 0 }, "geometry": { "type": "Polygon", "coordinates": [ [ [ 55.339217088054333, 25.259799175793621 ], [ 55.339186381677742, 25.262055916704224 ], [ 55.34166809002167, 25.262083820395222 ], [ 55.341698750565854, 25.259827076648342 ], [ 55.339217088054333, 25.259799175793621 ] ] ] } },
{ "type": "Feature", "properties": { "cell_id": 669, "district": "deira", "gius": 0.24, "walkability_norm": 0.0, "services_norm": 0.0, "transit_norm": 0.72, "cluster": 0 }, "geometry": { "type": "Polygon", "coordinates": [ [ [ 55.339186381677742, 25.262055916704224 ], [ 55.33915567160274, 25.264312656890112 ], [ 55.34163742578459, 25.264340563417484 ], [ 55.34166809002167, 25.262083820395222 ], [ 55.339186381677742, 25.262055916704224 ] ] ] } },
{ "type": "Feature", "properties": { "cell_id": 670, "district": "deira", "gius": 0.226, "walkability_norm": 0.01, "services_norm": 0.0, "transit_norm": 0.667, "cluster": 0 }, "geometry": { "type": "Polygon", "coordinates": [ [ [ 55.33915567160274, 25.264312656890112 ], [ 55.339124957829029, 25.26656939635123 ], [ 55.341606757854308, 25.266597305715077 ], [ 55.34163742578459, 25.264340563417484 ], [ 55.33915567160274, 25.264312656890112 ] ] ] } },
{ "type": "Feature", "properties": { "cell_id": 671, "district": "deira", "gius": 0.324, "walkability_norm": 0.194, "services_norm": 0.0, "transit_norm": 0.779, "cluster": 0 }, "geometry": { "type": "Polygon", "coordinates": [ [ [ 55.339124957829029, 25.26656939635123 ], [ 55.339094240356296, 25.268826135087533 ], [ 55.341576086230532, 25.268854047287967 ], [ 55.341606757854308, 25.266597305715077 ], [ 55.339124957829029, 25.26656939635123 ] ] ] } },
{ "type": "Feature", "properties": { "cell_id": 672, "district": "deira", "gius": 0.457, "walkability_norm": 0.48, "services_norm": 0.0, "transit_norm": 0.891, "cluster": 1 }, "geometry": { "type": "Polygon", "coordinates": [ [ [ 55.339094240356296, 25.268826135087533 ], [ 55.339063519184251, 25.271082873098962 ], [ 55.341545410912964, 25.271110788136077 ], [ 55.341576086230532, 25.268854047287967 ], [ 55.339094240356296, 25.268826135087533 ] ] ] } },
{ "type": "Feature", "properties": { "cell_id": 673, "district": "deira", "gius": 0.59, "walkability_norm": 0.704, "services_norm": 0.065, "transit_norm": 1.0, "cluster": 1 }, "geometry": { "type": "Polygon", "coordinates": [ [ [ 55.339063519184251, 25.271082873098962 ], [ 55.339032794312608, 25.273339610385484 ], [ 55.341514731901313, 25.273367528259385 ], [ 55.341545410912964, 25.271110788136077 ], [ 55.339063519184251, 25.271082873098962 ] ] ] } },
{ "type": "Feature", "properties": { "cell_id": 674, "district": "deira", "gius": 0.577, "walkability_norm": 0.163, "services_norm": 0.613, "transit_norm": 0.955, "cluster": 1 }, "geometry": { "type": "Polygon", "coordinates": [ [ [ 55.339032794312608, 25.273339610385484 ], [ 55.339002065741042, 25.275596346947033 ], [ 55.341484049195266, 25.275624267657818 ], [ 55.341514731901313, 25.273367528259385 ], [ 55.339032794312608, 25.273339610385484 ] ] ] } },
{ "type": "Feature", "properties": { "cell_id": 675, "district": "deira", "gius": 0.774, "walkability_norm": 0.653, "services_norm": 0.806, "transit_norm": 0.862, "cluster": 3 }, "geometry": { "type": "Polygon", "coordinates": [ [ [ 55.339002065741042, 25.275596346947033 ], [ 55.338971333469274, 25.277853082783569 ], [ 55.341453362794525, 25.277881006331345 ], [ 55.341484049195266, 25.275624267657818 ], [ 55.339002065741042, 25.275596346947033 ] ] ] } },
{ "type": "Feature", "properties": { "cell_id": 676, "district": "deira", "gius": 0.823, "walkability_norm": 0.735, "services_norm": 0.839, "transit_norm": 0.895, "cluster": 3 }, "geometry": { "type": "Polygon", "coordinates": [ [ [ 55.338971333469274, 25.277853082783569 ], [ 55.338940597497, 25.280109817895049 ], [ 55.341422672698805, 25.280137744279916 ], [ 55.341453362794525, 25.277881006331345 ], [ 55.338971333469274, 25.277853082783569 ] ] ] } },
{ "type": "Feature", "properties": { "cell_id": 677, "district": "deira", "gius": 0.734, "walkability_norm": 0.694, "services_norm": 0.548, "transit_norm": 0.958, "cluster": 1 }, "geometry": { "type": "Polygon", "coordinates": [ [ [ 55.338940597497, 25.280109817895049 ], [ 55.338909857823914, 25.282366552281406 ], [ 55.341391978907787, 25.282394481503466 ], [ 55.341422672698805, 25.280137744279916 ], [ 55.338940597497, 25.280109817895049 ] ] ] } },
{ "type": "Feature", "properties": { "cell_id": 678, "district": "deira", "gius": 0.64, "walkability_norm": 0.541, "services_norm": 0.387, "transit_norm": 0.993, "cluster": 1 }, "geometry": { "type": "Polygon", "coordinates": [ [ [ 55.338909857823914, 25.282366552281406 ], [ 55.338879114449732, 25.284623285942605 ], [ 55.3413612814212, 25.284651218001958 ], [ 55.341391978907787, 25.282394481503466 ], [ 55.338909857823914, 25.282366552281406 ] ] ] } },
{ "type": "Feature", "properties": { "cell_id": 679, "district": "deira", "gius": 0.645, "walkability_norm": 0.796, "services_norm": 0.258, "transit_norm": 0.882, "cluster": 1 }, "geometry": { "type": "Polygon", "coordinates": [ [ [ 55.338879114449732, 25.284623285942605 ], [ 55.338848367374133, 25.286880018878591 ], [ 55.341330580238719, 25.286907953775348 ], [ 55.3413612814212, 25.284651218001958 ], [ 55.338879114449732, 25.284623285942605 ] ] ] } },
{ "type": "Feature", "properties": { "cell_id": 680, "district": "deira", "gius": 0.562, "walkability_norm": 0.531, "services_norm": 0.258, "transit_norm": 0.896, "cluster": 1 }, "geometry": { "type": "Polygon", "coordinates": [ [ [ 55.338848367374133, 25.286880018878591 ], [ 55.338817616596835, 25.289136751089313 ], [ 55.341299875360065, 25.289164688823565 ], [ 55.341330580238719, 25.286907953775348 ], [ 55.338848367374133, 25.286880018878591 ] ] ] } },
{ "type": "Feature", "properties": { "cell_id": 681, "district": "deira", "gius": 0.556, "walkability_norm": 0.388, "services_norm": 0.323, "transit_norm": 0.957, "cluster": 1 }, "geometry": { "type": "Polygon", "coordinates": [ [ [ 55.338817616596835, 25.289136751089313 ], [ 55.338786862117537, 25.291393482574733 ], [ 55.341269166784926, 25.291421423146588 ], [ 55.341299875360065, 25.289164688823565 ], [ 55.338817616596835, 25.289136751089313 ] ] ] } },
{ "type": "Feature", "properties": { "cell_id": 682, "district": "deira", "gius": 0.639, "walkability_norm": 0.531, "services_norm": 0.387, "transit_norm": 1.0, "cluster": 1 }, "geometry": { "type": "Polygon", "coordinates": [ [ [ 55.338786862117537, 25.291393482574733 ], [ 55.338756103935928, 25.293650213334789 ], [ 55.341238454513011, 25.293678156744345 ], [ 55.341269166784926, 25.291421423146588 ], [ 55.338786862117537, 25.291393482574733 ] ] ] } },
{ "type": "Feature", "properties": { "cell_id": 683, "district": "deira", "gius": 0.602, "walkability_norm": 0.582, "services_norm": 0.226, "transit_norm": 1.0, "cluster": 1 }, "geometry": { "type": "Polygon", "coordinates": [ [ [ 55.338756103935928, 25.293650213334789 ], [ 55.338725342051724, 25.295906943369435 ], [ 55.341207738544014, 25.295934889616802 ], [ 55.341238454513011, 25.293678156744345 ], [ 55.338756103935928, 25.293650213334789 ] ] ] } },
{ "type": "Feature", "properties": { "cell_id": 684, "district": "deira", "gius": 0.436, "walkability_norm": 0.245, "services_norm": 0.129, "transit_norm": 0.933, "cluster": 0 }, "geometry": { "type": "Polygon", "coordinates": [ [ [ 55.338725342051724, 25.295906943369435 ], [ 55.338694576464619, 25.298163672678626 ], [ 55.341177018877637, 25.298191621763898 ], [ 55.341207738544014, 25.295934889616802 ], [ 55.338725342051724, 25.295906943369435 ] ] ] } },
{ "type": "Feature", "properties": { "cell_id": 685, "district": "deira", "gius": 0.334, "walkability_norm": 0.082, "services_norm": 0.032, "transit_norm": 0.889, "cluster": 0 }, "geometry": { "type": "Polygon", "coordinates": [ [ [ 55.338694576464619, 25.298163672678626 ], [ 55.338663807174306, 25.300420401262311 ], [ 55.341146295513589, 25.30044835318559 ], [ 55.341177018877637, 25.298191621763898 ], [ 55.338694576464619, 25.298163672678626 ] ] ] } },
{ "type": "Feature", "properties": { "cell_id": 686, "district": "deira", "gius": 0.337, "walkability_norm": 0.337, "services_norm": 0.065, "transit_norm": 0.61, "cluster": 0 }, "geometry": { "type": "Polygon", "coordinates": [ [ [ 55.341974529332354, 25.239516350326795 ], [ 55.341943902010826, 25.241773100593008 ], [ 55.344425201751939, 25.241800937112483 ], [ 55.3444557832904, 25.239544184015145 ], [ 55.341974529332354, 25.239516350326795 ] ] ] } },
{ "type": "Feature", "properties": { "cell_id": 687, "district": "deira", "gius": 0.472, "walkability_norm": 0.602, "services_norm": 0.129, "transit_norm": 0.686, "cluster": 1 }, "geometry": { "type": "Polygon", "coordinates": [ [ [ 55.341943902010826, 25.241773100593008 ], [ 55.341913270999086, 25.244029850135046 ], [ 55.344394616528774, 25.244057689485754 ], [ 55.344425201751939, 25.241800937112483 ], [ 55.341943902010826, 25.241773100593008 ] ] ] } },
{ "type": "Feature", "properties": { "cell_id": 688, "district": "deira", "gius": 0.481, "walkability_norm": 0.378, "services_norm": 0.29, "transit_norm": 0.775, "cluster": 1 }, "geometry": { "type": "Polygon", "coordinates": [ [ [ 55.341913270999086, 25.244029850135046 ], [ 55.34188263629683, 25.246286598952867 ], [ 55.344364027620607, 25.246314441134896 ], [ 55.344394616528774, 25.244057689485754 ], [ 55.341913270999086, 25.244029850135046 ] ] ] } },
{ "type": "Feature", "properties": { "cell_id": 689, "district": "deira", "gius": 0.503, "walkability_norm": 0.459, "services_norm": 0.194, "transit_norm": 0.857, "cluster": 1 }, "geometry": { "type": "Polygon", "coordinates": [ [ [ 55.34188263629683, 25.246286598952867 ], [ 55.341851997903774, 25.248543347046414 ], [ 55.344333435027146, 25.248571192059874 ], [ 55.344364027620607, 25.246314441134896 ], [ 55.34188263629683, 25.246286598952867 ] ] ] } },
{ "type": "Feature", "properties": { "cell_id": 690, "district": "deira", "gius": 0.528, "walkability_norm": 0.5, "services_norm": 0.194, "transit_norm": 0.891, "cluster": 1 }, "geometry": { "type": "Polygon", "coordinates": [ [ [ 55.341851997903774, 25.248543347046414 ], [ 55.341821355819597, 25.250800094415634 ], [ 55.344302838748092, 25.250827942260628 ], [ 55.344333435027146, 25.248571192059874 ], [ 55.341851997903774, 25.248543347046414 ] ] ] } },
{ "type": "Feature", "properties": { "cell_id": 691, "district": "deira", "gius": 0.562, "walkability_norm": 0.633, "services_norm": 0.161, "transit_norm": 0.892, "cluster": 1 }, "geometry": { "type": "Polygon", "coordinates": [ [ [ 55.341821355819597, 25.250800094415634 ], [ 55.341790710044023, 25.253056841060491 ], [ 55.344272238783155, 25.253084691737119 ], [ 55.344302838748092, 25.250827942260628 ], [ 55.341821355819597, 25.250800094415634 ] ] ] } },
{ "type": "Feature", "properties": { "cell_id": 692, "district": "deira", "gius": 0.417, "walkability_norm": 0.214, "services_norm": 0.097, "transit_norm": 0.939, "cluster": 0 }, "geometry": { "type": "Polygon", "coordinates": [ [ [ 55.341790710044023, 25.253056841060491 ], [ 55.341760060576732, 25.255313586980925 ], [ 55.344241635132022, 25.255341440489289 ], [ 55.344272238783155, 25.253084691737119 ], [ 55.341790710044023, 25.253056841060491 ] ] ] } },
{ "type": "Feature", "properties": { "cell_id": 693, "district": "deira", "gius": 0.327, "walkability_norm": 0.0, "services_norm": 0.0, "transit_norm": 0.981, "cluster": 0 }, "geometry": { "type": "Polygon", "coordinates": [ [ [ 55.341760060576732, 25.255313586980925 ], [ 55.341729407417446, 25.257570332176893 ], [ 55.344211027794394, 25.257598188517086 ], [ 55.344241635132022, 25.255341440489289 ], [ 55.341760060576732, 25.255313586980925 ] ] ] } },
{ "type": "Feature", "properties": { "cell_id": 694, "district": "deira", "gius": 0.323, "walkability_norm": 0.0, "services_norm": 0.0, "transit_norm": 0.97, "cluster": 0 }, "geometry": { "type": "Polygon", "coordinates": [ [ [ 55.341729407417446, 25.257570332176893 ], [ 55.341698750565854, 25.259827076648342 ], [ 55.344180416769987, 25.259854935820474 ], [ 55.344211027794394, 25.257598188517086 ], [ 55.341729407417446, 25.257570332176893 ] ] ] } },
{ "type": "Feature", "properties": { "cell_id": 695, "district": "deira", "gius": 0.287, "walkability_norm": 0.0, "services_norm": 0.0, "transit_norm": 0.862, "cluster": 0 }, "geometry": { "type": "Polygon", "coordinates": [ [ [ 55.341698750565854, 25.259827076648342 ], [ 55.34166809002167, 25.262083820395222 ], [ 55.344149802058503, 25.2621116823994 ], [ 55.344180416769987, 25.259854935820474 ], [ 55.341698750565854, 25.259827076648342 ] ] ] } },
{ "type": "Feature", "properties": { "cell_id": 696, "district": "deira", "gius": 0.25, "walkability_norm": 0.0, "services_norm": 0.0, "transit_norm": 0.75, "cluster": 0 }, "geometry": { "type": "Polygon", "coordinates": [ [ [ 55.34166809002167, 25.262083820395222 ], [ 55.34163742578459, 25.264340563417484 ], [ 55.344119183659636, 25.264368428253796 ], [ 55.344149802058503, 25.2621116823994 ], [ 55.34166809002167, 25.262083820395222 ] ] ] } },
{ "type": "Feature", "properties": { "cell_id": 697, "district": "deira", "gius": 0.217, "walkability_norm": 0.0, "services_norm": 0.0, "transit_norm": 0.65, "cluster": 0 }, "geometry": { "type": "Polygon", "coordinates": [ [ [ 55.34163742578459, 25.264340563417484 ], [ 55.341606757854308, 25.266597305715077 ], [ 55.344088561573088, 25.266625173383638 ], [ 55.344119183659636, 25.264368428253796 ], [ 55.34163742578459, 25.264340563417484 ] ] ] } },
{ "type": "Feature", "properties": { "cell_id": 698, "district": "deira", "gius": 0.255, "walkability_norm": 0.01, "services_norm": 0.0, "transit_norm": 0.755, "cluster": 0 }, "geometry": { "type": "Polygon", "coordinates": [ [ [ 55.341606757854308, 25.266597305715077 ], [ 55.341576086230532, 25.268854047287967 ], [ 55.344057935798567, 25.268881917788867 ], [ 55.344088561573088, 25.266625173383638 ], [ 55.341606757854308, 25.266597305715077 ] ] ] } },
{ "type": "Feature", "properties": { "cell_id": 699, "district": "deira", "gius": 0.348, "walkability_norm": 0.194, "services_norm": 0.0, "transit_norm": 0.851, "cluster": 0 }, "geometry": { "type": "Polygon", "coordinates": [ [ [ 55.341576086230532, 25.268854047287967 ], [ 55.341545410912964, 25.271110788136077 ], [ 55.344027306335775, 25.271138661469433 ], [ 55.344057935798567, 25.268881917788867 ], [ 55.341576086230532, 25.268854047287967 ] ] ] } },
{ "type": "Feature", "properties": { "cell_id": 700, "district": "deira", "gius": 0.427, "walkability_norm": 0.255, "services_norm": 0.065, "transit_norm": 0.963, "cluster": 0 }, "geometry": { "type": "Polygon", "coordinates": [ [ [ 55.341545410912964, 25.271110788136077 ], [ 55.341514731901313, 25.273367528259385 ], [ 55.3439966731844, 25.273395404425283 ], [ 55.344027306335775, 25.271138661469433 ], [ 55.341545410912964, 25.271110788136077 ] ] ] } },
{ "type": "Feature", "properties": { "cell_id": 701, "district": "deira", "gius": 0.465, "walkability_norm": 0.214, "services_norm": 0.194, "transit_norm": 0.986, "cluster": 0 }, "geometry": { "type": "Polygon", "coordinates": [ [ [ 55.341514731901313, 25.273367528259385 ], [ 55.341484049195266, 25.275624267657818 ], [ 55.34396603634417, 25.27565214665637 ], [ 55.3439966731844, 25.273395404425283 ], [ 55.341514731901313, 25.273367528259385 ] ] ] } },
{ "type": "Feature", "properties": { "cell_id": 702, "district": "deira", "gius": 0.675, "walkability_norm": 0.531, "services_norm": 0.613, "transit_norm": 0.882, "cluster": 3 }, "geometry": { "type": "Polygon", "coordinates": [ [ [ 55.341484049195266, 25.275624267657818 ], [ 55.341453362794525, 25.277881006331345 ], [ 55.343935395814761, 25.277908888162649 ], [ 55.34396603634417, 25.27565214665637 ], [ 55.341484049195266, 25.275624267657818 ] ] ] } },
{ "type": "Feature", "properties": { "cell_id": 703, "district": "deira", "gius": 0.867, "walkability_norm": 0.918, "services_norm": 0.774, "transit_norm": 0.909, "cluster": 3 }, "geometry": { "type": "Polygon", "coordinates": [ [ [ 55.341453362794525, 25.277881006331345 ], [ 55.341422672698805, 25.280137744279916 ], [ 55.343904751595886, 25.280165628944072 ], [ 55.343935395814761, 25.277908888162649 ], [ 55.341453362794525, 25.277881006331345 ] ] ] } },
{ "type": "Feature", "properties": { "cell_id": 704, "district": "deira", "gius": 0.642, "walkability_norm": 0.418, "services_norm": 0.516, "transit_norm": 0.991, "cluster": 1 }, "geometry": { "type": "Polygon", "coordinates": [ [ [ 55.341422672698805, 25.280137744279916 ], [ 55.341391978907787, 25.282394481503466 ], [ 55.343874103687256, 25.282422369000578 ], [ 55.343904751595886, 25.280165628944072 ], [ 55.341422672698805, 25.280137744279916 ] ] ] } },
{ "type": "Feature", "properties": { "cell_id": 705, "district": "deira", "gius": 0.688, "walkability_norm": 0.827, "services_norm": 0.323, "transit_norm": 0.915, "cluster": 1 }, "geometry": { "type": "Polygon", "coordinates": [ [ [ 55.341391978907787, 25.282394481503466 ], [ 55.3413612814212, 25.284651218001958 ], [ 55.343843452088556, 25.284679108332128 ], [ 55.343874103687256, 25.282422369000578 ], [ 55.341391978907787, 25.282394481503466 ] ] ] } },
{ "type": "Feature", "properties": { "cell_id": 706, "district": "deira", "gius": 0.509, "walkability_norm": 0.408, "services_norm": 0.194, "transit_norm": 0.925, "cluster": 1 }, "geometry": { "type": "Polygon", "coordinates": [ [ [ 55.3413612814212, 25.284651218001958 ], [ 55.341330580238719, 25.286907953775348 ], [ 55.343812796799497, 25.286935846938679 ], [ 55.343843452088556, 25.284679108332128 ], [ 55.3413612814212, 25.284651218001958 ] ] ] } },
{ "type": "Feature", "properties": { "cell_id": 707, "district": "deira", "gius": 0.547, "walkability_norm": 0.48, "services_norm": 0.161, "transit_norm": 1.0, "cluster": 1 }, "geometry": { "type": "Polygon", "coordinates": [ [ [ 55.341330580238719, 25.286907953775348 ], [ 55.341299875360065, 25.289164688823565 ], [ 55.343782137819773, 25.289192584820157 ], [ 55.343812796799497, 25.286935846938679 ], [ 55.341330580238719, 25.286907953775348 ] ] ] } },
{ "type": "Feature", "properties": { "cell_id": 708, "district": "deira", "gius": 0.505, "walkability_norm": 0.378, "services_norm": 0.194, "transit_norm": 0.943, "cluster": 1 }, "geometry": { "type": "Polygon", "coordinates": [ [ [ 55.341299875360065, 25.289164688823565 ], [ 55.341269166784926, 25.291421423146588 ], [ 55.343751475149098, 25.29144932197654 ], [ 55.343782137819773, 25.289192584820157 ], [ 55.341299875360065, 25.289164688823565 ] ] ] } },
{ "type": "Feature", "properties": { "cell_id": 709, "district": "deira", "gius": 0.619, "walkability_norm": 0.52, "services_norm": 0.355, "transit_norm": 0.981, "cluster": 1 }, "geometry": { "type": "Polygon", "coordinates": [ [ [ 55.341269166784926, 25.291421423146588 ], [ 55.341238454513011, 25.293678156744345 ], [ 55.343720808787161, 25.293706058407771 ], [ 55.343751475149098, 25.29144932197654 ], [ 55.341269166784926, 25.291421423146588 ] ] ] } },
{ "type": "Feature", "properties": { "cell_id": 710, "district": "deira", "gius": 0.509, "walkability_norm": 0.357, "services_norm": 0.226, "transit_norm": 0.945, "cluster": 1 }, "geometry": { "type": "Polygon", "coordinates": [ [ [ 55.341238454513011, 25.293678156744345 ], [ 55.341207738544014, 25.295934889616802 ], [ 55.343690138733677, 25.295962794113795 ], [ 55.343720808787161, 25.293706058407771 ], [ 55.341238454513011, 25.293678156744345 ] ] ] } },
{ "type": "Feature", "properties": { "cell_id": 711, "district": "deira", "gius": 0.456, "walkability_norm": 0.245, "services_norm": 0.194, "transit_norm": 0.931, "cluster": 0 }, "geometry": { "type": "Polygon", "coordinates": [ [ [ 55.341207738544014, 25.295934889616802 ], [ 55.341177018877637, 25.298191621763898 ], [ 55.343659464988328, 25.298219529094553 ], [ 55.343690138733677, 25.295962794113795 ], [ 55.341207738544014, 25.295934889616802 ] ] ] } },
{ "type": "Feature", "properties": { "cell_id": 712, "district": "deira", "gius": 0.396, "walkability_norm": 0.184, "services_norm": 0.065, "transit_norm": 0.941, "cluster": 0 }, "geometry": { "type": "Polygon", "coordinates": [ [ [ 55.341177018877637, 25.298191621763898 ], [ 55.341146295513589, 25.30044835318559 ], [ 55.343628787550841, 25.300476263350024 ], [ 55.343659464988328, 25.298219529094553 ], [ 55.341177018877637, 25.298191621763898 ] ] ] } },
{ "type": "Feature", "properties": { "cell_id": 713, "district": "deira", "gius": 0.357, "walkability_norm": 0.235, "services_norm": 0.161, "transit_norm": 0.674, "cluster": 0 }, "geometry": { "type": "Polygon", "coordinates": [ [ [ 55.3444557832904, 25.239544184015145 ], [ 55.344425201751939, 25.241800937112483 ], [ 55.346906505177749, 25.241828731983023 ], [ 55.34693704093285, 25.239571976058791 ], [ 55.3444557832904, 25.239544184015145 ] ] ] } },
{ "type": "Feature", "properties": { "cell_id": 714, "district": "deira", "gius": 0.49, "walkability_norm": 0.541, "services_norm": 0.161, "transit_norm": 0.768, "cluster": 1 }, "geometry": { "type": "Polygon", "coordinates": [ [ [ 55.344425201751939, 25.241800937112483 ], [ 55.344394616528774, 25.244057689485754 ], [ 55.346875965743457, 25.24408548718328 ], [ 55.346906505177749, 25.241828731983023 ], [ 55.344425201751939, 25.241800937112483 ] ] ] } },
{ "type": "Feature", "properties": { "cell_id": 715, "district": "deira", "gius": 0.409, "walkability_norm": 0.194, "services_norm": 0.194, "transit_norm": 0.84, "cluster": 0 }, "geometry": { "type": "Polygon", "coordinates": [ [ [ 55.344394616528774, 25.244057689485754 ], [ 55.344364027620607, 25.246314441134896 ], [ 55.346845422629677, 25.246342241659523 ], [ 55.346875965743457, 25.24408548718328 ], [ 55.344394616528774, 25.244057689485754 ] ] ] } },
{ "type": "Feature", "properties": { "cell_id": 716, "district": "deira", "gius": 0.503, "walkability_norm": 0.551, "services_norm": 0.097, "transit_norm": 0.862, "cluster": 1 }, "geometry": { "type": "Polygon", "coordinates": [ [ [ 55.344364027620607, 25.246314441134896 ], [ 55.344333435027146, 25.248571192059874 ], [ 55.346814875836117, 25.24859899541169 ], [ 55.346845422629677, 25.246342241659523 ], [ 55.344364027620607, 25.246314441134896 ] ] ] } },
{ "type": "Feature", "properties": { "cell_id": 717, "district": "deira", "gius": 0.616, "walkability_norm": 1.0, "services_norm": 0.032, "transit_norm": 0.817, "cluster": 1 }, "geometry": { "type": "Polygon", "coordinates": [ [ [ 55.344333435027146, 25.248571192059874 ], [ 55.344302838748092, 25.250827942260628 ], [ 55.346784325362485, 25.25085574843974 ], [ 55.346814875836117, 25.24859899541169 ], [ 55.344333435027146, 25.248571192059874 ] ] ] } },
{ "type": "Feature", "properties": { "cell_id": 718, "district": "deira", "gius": 0.513, "walkability_norm": 0.704, "services_norm": 0.032, "transit_norm": 0.802, "cluster": 1 }, "geometry": { "type": "Polygon", "coordinates": [ [ [ 55.344302838748092, 25.250827942260628 ], [ 55.344272238783155, 25.253084691737119 ], [ 55.346753771208469, 25.253112500743629 ], [ 55.346784325362485, 25.25085574843974 ], [ 55.344302838748092, 25.250827942260628 ] ] ] } },
{ "type": "Feature", "properties": { "cell_id": 719, "district": "deira", "gius": 0.307, "walkability_norm": 0.071, "services_norm": 0.0, "transit_norm": 0.848, "cluster": 0 }, "geometry": { "type": "Polygon", "coordinates": [ [ [ 55.344272238783155, 25.253084691737119 ], [ 55.344241635132022, 25.255341440489289 ], [ 55.346723213373785, 25.255369252323298 ], [ 55.346753771208469, 25.253112500743629 ], [ 55.344272238783155, 25.253084691737119 ] ] ] } },
{ "type": "Feature", "properties": { "cell_id": 720, "district": "deira", "gius": 0.309, "walkability_norm": 0.0, "services_norm": 0.0, "transit_norm": 0.928, "cluster": 0 }, "geometry": { "type": "Polygon", "coordinates": [ [ [ 55.344241635132022, 25.255341440489289 ], [ 55.344211027794394, 25.257598188517086 ], [ 55.346692651858127, 25.257626003178704 ], [ 55.346723213373785, 25.255369252323298 ], [ 55.344241635132022, 25.255341440489289 ] ] ] } },
{ "type": "Feature", "properties": { "cell_id": 721, "district": "deira", "gius": 0.309, "walkability_norm": 0.0, "services_norm": 0.0, "transit_norm": 0.928, "cluster": 0 }, "geometry": { "type": "Polygon", "coordinates": [ [ [ 55.344211027794394, 25.257598188517086 ], [ 55.344180416769987, 25.259854935820474 ], [ 55.346662086661205, 25.259882753309789 ], [ 55.346692651858127, 25.257626003178704 ], [ 55.344211027794394, 25.257598188517086 ] ] ] } },
{ "type": "Feature", "properties": { "cell_id": 722, "district": "deira", "gius": 0.281, "walkability_norm": 0.0, "services_norm": 0.0, "transit_norm": 0.843, "cluster": 0 }, "geometry": { "type": "Polygon", "coordinates": [ [ [ 55.344180416769987, 25.259854935820474 ], [ 55.344149802058503, 25.2621116823994 ], [ 55.346631517782711, 25.262139502716515 ], [ 55.346662086661205, 25.259882753309789 ], [ 55.344180416769987, 25.259854935820474 ] ] ] } },
{ "type": "Feature", "properties": { "cell_id": 723, "district": "deira", "gius": 0.246, "walkability_norm": 0.0, "services_norm": 0.0, "transit_norm": 0.739, "cluster": 0 }, "geometry": { "type": "Polygon", "coordinates": [ [ [ 55.344149802058503, 25.2621116823994 ], [ 55.344119183659636, 25.264368428253796 ], [ 55.346600945222356, 25.264396251398821 ], [ 55.346631517782711, 25.262139502716515 ], [ 55.344149802058503, 25.2621116823994 ] ] ] } },
{ "type": "Feature", "properties": { "cell_id": 724, "district": "deira", "gius": 0.21, "walkability_norm": 0.0, "services_norm": 0.0, "transit_norm": 0.63, "cluster": 0 }, "geometry": { "type": "Polygon", "coordinates": [ [ [ 55.344119183659636, 25.264368428253796 ], [ 55.344088561573088, 25.266625173383638 ], [ 55.34657036897984, 25.266652999356669 ], [ 55.346600945222356, 25.264396251398821 ], [ 55.344119183659636, 25.264368428253796 ] ] ] } },
{ "type": "Feature", "properties": { "cell_id": 725, "district": "deira", "gius": 0.239, "walkability_norm": 0.0, "services_norm": 0.0, "transit_norm": 0.716, "cluster": 0 }, "geometry": { "type": "Polygon", "coordinates": [ [ [ 55.344088561573088, 25.266625173383638 ], [ 55.344057935798567, 25.268881917788867 ], [ 55.346539789054873, 25.268909746590005 ], [ 55.34657036897984, 25.266652999356669 ], [ 55.344088561573088, 25.266625173383638 ] ] ] } },
{ "type": "Feature", "properties": { "cell_id": 726, "district": "deira", "gius": 0.275, "walkability_norm": 0.01, "services_norm": 0.0, "transit_norm": 0.815, "cluster": 0 }, "geometry": { "type": "Polygon", "coordinates": [ [ [ 55.344057935798567, 25.268881917788867 ], [ 55.344027306335775, 25.271138661469433 ], [ 55.346509205447148, 25.271166493098782 ], [ 55.346539789054873, 25.268909746590005 ], [ 55.344057935798567, 25.268881917788867 ] ] ] } },
{ "type": "Feature", "properties": { "cell_id": 727, "district": "deira", "gius": 0.432, "walkability_norm": 0.337, "services_norm": 0.065, "transit_norm": 0.893, "cluster": 0 }, "geometry": { "type": "Polygon", "coordinates": [ [ [ 55.344027306335775, 25.271138661469433 ], [ 55.3439966731844, 25.273395404425283 ], [ 55.346478618156368, 25.273423238882945 ], [ 55.346509205447148, 25.271166493098782 ], [ 55.344027306335775, 25.271138661469433 ] ] ] } },
{ "type": "Feature", "properties": { "cell_id": 728, "district": "deira", "gius": 0.583, "walkability_norm": 0.49, "services_norm": 0.29, "transit_norm": 0.968, "cluster": 1 }, "geometry": { "type": "Polygon", "coordinates": [ [ [ 55.3439966731844, 25.273395404425283 ], [ 55.34396603634417, 25.27565214665637 ], [ 55.346448027182241, 25.275679983942442 ], [ 55.346478618156368, 25.273423238882945 ], [ 55.3439966731844, 25.273395404425283 ] ] ] } },
{ "type": "Feature", "properties": { "cell_id": 729, "district": "deira", "gius": 0.761, "walkability_norm": 0.673, "services_norm": 0.645, "transit_norm": 0.965, "cluster": 3 }, "geometry": { "type": "Polygon", "coordinates": [ [ [ 55.34396603634417, 25.27565214665637 ], [ 55.343935395814761, 25.277908888162649 ], [ 55.346417432524468, 25.277936728277243 ], [ 55.346448027182241, 25.275679983942442 ], [ 55.34396603634417, 25.27565214665637 ] ] ] } },
{ "type": "Feature", "properties": { "cell_id": 730, "district": "deira", "gius": 0.803, "walkability_norm": 0.592, "services_norm": 0.839, "transit_norm": 0.978, "cluster": 3 }, "geometry": { "type": "Polygon", "coordinates": [ [ [ 55.343935395814761, 25.277908888162649 ], [ 55.343904751595886, 25.280165628944072 ], [ 55.346386834182745, 25.28019347188728 ], [ 55.346417432524468, 25.277936728277243 ], [ 55.343935395814761, 25.277908888162649 ] ] ] } },
{ "type": "Feature", "properties": { "cell_id": 731, "district": "deira", "gius": 0.727, "walkability_norm": 0.755, "services_norm": 0.548, "transit_norm": 0.879, "cluster": 3 }, "geometry": { "type": "Polygon", "coordinates": [ [ [ 55.343904751595886, 25.280165628944072 ], [ 55.343874103687256, 25.282422369000578 ], [ 55.346356232156772, 25.282450214772503 ], [ 55.346386834182745, 25.28019347188728 ], [ 55.343904751595886, 25.280165628944072 ] ] ] } },
{ "type": "Feature", "properties": { "cell_id": 732, "district": "deira", "gius": 0.512, "walkability_norm": 0.337, "services_norm": 0.355, "transit_norm": 0.844, "cluster": 1 }, "geometry": { "type": "Polygon", "coordinates": [ [ [ 55.343874103687256, 25.282422369000578 ], [ 55.343843452088556, 25.284679108332128 ], [ 55.346325626446273, 25.28470695693288 ], [ 55.346356232156772, 25.282450214772503 ], [ 55.343874103687256, 25.282422369000578 ] ] ] } },
{ "type": "Feature", "properties": { "cell_id": 733, "district": "deira", "gius": 0.424, "walkability_norm": 0.347, "services_norm": 0.032, "transit_norm": 0.894, "cluster": 0 }, "geometry": { "type": "Polygon", "coordinates": [ [ [ 55.343843452088556, 25.284679108332128 ], [ 55.343812796799497, 25.286935846938679 ], [ 55.346295017050927, 25.286963698368346 ], [ 55.346325626446273, 25.28470695693288 ], [ 55.343843452088556, 25.284679108332128 ] ] ] } },
{ "type": "Feature", "properties": { "cell_id": 734, "district": "deira", "gius": 0.535, "walkability_norm": 0.469, "services_norm": 0.194, "transit_norm": 0.941, "cluster": 1 }, "geometry": { "type": "Polygon", "coordinates": [ [ [ 55.343812796799497, 25.286935846938679 ], [ 55.343782137819773, 25.289192584820157 ], [ 55.346264403970437, 25.289220439078846 ], [ 55.346295017050927, 25.286963698368346 ], [ 55.343812796799497, 25.286935846938679 ] ] ] } },
{ "type": "Feature", "properties": { "cell_id": 735, "district": "deira", "gius": 0.719, "walkability_norm": 1.0, "services_norm": 0.226, "transit_norm": 0.931, "cluster": 1 }, "geometry": { "type": "Polygon", "coordinates": [ [ [ 55.343782137819773, 25.289192584820157 ], [ 55.343751475149098, 25.29144932197654 ], [ 55.346233787204525, 25.291477179064358 ], [ 55.346264403970437, 25.289220439078846 ], [ 55.343782137819773, 25.289192584820157 ] ] ] } },
{ "type": "Feature", "properties": { "cell_id": 736, "district": "deira", "gius": 0.487, "walkability_norm": 0.276, "services_norm": 0.226, "transit_norm": 0.961, "cluster": 0 }, "geometry": { "type": "Polygon", "coordinates": [ [ [ 55.343751475149098, 25.29144932197654 ], [ 55.343720808787161, 25.293706058407771 ], [ 55.346203166752872, 25.293733918324815 ], [ 55.346233787204525, 25.291477179064358 ], [ 55.343751475149098, 25.29144932197654 ] ] ] } },
{ "type": "Feature", "properties": { "cell_id": 737, "district": "deira", "gius": 0.421, "walkability_norm": 0.204, "services_norm": 0.161, "transit_norm": 0.897, "cluster": 0 }, "geometry": { "type": "Polygon", "coordinates": [ [ [ 55.343720808787161, 25.293706058407771 ], [ 55.343690138733677, 25.295962794113795 ], [ 55.346172542615193, 25.295990656860166 ], [ 55.346203166752872, 25.293733918324815 ], [ 55.343720808787161, 25.293706058407771 ] ] ] } },
{ "type": "Feature", "properties": { "cell_id": 738, "district": "deira", "gius": 0.543, "walkability_norm": 0.51, "services_norm": 0.161, "transit_norm": 0.957, "cluster": 1 }, "geometry": { "type": "Polygon", "coordinates": [ [ [ 55.343690138733677, 25.295962794113795 ], [ 55.343659464988328, 25.298219529094553 ], [ 55.346141914791183, 25.298247394670362 ], [ 55.346172542615193, 25.295990656860166 ], [ 55.343690138733677, 25.295962794113795 ] ] ] } },
{ "type": "Feature", "properties": { "cell_id": 739, "district": "deira", "gius": 0.522, "walkability_norm": 0.459, "services_norm": 0.129, "transit_norm": 0.977, "cluster": 1 }, "geometry": { "type": "Polygon", "coordinates": [ [ [ 55.343659464988328, 25.298219529094553 ], [ 55.343628787550841, 25.300476263350024 ], [ 55.346111283280536, 25.300504131755357 ], [ 55.346141914791183, 25.298247394670362 ], [ 55.343659464988328, 25.298219529094553 ] ] ] } },
{ "type": "Feature", "properties": { "cell_id": 740, "district": "deira", "gius": 0.427, "walkability_norm": 0.408, "services_norm": 0.161, "transit_norm": 0.711, "cluster": 0 }, "geometry": { "type": "Polygon", "coordinates": [ [ [ 55.34693704093285, 25.239571976058791 ], [ 55.346906505177749, 25.241828731983023 ], [ 55.34938781228275, 25.24185648520438 ], [ 55.3494183022542, 25.239599726457502 ], [ 55.34693704093285, 25.239571976058791 ] ] ] } },
{ "type": "Feature", "properties": { "cell_id": 741, "district": "deira", "gius": 0.467, "walkability_norm": 0.418, "services_norm": 0.161, "transit_norm": 0.821, "cluster": 1 }, "geometry": { "type": "Polygon", "coordinates": [ [ [ 55.346906505177749, 25.241828731983023 ], [ 55.346875965743457, 25.24408548718328 ], [ 55.349357318637622, 25.244113243227396 ], [ 55.34938781228275, 25.24185648520438 ], [ 55.346906505177749, 25.241828731983023 ] ] ] } },
{ "type": "Feature", "properties": { "cell_id": 742, "district": "deira", "gius": 0.44, "walkability_norm": 0.265, "services_norm": 0.129, "transit_norm": 0.924, "cluster": 0 }, "geometry": { "type": "Polygon", "coordinates": [ [ [ 55.346875965743457, 25.24408548718328 ], [ 55.346845422629677, 25.246342241659523 ], [ 55.349326821318535, 25.246370000526497 ], [ 55.349357318637622, 25.244113243227396 ], [ 55.346875965743457, 25.24408548718328 ] ] ] } },
{ "type": "Feature", "properties": { "cell_id": 743, "district": "deira", "gius": 0.453, "walkability_norm": 0.388, "services_norm": 0.0, "transit_norm": 0.971, "cluster": 0 }, "geometry": { "type": "Polygon", "coordinates": [ [ [ 55.346845422629677, 25.246342241659523 ], [ 55.346814875836117, 25.24859899541169 ], [ 55.349296320325173, 25.248626757101626 ], [ 55.349326821318535, 25.246370000526497 ], [ 55.346845422629677, 25.246342241659523 ] ] ] } },
{ "type": "Feature", "properties": { "cell_id": 744, "district": "deira", "gius": 0.411, "walkability_norm": 0.347, "services_norm": 0.0, "transit_norm": 0.886, "cluster": 0 }, "geometry": { "type": "Polygon", "coordinates": [ [ [ 55.346814875836117, 25.24859899541169 ], [ 55.346784325362485, 25.25085574843974 ], [ 55.349265815657247, 25.250883512952736 ], [ 55.349296320325173, 25.248626757101626 ], [ 55.346814875836117, 25.24859899541169 ] ] ] } },
{ "type": "Feature", "properties": { "cell_id": 745, "district": "deira", "gius": 0.287, "walkability_norm": 0.082, "services_norm": 0.0, "transit_norm": 0.779, "cluster": 0 }, "geometry": { "type": "Polygon", "coordinates": [ [ [ 55.346784325362485, 25.25085574843974 ], [ 55.346753771208469, 25.253112500743629 ], [ 55.349235307314466, 25.253140268079779 ], [ 55.349265815657247, 25.250883512952736 ], [ 55.346784325362485, 25.25085574843974 ] ] ] } },
{ "type": "Feature", "properties": { "cell_id": 746, "district": "deira", "gius": 0.258, "walkability_norm": 0.0, "services_norm": 0.0, "transit_norm": 0.773, "cluster": 0 }, "geometry": { "type": "Polygon", "coordinates": [ [ [ 55.346753771208469, 25.253112500743629 ], [ 55.346723213373785, 25.255369252323298 ], [ 55.349204795296522, 25.255397022482718 ], [ 55.349235307314466, 25.253140268079779 ], [ 55.346753771208469, 25.253112500743629 ] ] ] } },
{ "type": "Feature", "properties": { "cell_id": 755, "district": "deira", "gius": 0.566, "walkability_norm": 0.408, "services_norm": 0.323, "transit_norm": 0.967, "cluster": 1 }, "geometry": { "type": "Polygon", "coordinates": [ [ [ 55.346478618156368, 25.273423238882945 ], [ 55.346448027182241, 25.275679983942442 ], [ 55.348930021703964, 25.275707779515802 ], [ 55.348960566811691, 25.273451031632121 ], [ 55.346478618156368, 25.273423238882945 ] ] ] } },
{ "type": "Feature", "properties": { "cell_id": 756, "district": "deira", "gius": 0.799, "walkability_norm": 0.776, "services_norm": 0.645, "transit_norm": 0.977, "cluster": 3 }, "geometry": { "type": "Polygon", "coordinates": [ [ [ 55.346448027182241, 25.275679983942442 ], [ 55.346417432524468, 25.277936728277243 ], [ 55.348899472918113, 25.277964526674875 ], [ 55.348930021703964, 25.275707779515802 ], [ 55.346448027182241, 25.275679983942442 ] ] ] } },
{ "type": "Feature", "properties": { "cell_id": 757, "district": "deira", "gius": 0.794, "walkability_norm": 0.673, "services_norm": 0.774, "transit_norm": 0.936, "cluster": 3 }, "geometry": { "type": "Polygon", "coordinates": [ [ [ 55.346417432524468, 25.277936728277243 ], [ 55.346386834182745, 25.28019347188728 ], [ 55.348868920453839, 25.280221273109287 ], [ 55.348899472918113, 25.277964526674875 ], [ 55.346417432524468, 25.277936728277243 ] ] ] } },
{ "type": "Feature", "properties": { "cell_id": 758, "district": "deira", "gius": 0.705, "walkability_norm": 0.745, "services_norm": 0.516, "transit_norm": 0.853, "cluster": 1 }, "geometry": { "type": "Polygon", "coordinates": [ [ [ 55.346386834182745, 25.28019347188728 ], [ 55.346356232156772, 25.282450214772503 ], [ 55.348838364310843, 25.282478018818999 ], [ 55.348868920453839, 25.280221273109287 ], [ 55.346386834182745, 25.28019347188728 ] ] ] } },
{ "type": "Feature", "properties": { "cell_id": 759, "district": "deira", "gius": 0.44, "walkability_norm": 0.306, "services_norm": 0.194, "transit_norm": 0.82, "cluster": 0 }, "geometry": { "type": "Polygon", "coordinates": [ [ [ 55.346356232156772, 25.282450214772503 ], [ 55.346325626446273, 25.28470695693288 ], [ 55.348807804488828, 25.284734763803954 ], [ 55.348838364310843, 25.282478018818999 ], [ 55.346356232156772, 25.282450214772503 ] ] ] } },
{ "type": "Feature", "properties": { "cell_id": 760, "district": "deira", "gius": 0.449, "walkability_norm": 0.357, "services_norm": 0.065, "transit_norm": 0.926, "cluster": 0 }, "geometry": { "type": "Polygon", "coordinates": [ [ [ 55.346325626446273, 25.28470695693288 ], [ 55.346295017050927, 25.286963698368346 ], [ 55.348777240987495, 25.286991508064105 ], [ 55.348807804488828, 25.284734763803954 ], [ 55.346325626446273, 25.28470695693288 ] ] ] } },
{ "type": "Feature", "properties": { "cell_id": 761, "district": "deira", "gius": 0.522, "walkability_norm": 0.49, "services_norm": 0.097, "transit_norm": 0.979, "cluster": 1 }, "geometry": { "type": "Polygon", "coordinates": [ [ [ 55.346295017050927, 25.286963698368346 ], [ 55.346264403970437, 25.289220439078846 ], [ 55.348746673806545, 25.2892482515994 ], [ 55.348777240987495, 25.286991508064105 ], [ 55.346295017050927, 25.286963698368346 ] ] ] } },
{ "type": "Feature", "properties": { "cell_id": 762, "district": "deira", "gius": 0.569, "walkability_norm": 0.643, "services_norm": 0.129, "transit_norm": 0.935, "cluster": 1 }, "geometry": { "type": "Polygon", "coordinates": [ [ [ 55.346264403970437, 25.289220439078846 ], [ 55.346233787204525, 25.291477179064358 ], [ 55.348716102945687, 25.291504994409795 ], [ 55.348746673806545, 25.2892482515994 ], [ 55.346264403970437, 25.289220439078846 ] ] ] } },
{ "type": "Feature", "properties": { "cell_id": 763, "district": "deira", "gius": 0.544, "walkability_norm": 0.469, "services_norm": 0.161, "transit_norm": 1.0, "cluster": 1 }, "geometry": { "type": "Polygon", "coordinates": [ [ [ 55.346233787204525, 25.291477179064358 ], [ 55.346203166752872, 25.293733918324815 ], [ 55.348685528404616, 25.293761736495238 ], [ 55.348716102945687, 25.291504994409795 ], [ 55.346233787204525, 25.291477179064358 ] ] ] } },
{ "type": "Feature", "properties": { "cell_id": 764, "district": "deira", "gius": 0.438, "walkability_norm": 0.245, "services_norm": 0.129, "transit_norm": 0.941, "cluster": 0 }, "geometry": { "type": "Polygon", "coordinates": [ [ [ 55.346203166752872, 25.293733918324815 ], [ 55.346172542615193, 25.295990656860166 ], [ 55.34865495018304, 25.296018477855682 ], [ 55.348685528404616, 25.293761736495238 ], [ 55.346203166752872, 25.293733918324815 ] ] ] } },
{ "type": "Feature", "properties": { "cell_id": 765, "district": "deira", "gius": 0.557, "walkability_norm": 0.51, "services_norm": 0.161, "transit_norm": 1.0, "cluster": 1 }, "geometry": { "type": "Polygon", "coordinates": [ [ [ 55.346172542615193, 25.295990656860166 ], [ 55.346141914791183, 25.298247394670362 ], [ 55.348624368280653, 25.298275218491071 ], [ 55.34865495018304, 25.296018477855682 ], [ 55.346172542615193, 25.295990656860166 ] ] ] } },
{ "type": "Feature", "properties": { "cell_id": 766, "district": "deira", "gius": 0.35, "walkability_norm": 0.031, "services_norm": 0.097, "transit_norm": 0.923, "cluster": 0 }, "geometry": { "type": "Polygon", "coordinates": [ [ [ 55.346141914791183, 25.298247394670362 ], [ 55.346111283280536, 25.300504131755357 ], [ 55.348593782697172, 25.300531958401358 ], [ 55.348624368280653, 25.298275218491071 ], [ 55.346141914791183, 25.298247394670362 ] ] ] } },
{ "type": "Feature", "properties": { "cell_id": 767, "district": "deira", "gius": 0.24, "walkability_norm": 0.01, "services_norm": 0.0, "transit_norm": 0.711, "cluster": 0 }, "geometry": { "type": "Polygon", "coordinates": [ [ [ 55.3494183022542, 25.239599726457502 ], [ 55.34938781228275, 25.24185648520438 ], [ 55.351869123061419, 25.241884196776326 ], [ 55.351899567248921, 25.239627435211013 ], [ 55.3494183022542, 25.239599726457502 ] ] ] } },
{ "type": "Feature", "properties": { "cell_id": 768, "district": "deira", "gius": 0.312, "walkability_norm": 0.051, "services_norm": 0.065, "transit_norm": 0.82, "cluster": 0 }, "geometry": { "type": "Polygon", "coordinates": [ [ [ 55.34938781228275, 25.24185648520438 ], [ 55.349357318637622, 25.244113243227396 ], [ 55.351838675205769, 25.244140957617855 ], [ 55.351869123061419, 25.241884196776326 ], [ 55.34938781228275, 25.24185648520438 ] ] ] } },
{ "type": "Feature", "properties": { "cell_id": 769, "district": "deira", "gius": 0.35, "walkability_norm": 0.061, "services_norm": 0.065, "transit_norm": 0.924, "cluster": 0 }, "geometry": { "type": "Polygon", "coordinates": [ [ [ 55.349357318637622, 25.244113243227396 ], [ 55.349326821318535, 25.246370000526497 ], [ 55.351808223681651, 25.246397717735576 ], [ 55.351838675205769, 25.244140957617855 ], [ 55.349357318637622, 25.244113243227396 ] ] ] } },
{ "type": "Feature", "properties": { "cell_id": 770, "district": "deira", "gius": 0.371, "walkability_norm": 0.143, "services_norm": 0.0, "transit_norm": 0.97, "cluster": 0 }, "geometry": { "type": "Polygon", "coordinates": [ [ [ 55.349326821318535, 25.246370000526497 ], [ 55.349296320325173, 25.248626757101626 ], [ 55.351777768488795, 25.248654477129435 ], [ 55.351808223681651, 25.246397717735576 ], [ 55.349326821318535, 25.246370000526497 ] ] ] } },
{ "type": "Feature", "properties": { "cell_id": 771, "district": "deira", "gius": 0.295, "walkability_norm": 0.0, "services_norm": 0.0, "transit_norm": 0.886, "cluster": 0 }, "geometry": { "type": "Polygon", "coordinates": [ [ [ 55.349296320325173, 25.248626757101626 ], [ 55.349265815657247, 25.250883512952736 ], [ 55.351747309626873, 25.250911235799371 ], [ 55.351777768488795, 25.248654477129435 ], [ 55.349296320325173, 25.248626757101626 ] ] ] } },
{ "type": "Feature", "properties": { "cell_id": 772, "district": "deira", "gius": 0.26, "walkability_norm": 0.0, "services_norm": 0.0, "transit_norm": 0.779, "cluster": 0 }, "geometry": { "type": "Polygon", "coordinates": [ [ [ 55.349265815657247, 25.250883512952736 ], [ 55.349235307314466, 25.253140268079779 ], [ 55.351716847095616, 25.253167993745343 ], [ 55.351747309626873, 25.250911235799371 ], [ 55.349265815657247, 25.250883512952736 ] ] ] } },
{ "type": "Feature", "properties": { "cell_id": 773, "district": "deira", "gius": 0.226, "walkability_norm": 0.0, "services_norm": 0.0, "transit_norm": 0.678, "cluster": 0 }, "geometry": { "type": "Polygon", "coordinates": [ [ [ 55.349235307314466, 25.253140268079779 ], [ 55.349204795296522, 25.255397022482718 ], [ 55.351686380894719, 25.255424750967308 ], [ 55.351716847095616, 25.253167993745343 ], [ 55.349235307314466, 25.253140268079779 ] ] ] } },
{ "type": "Feature", "properties": { "cell_id": 774, "district": "deira", "gius": 0.238, "walkability_norm": 0.0, "services_norm": 0.0, "transit_norm": 0.715, "cluster": 0 }, "geometry": { "type": "Polygon", "coordinates": [ [ [ 55.349204795296522, 25.255397022482718 ], [ 55.349174279603126, 25.257653776161483 ], [ 55.351655911023876, 25.257681507465204 ], [ 55.351686380894719, 25.255424750967308 ], [ 55.349204795296522, 25.255397022482718 ] ] ] } },
{ "type": "Feature", "properties": { "cell_id": 775, "district": "deira", "gius": 0.239, "walkability_norm": 0.0, "services_norm": 0.0, "transit_norm": 0.716, "cluster": 0 }, "geometry": { "type": "Polygon", "coordinates": [ [ [ 55.349174279603126, 25.257653776161483 ], [ 55.349143760233979, 25.259910529116041 ], [ 55.351625437482802, 25.259938263238983 ], [ 55.351655911023876, 25.257681507465204 ], [ 55.349174279603126, 25.257653776161483 ] ] ] } },
{ "type": "Feature", "properties": { "cell_id": 776, "district": "deira", "gius": 0.226, "walkability_norm": 0.0, "services_norm": 0.0, "transit_norm": 0.678, "cluster": 0 }, "geometry": { "type": "Polygon", "coordinates": [ [ [ 55.349143760233979, 25.259910529116041 ], [ 55.349113237188782, 25.262167281346336 ], [ 55.3515949602712, 25.262195018288612 ], [ 55.351625437482802, 25.259938263238983 ], [ 55.349143760233979, 25.259910529116041 ] ] ] } },
{ "type": "Feature", "properties": { "cell_id": 777, "district": "deira", "gius": 0.205, "walkability_norm": 0.0, "services_norm": 0.0, "transit_norm": 0.614, "cluster": 0 }, "geometry": { "type": "Polygon", "coordinates": [ [ [ 55.349113237188782, 25.262167281346336 ], [ 55.349082710467243, 25.264424032852311 ], [ 55.35156447938877, 25.264451772614024 ], [ 55.3515949602712, 25.262195018288612 ], [ 55.349113237188782, 25.262167281346336 ] ] ] } },
{ "type": "Feature", "properties": { "cell_id": 778, "district": "deira", "gius": 0.177, "walkability_norm": 0.0, "services_norm": 0.0, "transit_norm": 0.532, "cluster": 0 }, "geometry": { "type": "Polygon", "coordinates": [ [ [ 55.349082710467243, 25.264424032852311 ], [ 55.349052180069059, 25.266680783633923 ], [ 55.351533994835215, 25.266708526215172 ], [ 55.35156447938877, 25.264451772614024 ], [ 55.349082710467243, 25.264424032852311 ] ] ] } },
{ "type": "Feature", "properties": { "cell_id": 779, "district": "deira", "gius": 0.209, "walkability_norm": 0.0, "services_norm": 0.0, "transit_norm": 0.628, "cluster": 0 }, "geometry": { "type": "Polygon", "coordinates": [ [ [ 55.349052180069059, 25.266680783633923 ], [ 55.349021645993936, 25.268937533691137 ], [ 55.351503506610229, 25.268965279092015 ], [ 55.351533994835215, 25.266708526215172 ], [ 55.349052180069059, 25.266680783633923 ] ] ] } },
{ "type": "Feature", "properties": { "cell_id": 780, "district": "deira", "gius": 0.28, "walkability_norm": 0.112, "services_norm": 0.0, "transit_norm": 0.726, "cluster": 0 }, "geometry": { "type": "Polygon", "coordinates": [ [ [ 55.349021645993936, 25.268937533691137 ], [ 55.348991108241577, 25.271194283023885 ], [ 55.351473014713541, 25.271222031244502 ], [ 55.351503506610229, 25.268965279092015 ], [ 55.349021645993936, 25.268937533691137 ] ] ] } },
{ "type": "Feature", "properties": { "cell_id": 781, "district": "deira", "gius": 0.348, "walkability_norm": 0.235, "services_norm": 0.0, "transit_norm": 0.811, "cluster": 0 }, "geometry": { "type": "Polygon", "coordinates": [ [ [ 55.348991108241577, 25.271194283023885 ], [ 55.348960566811691, 25.273451031632121 ], [ 55.35144251914484, 25.273478782672576 ], [ 55.351473014713541, 25.271222031244502 ], [ 55.348991108241577, 25.271194283023885 ] ] ] } },
{ "type": "Feature", "properties": { "cell_id": 782, "district": "deira", "gius": 0.398, "walkability_norm": 0.204, "services_norm": 0.129, "transit_norm": 0.862, "cluster": 0 }, "geometry": { "type": "Polygon", "coordinates": [ [ [ 55.348960566811691, 25.273451031632121 ], [ 55.348930021703964, 25.275707779515802 ], [ 55.351412019903812, 25.275735533376196 ], [ 55.35144251914484, 25.273478782672576 ], [ 55.348960566811691, 25.273451031632121 ] ] ] } },
{ "type": "Feature", "properties": { "cell_id": 783, "district": "deira", "gius": 0.412, "walkability_norm": 0.102, "services_norm": 0.258, "transit_norm": 0.875, "cluster": 0 }, "geometry": { "type": "Polygon", "coordinates": [ [ [ 55.348930021703964, 25.275707779515802 ], [ 55.348899472918113, 25.277964526674875 ], [ 55.351381516990187, 25.277992283355314 ], [ 55.351412019903812, 25.275735533376196 ], [ 55.348930021703964, 25.275707779515802 ] ] ] } },
{ "type": "Feature", "properties": { "cell_id": 784, "district": "deira", "gius": 0.522, "walkability_norm": 0.316, "services_norm": 0.419, "transit_norm": 0.83, "cluster": 1 }, "geometry": { "type": "Polygon", "coordinates": [ [ [ 55.348899472918113, 25.277964526674875 ], [ 55.348868920453839, 25.280221273109287 ], [ 55.351351010403661, 25.28024903260987 ], [ 55.351381516990187, 25.277992283355314 ], [ 55.348899472918113, 25.277964526674875 ] ] ] } },
{ "type": "Feature", "properties": { "cell_id": 785, "district": "deira", "gius": 0.428, "walkability_norm": 0.245, "services_norm": 0.258, "transit_norm": 0.78, "cluster": 0 }, "geometry": { "type": "Polygon", "coordinates": [ [ [ 55.348868920453839, 25.280221273109287 ], [ 55.348838364310843, 25.282478018818999 ], [ 55.351320500143927, 25.282505781139825 ], [ 55.351351010403661, 25.28024903260987 ], [ 55.348868920453839, 25.280221273109287 ] ] ] } },
{ "type": "Feature", "properties": { "cell_id": 786, "district": "deira", "gius": 0.418, "walkability_norm": 0.276, "services_norm": 0.161, "transit_norm": 0.816, "cluster": 0 }, "geometry": { "type": "Polygon", "coordinates": [ [ [ 55.348838364310843, 25.282478018818999 ], [ 55.348807804488828, 25.284734763803954 ], [ 55.351289986210702, 25.284762528945127 ], [ 55.351320500143927, 25.282505781139825 ], [ 55.348838364310843, 25.282478018818999 ] ] ] } },
{ "type": "Feature", "properties": { "cell_id": 787, "district": "deira", "gius": 0.375, "walkability_norm": 0.143, "services_norm": 0.065, "transit_norm": 0.918, "cluster": 0 }, "geometry": { "type": "Polygon", "coordinates": [ [ [ 55.348807804488828, 25.284734763803954 ], [ 55.348777240987495, 25.286991508064105 ], [ 55.351259468603672, 25.28701927602572 ], [ 55.351289986210702, 25.284762528945127 ], [ 55.348807804488828, 25.284734763803954 ] ] ] } },
{ "type": "Feature", "properties": { "cell_id": 788, "district": "deira", "gius": 0.523, "walkability_norm": 0.541, "services_norm": 0.065, "transit_norm": 0.964, "cluster": 1 }, "geometry": { "type": "Polygon", "coordinates": [ [ [ 55.348777240987495, 25.286991508064105 ], [ 55.348746673806545, 25.2892482515994 ], [ 55.351228947322561, 25.289276022381557 ], [ 55.351259468603672, 25.28701927602572 ], [ 55.348777240987495, 25.286991508064105 ] ] ] } },
{ "type": "Feature", "properties": { "cell_id": 789, "district": "deira", "gius": 0.44, "walkability_norm": 0.327, "services_norm": 0.097, "transit_norm": 0.897, "cluster": 0 }, "geometry": { "type": "Polygon", "coordinates": [ [ [ 55.348746673806545, 25.2892482515994 ], [ 55.348716102945687, 25.291504994409795 ], [ 55.351198422367055, 25.291532768012608 ], [ 55.351228947322561, 25.289276022381557 ], [ 55.348746673806545, 25.2892482515994 ] ] ] } },
{ "type": "Feature", "properties": { "cell_id": 790, "district": "deira", "gius": 0.379, "walkability_norm": 0.163, "services_norm": 0.032, "transit_norm": 0.94, "cluster": 0 }, "geometry": { "type": "Polygon", "coordinates": [ [ [ 55.348716102945687, 25.291504994409795 ], [ 55.348685528404616, 25.293761736495238 ], [ 55.351167893736864, 25.293789512918799 ], [ 55.351198422367055, 25.291532768012608 ], [ 55.348716102945687, 25.291504994409795 ] ] ] } },
{ "type": "Feature", "properties": { "cell_id": 791, "district": "deira", "gius": 0.371, "walkability_norm": 0.133, "services_norm": 0.097, "transit_norm": 0.884, "cluster": 0 }, "geometry": { "type": "Polygon", "coordinates": [ [ [ 55.348685528404616, 25.293761736495238 ], [ 55.34865495018304, 25.296018477855682 ], [ 55.351137361431682, 25.296046257100098 ], [ 55.351167893736864, 25.293789512918799 ], [ 55.348685528404616, 25.293761736495238 ] ] ] } },
{ "type": "Feature", "properties": { "cell_id": 792, "district": "deira", "gius": 0.326, "walkability_norm": 0.01, "services_norm": 0.065, "transit_norm": 0.904, "cluster": 0 }, "geometry": { "type": "Polygon", "coordinates": [ [ [ 55.34865495018304, 25.296018477855682 ], [ 55.348624368280653, 25.298275218491071 ], [ 55.351106825451232, 25.298303000556437 ], [ 55.351137361431682, 25.296046257100098 ], [ 55.34865495018304, 25.296018477855682 ] ] ] } },
{ "type": "Feature", "properties": { "cell_id": 793, "district": "deira", "gius": 0.383, "walkability_norm": 0.051, "services_norm": 0.097, "transit_norm": 1.0, "cluster": 0 }, "geometry": { "type": "Polygon", "coordinates": [ [ [ 55.348624368280653, 25.298275218491071 ], [ 55.348593782697172, 25.300531958401358 ], [ 55.351076285795202, 25.300559743287785 ], [ 55.351106825451232, 25.298303000556437 ], [ 55.348624368280653, 25.298275218491071 ] ] ] } },
{ "type": "Feature", "properties": { "cell_id": 794, "district": "dubai_marina", "gius": 0.177, "walkability_norm": 0.0, "services_norm": 0.0, "transit_norm": 0.531, "cluster": 0 }, "geometry": { "type": "Polygon", "coordinates": [ [ [ 55.123817783858044, 25.063121132512784 ], [ 55.123783403994814, 25.065377670204796 ], [ 55.126260846686428, 25.065408965797609 ], [ 55.126295181217692, 25.06315242490653 ], [ 55.123817783858044, 25.063121132512784 ] ] ] } },
{ "type": "Feature", "properties": { "cell_id": 795, "district": "dubai_marina", "gius": 0.21, "walkability_norm": 0.0, "services_norm": 0.0, "transit_norm": 0.629, "cluster": 0 }, "geometry": { "type": "Polygon", "coordinates": [ [ [ 55.123783403994814, 25.065377670204796 ], [ 55.1237490199767, 25.067634207166883 ], [ 55.126226508005743, 25.067665505958882 ], [ 55.126260846686428, 25.065408965797609 ], [ 55.123783403994814, 25.065377670204796 ] ] ] } },
{ "type": "Feature", "properties": { "cell_id": 796, "district": "dubai_marina", "gius": 0.246, "walkability_norm": 0.02, "services_norm": 0.0, "transit_norm": 0.718, "cluster": 0 }, "geometry": { "type": "Polygon", "coordinates": [ [ [ 55.1237490199767, 25.067634207166883 ], [ 55.123714631803345, 25.069890743399014 ], [ 55.126192165175297, 25.069922045390314 ], [ 55.126226508005743, 25.067665505958882 ], [ 55.1237490199767, 25.067634207166883 ] ] ] } },
{ "type": "Feature", "properties": { "cell_id": 797, "district": "dubai_marina", "gius": 0.322, "walkability_norm": 0.082, "services_norm": 0.097, "transit_norm": 0.788, "cluster": 0 }, "geometry": { "type": "Polygon", "coordinates": [ [ [ 55.123714631803345, 25.069890743399014 ], [ 55.123680239474432, 25.072147278901138 ], [ 55.126157818194777, 25.072178584091844 ], [ 55.126192165175297, 25.069922045390314 ], [ 55.123714631803345, 25.069890743399014 ] ] ] } },
{ "type": "Feature", "properties": { "cell_id": 798, "district": "dubai_marina", "gius": 0.51, "walkability_norm": 0.714, "services_norm": 0.0, "transit_norm": 0.817, "cluster": 1 }, "geometry": { "type": "Polygon", "coordinates": [ [ [ 55.123680239474432, 25.072147278901138 ], [ 55.123645842989625, 25.074403813673193 ], [ 55.126123467063834, 25.074435122063427 ], [ 55.126157818194777, 25.072178584091844 ], [ 55.123680239474432, 25.072147278901138 ] ] ] } },
{ "type": "Feature", "properties": { "cell_id": 799, "district": "dubai_marina", "gius": 0.264, "walkability_norm": 0.0, "services_norm": 0.0, "transit_norm": 0.791, "cluster": 0 }, "geometry": { "type": "Polygon", "coordinates": [ [ [ 55.123645842989625, 25.074403813673193 ], [ 55.12361144234859, 25.076660347715137 ], [ 55.126089111782136, 25.076691659305006 ], [ 55.126123467063834, 25.074435122063427 ], [ 55.123645842989625, 25.074403813673193 ] ] ] } },
{ "type": "Feature", "properties": { "cell_id": 800, "district": "dubai_marina", "gius": 0.241, "walkability_norm": 0.0, "services_norm": 0.0, "transit_norm": 0.724, "cluster": 0 }, "geometry": { "type": "Polygon", "coordinates": [ [ [ 55.12361144234859, 25.076660347715137 ], [ 55.123577037550994, 25.078916881026913 ], [ 55.126054752349354, 25.07894819581654 ], [ 55.126089111782136, 25.076691659305006 ], [ 55.12361144234859, 25.076660347715137 ] ] ] } },
{ "type": "Feature", "properties": { "cell_id": 801, "district": "dubai_marina", "gius": 0.212, "walkability_norm": 0.0, "services_norm": 0.0, "transit_norm": 0.636, "cluster": 0 }, "geometry": { "type": "Polygon", "coordinates": [ [ [ 55.123577037550994, 25.078916881026913 ], [ 55.123542628596496, 25.081173413608479 ], [ 55.126020388765156, 25.081204731597971 ], [ 55.126054752349354, 25.07894819581654 ], [ 55.123577037550994, 25.078916881026913 ] ] ] } },
{ "type": "Feature", "properties": { "cell_id": 802, "district": "dubai_marina", "gius": 0.179, "walkability_norm": 0.0, "services_norm": 0.0, "transit_norm": 0.538, "cluster": 0 }, "geometry": { "type": "Polygon", "coordinates": [ [ [ 55.123542628596496, 25.081173413608479 ], [ 55.123508215484776, 25.083429945459773 ], [ 55.125986021029206, 25.083461266649245 ], [ 55.126020388765156, 25.081204731597971 ], [ 55.123542628596496, 25.081173413608479 ] ] ] } },
{ "type": "Feature", "properties": { "cell_id": 803, "district": "dubai_marina", "gius": 0.145, "walkability_norm": 0.0, "services_norm": 0.0, "transit_norm": 0.435, "cluster": 2 }, "geometry": { "type": "Polygon", "coordinates": [ [ [ 55.123508215484776, 25.083429945459773 ], [ 55.123473798215493, 25.085686476580754 ], [ 55.125951649141172, 25.085717800970318 ], [ 55.125986021029206, 25.083461266649245 ], [ 55.123508215484776, 25.083429945459773 ] ] ] } },
{ "type": "Feature", "properties": { "cell_id": 804, "district": "dubai_marina", "gius": 0.11, "walkability_norm": 0.0, "services_norm": 0.0, "transit_norm": 0.33, "cluster": 2 }, "geometry": { "type": "Polygon", "coordinates": [ [ [ 55.123473798215493, 25.085686476580754 ], [ 55.123439376788312, 25.087943006971358 ], [ 55.125917273100718, 25.087974334561135 ], [ 55.125951649141172, 25.085717800970318 ], [ 55.123473798215493, 25.085686476580754 ] ] ] } },
{ "type": "Feature", "properties": { "cell_id": 805, "district": "dubai_marina", "gius": 0.089, "walkability_norm": 0.0, "services_norm": 0.0, "transit_norm": 0.266, "cluster": 2 }, "geometry": { "type": "Polygon", "coordinates": [ [ [ 55.123439376788312, 25.087943006971358 ], [ 55.1234049512029, 25.090199536631552 ], [ 55.125882892907519, 25.090230867421646 ], [ 55.125917273100718, 25.087974334561135 ], [ 55.123439376788312, 25.087943006971358 ] ] ] } },
{ "type": "Feature", "properties": { "cell_id": 806, "district": "dubai_marina", "gius": 0.064, "walkability_norm": 0.0, "services_norm": 0.0, "transit_norm": 0.192, "cluster": 2 }, "geometry": { "type": "Polygon", "coordinates": [ [ [ 55.1234049512029, 25.090199536631552 ], [ 55.123370521458931, 25.092456065561265 ], [ 55.125848508561234, 25.0924873995518 ], [ 55.125882892907519, 25.090230867421646 ], [ 55.1234049512029, 25.090199536631552 ] ] ] } },
{ "type": "Feature", "properties": { "cell_id": 807, "district": "dubai_marina", "gius": 0.2, "walkability_norm": 0.0, "services_norm": 0.032, "transit_norm": 0.568, "cluster": 0 }, "geometry": { "type": "Polygon", "coordinates": [ [ [ 55.126295181217692, 25.06315242490653 ], [ 55.126260846686428, 25.065408965797609 ], [ 55.128738293527469, 25.065440220089819 ], [ 55.128772582726434, 25.063183676003899 ], [ 55.126295181217692, 25.06315242490653 ] ] ] } },
{ "type": "Feature", "properties": { "cell_id": 808, "district": "dubai_marina", "gius": 0.258, "walkability_norm": 0.0, "services_norm": 0.097, "transit_norm": 0.676, "cluster": 0 }, "geometry": { "type": "Polygon", "coordinates": [ [ [ 55.126260846686428, 25.065408965797609 ], [ 55.126226508005743, 25.067665505958882 ], [ 55.128704000184541, 25.067696763446062 ], [ 55.128738293527469, 25.065440220089819 ], [ 55.126260846686428, 25.065408965797609 ] ] ] } },
{ "type": "Feature", "properties": { "cell_id": 809, "district": "dubai_marina", "gius": 0.43, "walkability_norm": 0.347, "services_norm": 0.161, "transit_norm": 0.781, "cluster": 0 }, "geometry": { "type": "Polygon", "coordinates": [ [ [ 55.126226508005743, 25.067665505958882 ], [ 55.126192165175297, 25.069922045390314 ], [ 55.128669702697344, 25.069953306072566 ], [ 55.128704000184541, 25.067696763446062 ], [ 55.126226508005743, 25.067665505958882 ] ] ] } },
{ "type": "Feature", "properties": { "cell_id": 810, "district": "dubai_marina", "gius": 0.679, "walkability_norm": 1.0, "services_norm": 0.161, "transit_norm": 0.876, "cluster": 1 }, "geometry": { "type": "Polygon", "coordinates": [ [ [ 55.126192165175297, 25.069922045390314 ], [ 55.126157818194777, 25.072178584091844 ], [ 55.128635401065544, 25.07220984796929 ], [ 55.128669702697344, 25.069953306072566 ], [ 55.126192165175297, 25.069922045390314 ] ] ] } },
{ "type": "Feature", "properties": { "cell_id": 811, "district": "dubai_marina", "gius": 0.56, "walkability_norm": 0.622, "services_norm": 0.129, "transit_norm": 0.929, "cluster": 1 }, "geometry": { "type": "Polygon", "coordinates": [ [ [ 55.126157818194777, 25.072178584091844 ], [ 55.126123467063834, 25.074435122063427 ], [ 55.128601095288793, 25.074466389136177 ], [ 55.128635401065544, 25.07220984796929 ], [ 55.126157818194777, 25.072178584091844 ] ] ] } },
{ "type": "Feature", "properties": { "cell_id": 812, "district": "dubai_marina", "gius": 0.322, "walkability_norm": 0.051, "services_norm": 0.032, "transit_norm": 0.882, "cluster": 0 }, "geometry": { "type": "Polygon", "coordinates": [ [ [ 55.126123467063834, 25.074435122063427 ], [ 55.126089111782136, 25.076691659305006 ], [ 55.128566785366772, 25.076722929573179 ], [ 55.128601095288793, 25.074466389136177 ], [ 55.126123467063834, 25.074435122063427 ] ] ] } },
{ "type": "Feature", "properties": { "cell_id": 813, "district": "dubai_marina", "gius": 0.263, "walkability_norm": 0.0, "services_norm": 0.0, "transit_norm": 0.788, "cluster": 0 }, "geometry": { "type": "Polygon", "coordinates": [ [ [ 55.126089111782136, 25.076691659305006 ], [ 55.126054752349354, 25.07894819581654 ], [ 55.128532471299138, 25.078979469280242 ], [ 55.128566785366772, 25.076722929573179 ], [ 55.126089111782136, 25.076691659305006 ] ] ] } },
{ "type": "Feature", "properties": { "cell_id": 814, "district": "dubai_marina", "gius": 0.228, "walkability_norm": 0.0, "services_norm": 0.0, "transit_norm": 0.684, "cluster": 0 }, "geometry": { "type": "Polygon", "coordinates": [ [ [ 55.126054752349354, 25.07894819581654 ], [ 55.126020388765156, 25.081204731597971 ], [ 55.128498153085566, 25.081236008257317 ], [ 55.128532471299138, 25.078979469280242 ], [ 55.126054752349354, 25.07894819581654 ] ] ] } },
{ "type": "Feature", "properties": { "cell_id": 815, "district": "dubai_marina", "gius": 0.192, "walkability_norm": 0.0, "services_norm": 0.0, "transit_norm": 0.576, "cluster": 0 }, "geometry": { "type": "Polygon", "coordinates": [ [ [ 55.126020388765156, 25.081204731597971 ], [ 55.125986021029206, 25.083461266649245 ], [ 55.128463830725714, 25.083492546504353 ], [ 55.128498153085566, 25.081236008257317 ], [ 55.126020388765156, 25.081204731597971 ] ] ] } },
{ "type": "Feature", "properties": { "cell_id": 816, "district": "dubai_marina", "gius": 0.16, "walkability_norm": 0.0, "services_norm": 0.0, "transit_norm": 0.481, "cluster": 2 }, "geometry": { "type": "Polygon", "coordinates": [ [ [ 55.125986021029206, 25.083461266649245 ], [ 55.125951649141172, 25.085717800970318 ], [ 55.12842950421927, 25.085749084021298 ], [ 55.128463830725714, 25.083492546504353 ], [ 55.125986021029206, 25.083461266649245 ] ] ] } },
{ "type": "Feature", "properties": { "cell_id": 817, "district": "dubai_marina", "gius": 0.141, "walkability_norm": 0.0, "services_norm": 0.0, "transit_norm": 0.423, "cluster": 2 }, "geometry": { "type": "Polygon", "coordinates": [ [ [ 55.125951649141172, 25.085717800970318 ], [ 55.125917273100718, 25.087974334561135 ], [ 55.128395173565877, 25.088005620808101 ], [ 55.12842950421927, 25.085749084021298 ], [ 55.125951649141172, 25.085717800970318 ] ] ] } },
{ "type": "Feature", "properties": { "cell_id": 818, "district": "dubai_marina", "gius": 0.117, "walkability_norm": 0.0, "services_norm": 0.0, "transit_norm": 0.351, "cluster": 2 }, "geometry": { "type": "Polygon", "coordinates": [ [ [ 55.125917273100718, 25.087974334561135 ], [ 55.125882892907519, 25.090230867421646 ], [ 55.128360838765225, 25.090262156864714 ], [ 55.128395173565877, 25.088005620808101 ], [ 55.125917273100718, 25.087974334561135 ] ] ] } },
{ "type": "Feature", "properties": { "cell_id": 819, "district": "dubai_marina", "gius": 0.09, "walkability_norm": 0.0, "services_norm": 0.0, "transit_norm": 0.269, "cluster": 2 }, "geometry": { "type": "Polygon", "coordinates": [ [ [ 55.125882892907519, 25.090230867421646 ], [ 55.125848508561234, 25.0924873995518 ], [ 55.128326499816957, 25.092518692191081 ], [ 55.128360838765225, 25.090262156864714 ], [ 55.125882892907519, 25.090230867421646 ] ] ] } },
{ "type": "Feature", "properties": { "cell_id": 820, "district": "dubai_marina", "gius": 0.204, "walkability_norm": 0.0, "services_norm": 0.032, "transit_norm": 0.579, "cluster": 0 }, "geometry": { "type": "Polygon", "coordinates": [ [ [ 55.128772582726434, 25.063183676003899 ], [ 55.128738293527469, 25.065440220089819 ], [ 55.131215744512446, 25.065471433081171 ], [ 55.131249988378791, 25.063214885804616 ], [ 55.128772582726434, 25.063183676003899 ] ] ] } },
{ "type": "Feature", "properties": { "cell_id": 821, "district": "dubai_marina", "gius": 0.294, "walkability_norm": 0.031, "services_norm": 0.161, "transit_norm": 0.691, "cluster": 0 }, "geometry": { "type": "Polygon", "coordinates": [ [ [ 55.128738293527469, 25.065440220089819 ], [ 55.128704000184541, 25.067696763446062 ], [ 55.131181496507622, 25.067727979628149 ], [ 55.131215744512446, 25.065471433081171 ], [ 55.128738293527469, 25.065440220089819 ] ] ] } },
{ "type": "Feature", "properties": { "cell_id": 822, "district": "dubai_marina", "gius": 0.583, "walkability_norm": 0.622, "services_norm": 0.323, "transit_norm": 0.802, "cluster": 1 }, "geometry": { "type": "Polygon", "coordinates": [ [ [ 55.128704000184541, 25.067696763446062 ], [ 55.128669702697344, 25.069953306072566 ], [ 55.131147244364008, 25.069984525445513 ], [ 55.131181496507622, 25.067727979628149 ], [ 55.128704000184541, 25.067696763446062 ] ] ] } },
{ "type": "Feature", "properties": { "cell_id": 823, "district": "dubai_marina", "gius": 0.544, "walkability_norm": 0.429, "services_norm": 0.29, "transit_norm": 0.914, "cluster": 1 }, "geometry": { "type": "Polygon", "coordinates": [ [ [ 55.128669702697344, 25.069953306072566 ], [ 55.128635401065544, 25.07220984796929 ], [ 55.131112988081249, 25.072241070533206 ], [ 55.131147244364008, 25.069984525445513 ], [ 55.128669702697344, 25.069953306072566 ] ] ] } },
{ "type": "Feature", "properties": { "cell_id": 824, "district": "dubai_marina", "gius": 0.58, "walkability_norm": 0.449, "services_norm": 0.29, "transit_norm": 1.0, "cluster": 1 }, "geometry": { "type": "Polygon", "coordinates": [ [ [ 55.128635401065544, 25.07220984796929 ], [ 55.128601095288793, 25.074466389136177 ], [ 55.13107872765903, 25.074497614891172 ], [ 55.131112988081249, 25.072241070533206 ], [ 55.128635401065544, 25.07220984796929 ] ] ] } },
{ "type": "Feature", "properties": { "cell_id": 825, "district": "dubai_marina", "gius": 0.442, "walkability_norm": 0.276, "services_norm": 0.129, "transit_norm": 0.922, "cluster": 0 }, "geometry": { "type": "Polygon", "coordinates": [ [ [ 55.128601095288793, 25.074466389136177 ], [ 55.128566785366772, 25.076722929573179 ], [ 55.131044463097005, 25.076754158519375 ], [ 55.13107872765903, 25.074497614891172 ], [ 55.128601095288793, 25.074466389136177 ] ] ] } },
{ "type": "Feature", "properties": { "cell_id": 826, "district": "dubai_marina", "gius": 0.303, "walkability_norm": 0.0, "services_norm": 0.097, "transit_norm": 0.813, "cluster": 0 }, "geometry": { "type": "Polygon", "coordinates": [ [ [ 55.128566785366772, 25.076722929573179 ], [ 55.128532471299138, 25.078979469280242 ], [ 55.131010194394861, 25.079010701417747 ], [ 55.131044463097005, 25.076754158519375 ], [ 55.128566785366772, 25.076722929573179 ] ] ] } },
{ "type": "Feature", "properties": { "cell_id": 827, "district": "dubai_marina", "gius": 0.248, "walkability_norm": 0.0, "services_norm": 0.032, "transit_norm": 0.71, "cluster": 0 }, "geometry": { "type": "Polygon", "coordinates": [ [ [ 55.128532471299138, 25.078979469280242 ], [ 55.128498153085566, 25.081236008257317 ], [ 55.130975921552249, 25.081267243586247 ], [ 55.131010194394861, 25.079010701417747 ], [ 55.128532471299138, 25.078979469280242 ] ] ] } },
{ "type": "Feature", "properties": { "cell_id": 828, "district": "dubai_marina", "gius": 0.209, "walkability_norm": 0.0, "services_norm": 0.0, "transit_norm": 0.628, "cluster": 0 }, "geometry": { "type": "Polygon", "coordinates": [ [ [ 55.128498153085566, 25.081236008257317 ], [ 55.128463830725714, 25.083492546504353 ], [ 55.130941644568836, 25.083523785024816 ], [ 55.130975921552249, 25.081267243586247 ], [ 55.128498153085566, 25.081236008257317 ] ] ] } },
{ "type": "Feature", "properties": { "cell_id": 829, "district": "dubai_marina", "gius": 0.193, "walkability_norm": 0.0, "services_norm": 0.0, "transit_norm": 0.578, "cluster": 0 }, "geometry": { "type": "Polygon", "coordinates": [ [ [ 55.128463830725714, 25.083492546504353 ], [ 55.12842950421927, 25.085749084021298 ], [ 55.130907363444301, 25.085780325733417 ], [ 55.130941644568836, 25.083523785024816 ], [ 55.128463830725714, 25.083492546504353 ] ] ] } },
{ "type": "Feature", "properties": { "cell_id": 12, "district": "deira", "gius": 0.237, "walkability_norm": 0.0, "services_norm": 0.0, "transit_norm": 0.711, "cluster": 0 }, "geometry": { "type": "Polygon", "coordinates": [ [ [ 55.279594693542826, 25.263630393553534 ], [ 55.279562879617302, 25.26588706366833 ], [ 55.28204458934335, 25.265915973645516 ], [ 55.282076357432729, 25.263659300592575 ], [ 55.279594693542826, 25.263630393553534 ] ] ] } },
{ "type": "Feature", "properties": { "cell_id": 830, "district": "dubai_marina", "gius": 0.17, "walkability_norm": 0.0, "services_norm": 0.0, "transit_norm": 0.509, "cluster": 0 }, "geometry": { "type": "Polygon", "coordinates": [ [ [ 55.12842950421927, 25.085749084021298 ], [ 55.128395173565877, 25.088005620808101 ], [ 55.130873078178311, 25.088036865711985 ], [ 55.130907363444301, 25.085780325733417 ], [ 55.12842950421927, 25.085749084021298 ] ] ] } },
{ "type": "Feature", "properties": { "cell_id": 831, "district": "dubai_marina", "gius": 0.142, "walkability_norm": 0.0, "services_norm": 0.0, "transit_norm": 0.426, "cluster": 2 }, "geometry": { "type": "Polygon", "coordinates": [ [ [ 55.128395173565877, 25.088005620808101 ], [ 55.128360838765225, 25.090262156864714 ], [ 55.130838788770525, 25.09029340496048 ], [ 55.130873078178311, 25.088036865711985 ], [ 55.128395173565877, 25.088005620808101 ] ] ] } },
{ "type": "Feature", "properties": { "cell_id": 832, "district": "dubai_marina", "gius": 0.113, "walkability_norm": 0.0, "services_norm": 0.0, "transit_norm": 0.338, "cluster": 2 }, "geometry": { "type": "Polygon", "coordinates": [ [ [ 55.128360838765225, 25.090262156864714 ], [ 55.128326499816957, 25.092518692191081 ], [ 55.130804495220616, 25.09254994347884 ], [ 55.130838788770525, 25.09029340496048 ], [ 55.128360838765225, 25.090262156864714 ] ] ] } },
{ "type": "Feature", "properties": { "cell_id": 833, "district": "dubai_marina", "gius": 0.216, "walkability_norm": 0.0, "services_norm": 0.032, "transit_norm": 0.617, "cluster": 0 }, "geometry": { "type": "Polygon", "coordinates": [ [ [ 55.131249988378791, 25.063214885804616 ], [ 55.131215744512446, 25.065471433081171 ], [ 55.133693199635893, 25.065502604771364 ], [ 55.133727398169285, 25.063246054308408 ], [ 55.131249988378791, 25.063214885804616 ] ] ] } },
{ "type": "Feature", "properties": { "cell_id": 834, "district": "dubai_marina", "gius": 0.323, "walkability_norm": 0.071, "services_norm": 0.194, "transit_norm": 0.703, "cluster": 0 }, "geometry": { "type": "Polygon", "coordinates": [ [ [ 55.131215744512446, 25.065471433081171 ], [ 55.131181496507622, 25.067727979628149 ], [ 55.133658996969508, 25.06775915450487 ], [ 55.133693199635893, 25.065502604771364 ], [ 55.131215744512446, 25.065471433081171 ] ] ] } },
{ "type": "Feature", "properties": { "cell_id": 835, "district": "dubai_marina", "gius": 0.597, "walkability_norm": 0.673, "services_norm": 0.323, "transit_norm": 0.795, "cluster": 1 }, "geometry": { "type": "Polygon", "coordinates": [ [ [ 55.131181496507622, 25.067727979628149 ], [ 55.131147244364008, 25.069984525445513 ], [ 55.133624790169797, 25.070015703508872 ], [ 55.133658996969508, 25.06775915450487 ], [ 55.131181496507622, 25.067727979628149 ] ] ] } },
{ "type": "Feature", "properties": { "cell_id": 836, "district": "dubai_marina", "gius": 0.63, "walkability_norm": 0.5, "services_norm": 0.484, "transit_norm": 0.907, "cluster": 1 }, "geometry": { "type": "Polygon", "coordinates": [ [ [ 55.131147244364008, 25.069984525445513 ], [ 55.131112988081249, 25.072241070533206 ], [ 55.133590579236426, 25.072272251783314 ], [ 55.133624790169797, 25.070015703508872 ], [ 55.131147244364008, 25.069984525445513 ] ] ] } },
{ "type": "Feature", "properties": { "cell_id": 837, "district": "dubai_marina", "gius": 0.729, "walkability_norm": 0.898, "services_norm": 0.29, "transit_norm": 1.0, "cluster": 1 }, "geometry": { "type": "Polygon", "coordinates": [ [ [ 55.131112988081249, 25.072241070533206 ], [ 55.13107872765903, 25.074497614891172 ], [ 55.13355636416906, 25.074528799328146 ], [ 55.133590579236426, 25.072272251783314 ], [ 55.131112988081249, 25.072241070533206 ] ] ] } },
{ "type": "Feature", "properties": { "cell_id": 838, "district": "dubai_marina", "gius": 0.573, "walkability_norm": 0.541, "services_norm": 0.226, "transit_norm": 0.952, "cluster": 1 }, "geometry": { "type": "Polygon", "coordinates": [ [ [ 55.13107872765903, 25.074497614891172 ], [ 55.131044463097005, 25.076754158519375 ], [ 55.13352214496738, 25.076785346143314 ], [ 55.13355636416906, 25.074528799328146 ], [ 55.13107872765903, 25.074497614891172 ] ] ] } },
{ "type": "Feature", "properties": { "cell_id": 839, "district": "dubai_marina", "gius": 0.51, "walkability_norm": 0.367, "services_norm": 0.323, "transit_norm": 0.841, "cluster": 1 }, "geometry": { "type": "Polygon", "coordinates": [ [ [ 55.131044463097005, 25.076754158519375 ], [ 55.131010194394861, 25.079010701417747 ], [ 55.133487921631044, 25.079041892228783 ], [ 55.13352214496738, 25.076785346143314 ], [ 55.131044463097005, 25.076754158519375 ] ] ] } },
{ "type": "Feature", "properties": { "cell_id": 840, "district": "dubai_marina", "gius": 0.304, "walkability_norm": 0.02, "services_norm": 0.129, "transit_norm": 0.762, "cluster": 0 }, "geometry": { "type": "Polygon", "coordinates": [ [ [ 55.131010194394861, 25.079010701417747 ], [ 55.130975921552249, 25.081267243586247 ], [ 55.133453694159719, 25.081298437584483 ], [ 55.133487921631044, 25.079041892228783 ], [ 55.131010194394861, 25.079010701417747 ] ] ] } },
{ "type": "Feature", "properties": { "cell_id": 841, "district": "dubai_marina", "gius": 0.265, "walkability_norm": 0.0, "services_norm": 0.065, "transit_norm": 0.731, "cluster": 0 }, "geometry": { "type": "Polygon", "coordinates": [ [ [ 55.130975921552249, 25.081267243586247 ], [ 55.130941644568836, 25.083523785024816 ], [ 55.133419462553078, 25.083554982210376 ], [ 55.133453694159719, 25.081298437584483 ], [ 55.130975921552249, 25.081267243586247 ] ] ] } },
{ "type": "Feature", "properties": { "cell_id": 13, "district": "deira", "gius": 0.264, "walkability_norm": 0.0, "services_norm": 0.0, "transit_norm": 0.792, "cluster": 0 }, "geometry": { "type": "Polygon", "coordinates": [ [ [ 55.279562879617302, 25.26588706366833 ], [ 55.279531061860347, 25.268143733055823 ], [ 55.282012817428047, 25.268172645971248 ], [ 55.28204458934335, 25.265915973645516 ], [ 55.279562879617302, 25.26588706366833 ] ] ] } },
{ "type": "Feature", "properties": { "cell_id": 14, "district": "deira", "gius": 0.317, "walkability_norm": 0.051, "services_norm": 0.0, "transit_norm": 0.901, "cluster": 0 }, "geometry": { "type": "Polygon", "coordinates": [ [ [ 55.279531061860347, 25.268143733055823 ], [ 55.279499240271647, 25.270400401715946 ], [ 55.281981041686521, 25.270429317569732 ], [ 55.282012817428047, 25.268172645971248 ], [ 55.279531061860347, 25.268143733055823 ] ] ] } },
{ "type": "Feature", "properties": { "cell_id": 15, "district": "deira", "gius": 0.527, "walkability_norm": 0.582, "services_norm": 0.0, "transit_norm": 0.999, "cluster": 1 }, "geometry": { "type": "Polygon", "coordinates": [ [ [ 55.279499240271647, 25.270400401715946 ], [ 55.279467414850885, 25.272657069648659 ], [ 55.281949262118459, 25.272685988440905 ], [ 55.281981041686521, 25.270429317569732 ], [ 55.279499240271647, 25.270400401715946 ] ] ] } },
{ "type": "Feature", "properties": { "cell_id": 16, "district": "deira", "gius": 0.352, "walkability_norm": 0.071, "services_norm": 0.0, "transit_norm": 0.985, "cluster": 0 }, "geometry": { "type": "Polygon", "coordinates": [ [ [ 55.279467414850885, 25.272657069648659 ], [ 55.27943558559776, 25.274913736853922 ], [ 55.28191747872355, 25.274942658584731 ], [ 55.281949262118459, 25.272685988440905 ], [ 55.279467414850885, 25.272657069648659 ] ] ] } },
{ "type": "Feature", "properties": { "cell_id": 17, "district": "deira", "gius": 0.291, "walkability_norm": 0.0, "services_norm": 0.0, "transit_norm": 0.874, "cluster": 0 }, "geometry": { "type": "Polygon", "coordinates": [ [ [ 55.27943558559776, 25.274913736853922 ], [ 55.279403752511961, 25.277170403331681 ], [ 55.281885691501479, 25.277199328001156 ], [ 55.28191747872355, 25.274942658584731 ], [ 55.27943558559776, 25.274913736853922 ] ] ] } },
{ "type": "Feature", "properties": { "cell_id": 842, "district": "dubai_marina", "gius": 0.222, "walkability_norm": 0.0, "services_norm": 0.0, "transit_norm": 0.667, "cluster": 0 }, "geometry": { "type": "Polygon", "coordinates": [ [ [ 55.130941644568836, 25.083523785024816 ], [ 55.130907363444301, 25.085780325733417 ], [ 55.133385226810802, 25.085811526106401 ], [ 55.133419462553078, 25.083554982210376 ], [ 55.130941644568836, 25.083523785024816 ] ] ] } },
{ "type": "Feature", "properties": { "cell_id": 843, "district": "dubai_marina", "gius": 0.194, "walkability_norm": 0.0, "services_norm": 0.0, "transit_norm": 0.583, "cluster": 0 }, "geometry": { "type": "Polygon", "coordinates": [ [ [ 55.130907363444301, 25.085780325733417 ], [ 55.130873078178311, 25.088036865711985 ], [ 55.133350986932534, 25.088068069272513 ], [ 55.133385226810802, 25.085811526106401 ], [ 55.130907363444301, 25.085780325733417 ] ] ] } },
{ "type": "Feature", "properties": { "cell_id": 844, "district": "dubai_marina", "gius": 0.163, "walkability_norm": 0.0, "services_norm": 0.0, "transit_norm": 0.49, "cluster": 2 }, "geometry": { "type": "Polygon", "coordinates": [ [ [ 55.130873078178311, 25.088036865711985 ], [ 55.130838788770525, 25.09029340496048 ], [ 55.133316742917948, 25.090324611708667 ], [ 55.133350986932534, 25.088068069272513 ], [ 55.130873078178311, 25.088036865711985 ] ] ] } },
{ "type": "Feature", "properties": { "cell_id": 845, "district": "dubai_marina", "gius": 0.144, "walkability_norm": 0.0, "services_norm": 0.0, "transit_norm": 0.431, "cluster": 2 }, "geometry": { "type": "Polygon", "coordinates": [ [ [ 55.130838788770525, 25.09029340496048 ], [ 55.130804495220616, 25.09254994347884 ], [ 55.133282494766732, 25.092581153414798 ], [ 55.133316742917948, 25.090324611708667 ], [ 55.130838788770525, 25.09029340496048 ] ] ] } },
{ "type": "Feature", "properties": { "cell_id": 846, "district": "dubai_marina", "gius": 0.244, "walkability_norm": 0.0, "services_norm": 0.065, "transit_norm": 0.669, "cluster": 0 }, "geometry": { "type": "Polygon", "coordinates": [ [ [ 55.133727398169285, 25.063246054308408 ], [ 55.133693199635893, 25.065502604771364 ], [ 55.13617065889234, 25.065533735160155 ], [ 55.136204812092444, 25.063277181515005 ], [ 55.133727398169285, 25.063246054308408 ] ] ] } },
{ "type": "Feature", "properties": { "cell_id": 847, "district": "dubai_marina", "gius": 0.332, "walkability_norm": 0.0, "services_norm": 0.226, "transit_norm": 0.771, "cluster": 0 }, "geometry": { "type": "Polygon", "coordinates": [ [ [ 55.133693199635893, 25.065502604771364 ], [ 55.133658996969508, 25.06775915450487 ], [ 55.136136501564721, 25.067790288075965 ], [ 55.13617065889234, 25.065533735160155 ], [ 55.133693199635893, 25.065502604771364 ] ] ] } },
{ "type": "Feature", "properties": { "cell_id": 848, "district": "dubai_marina", "gius": 0.489, "walkability_norm": 0.347, "services_norm": 0.258, "transit_norm": 0.862, "cluster": 1 }, "geometry": { "type": "Polygon", "coordinates": [ [ [ 55.133658996969508, 25.06775915450487 ], [ 55.133624790169797, 25.070015703508872 ], [ 55.13610234010924, 25.070046840262382 ], [ 55.136136501564721, 25.067790288075965 ], [ 55.133658996969508, 25.06775915450487 ] ] ] } },
{ "type": "Feature", "properties": { "cell_id": 849, "district": "dubai_marina", "gius": 0.605, "walkability_norm": 0.52, "services_norm": 0.387, "transit_norm": 0.908, "cluster": 1 }, "geometry": { "type": "Polygon", "coordinates": [ [ [ 55.133624790169797, 25.070015703508872 ], [ 55.133590579236426, 25.072272251783314 ], [ 55.13606817452559, 25.072303391719352 ], [ 55.13610234010924, 25.070046840262382 ], [ 55.133624790169797, 25.070015703508872 ] ] ] } },
{ "type": "Feature", "properties": { "cell_id": 850, "district": "dubai_marina", "gius": 0.504, "walkability_norm": 0.041, "services_norm": 0.516, "transit_norm": 0.954, "cluster": 0 }, "geometry": { "type": "Polygon", "coordinates": [ [ [ 55.133590579236426, 25.072272251783314 ], [ 55.13355636416906, 25.074528799328146 ], [ 55.136034004813418, 25.074559942446822 ], [ 55.13606817452559, 25.072303391719352 ], [ 55.133590579236426, 25.072272251783314 ] ] ] } },
{ "type": "Feature", "properties": { "cell_id": 851, "district": "dubai_marina", "gius": 0.684, "walkability_norm": 0.704, "services_norm": 0.355, "transit_norm": 0.995, "cluster": 1 }, "geometry": { "type": "Polygon", "coordinates": [ [ [ 55.13355636416906, 25.074528799328146 ], [ 55.13352214496738, 25.076785346143314 ], [ 55.135999830972402, 25.076816492444753 ], [ 55.136034004813418, 25.074559942446822 ], [ 55.13355636416906, 25.074528799328146 ] ] ] } },
{ "type": "Feature", "properties": { "cell_id": 852, "district": "dubai_marina", "gius": 0.634, "walkability_norm": 0.663, "services_norm": 0.355, "transit_norm": 0.883, "cluster": 1 }, "geometry": { "type": "Polygon", "coordinates": [ [ [ 55.13352214496738, 25.076785346143314 ], [ 55.133487921631044, 25.079041892228783 ], [ 55.135965653002209, 25.079073041713084 ], [ 55.135999830972402, 25.076816492444753 ], [ 55.13352214496738, 25.076785346143314 ] ] ] } },
{ "type": "Feature", "properties": { "cell_id": 853, "district": "dubai_marina", "gius": 0.484, "walkability_norm": 0.224, "services_norm": 0.355, "transit_norm": 0.874, "cluster": 0 }, "geometry": { "type": "Polygon", "coordinates": [ [ [ 55.133487921631044, 25.079041892228783 ], [ 55.133453694159719, 25.081298437584483 ], [ 55.135931470902513, 25.081329590251769 ], [ 55.135965653002209, 25.079073041713084 ], [ 55.133487921631044, 25.079041892228783 ] ] ] } },
{ "type": "Feature", "properties": { "cell_id": 854, "district": "dubai_marina", "gius": 0.336, "walkability_norm": 0.02, "services_norm": 0.161, "transit_norm": 0.825, "cluster": 0 }, "geometry": { "type": "Polygon", "coordinates": [ [ [ 55.133453694159719, 25.081298437584483 ], [ 55.133419462553078, 25.083554982210376 ], [ 55.135897284672978, 25.083586138060756 ], [ 55.135931470902513, 25.081329590251769 ], [ 55.133453694159719, 25.081298437584483 ] ] ] } },
{ "type": "Feature", "properties": { "cell_id": 855, "district": "dubai_marina", "gius": 0.271, "walkability_norm": 0.01, "services_norm": 0.065, "transit_norm": 0.739, "cluster": 0 }, "geometry": { "type": "Polygon", "coordinates": [ [ [ 55.133419462553078, 25.083554982210376 ], [ 55.133385226810802, 25.085811526106401 ], [ 55.135863094313272, 25.08584268513999 ], [ 55.135897284672978, 25.083586138060756 ], [ 55.133419462553078, 25.083554982210376 ] ] ] } },
{ "type": "Feature", "properties": { "cell_id": 856, "district": "dubai_marina", "gius": 0.224, "walkability_norm": 0.0, "services_norm": 0.032, "transit_norm": 0.641, "cluster": 0 }, "geometry": { "type": "Polygon", "coordinates": [ [ [ 55.133385226810802, 25.085811526106401 ], [ 55.133350986932534, 25.088068069272513 ], [ 55.135828899823061, 25.088099231489423 ], [ 55.135863094313272, 25.08584268513999 ], [ 55.133385226810802, 25.085811526106401 ] ] ] } },
{ "type": "Feature", "properties": { "cell_id": 857, "district": "dubai_marina", "gius": 0.196, "walkability_norm": 0.0, "services_norm": 0.0, "transit_norm": 0.587, "cluster": 0 }, "geometry": { "type": "Polygon", "coordinates": [ [ [ 55.133350986932534, 25.088068069272513 ], [ 55.133316742917948, 25.090324611708667 ], [ 55.13579470120203, 25.090355777109011 ], [ 55.135828899823061, 25.088099231489423 ], [ 55.133350986932534, 25.088068069272513 ] ] ] } },
{ "type": "Feature", "properties": { "cell_id": 858, "district": "dubai_marina", "gius": 0.173, "walkability_norm": 0.0, "services_norm": 0.0, "transit_norm": 0.519, "cluster": 0 }, "geometry": { "type": "Polygon", "coordinates": [ [ [ 55.133316742917948, 25.090324611708667 ], [ 55.133282494766732, 25.092581153414798 ], [ 55.13576049844982, 25.092612321998686 ], [ 55.13579470120203, 25.090355777109011 ], [ 55.133316742917948, 25.090324611708667 ] ] ] } },
{ "type": "Feature", "properties": { "cell_id": 859, "district": "dubai_marina", "gius": 0.277, "walkability_norm": 0.061, "services_norm": 0.065, "transit_norm": 0.706, "cluster": 0 }, "geometry": { "type": "Polygon", "coordinates": [ [ [ 55.136204812092444, 25.063277181515005 ], [ 55.13617065889234, 25.065533735160155 ], [ 55.138648122276308, 25.065564824247268 ], [ 55.138682230142791, 25.063308267424148 ], [ 55.136204812092444, 25.063277181515005 ] ] ] } },
{ "type": "Feature", "properties": { "cell_id": 860, "district": "dubai_marina", "gius": 0.508, "walkability_norm": 0.612, "services_norm": 0.097, "transit_norm": 0.815, "cluster": 1 }, "geometry": { "type": "Polygon", "coordinates": [ [ [ 55.13617065889234, 25.065533735160155 ], [ 55.136136501564721, 25.067790288075965 ], [ 55.138614010287782, 25.067821380341158 ], [ 55.138648122276308, 25.065564824247268 ], [ 55.13617065889234, 25.065533735160155 ] ] ] } },
{ "type": "Feature", "properties": { "cell_id": 861, "district": "dubai_marina", "gius": 0.703, "walkability_norm": 0.837, "services_norm": 0.355, "transit_norm": 0.917, "cluster": 1 }, "geometry": { "type": "Polygon", "coordinates": [ [ [ 55.136136501564721, 25.067790288075965 ], [ 55.13610234010924, 25.070046840262382 ], [ 55.138579894176871, 25.070077935705765 ], [ 55.138614010287782, 25.067821380341158 ], [ 55.136136501564721, 25.067790288075965 ] ] ] } },
{ "type": "Feature", "properties": { "cell_id": 862, "district": "dubai_marina", "gius": 0.559, "walkability_norm": 0.224, "services_norm": 0.452, "transit_norm": 1.0, "cluster": 1 }, "geometry": { "type": "Polygon", "coordinates": [ [ [ 55.13610234010924, 25.070046840262382 ], [ 55.13606817452559, 25.072303391719352 ], [ 55.138545773943264, 25.072334490341042 ], [ 55.138579894176871, 25.070077935705765 ], [ 55.13610234010924, 25.070046840262382 ] ] ] } },
{ "type": "Feature", "properties": { "cell_id": 863, "district": "dubai_marina", "gius": 0.545, "walkability_norm": 0.337, "services_norm": 0.355, "transit_norm": 0.943, "cluster": 1 }, "geometry": { "type": "Polygon", "coordinates": [ [ [ 55.13606817452559, 25.072303391719352 ], [ 55.136034004813418, 25.074559942446822 ], [ 55.138511649586619, 25.074591044246937 ], [ 55.138545773943264, 25.072334490341042 ], [ 55.13606817452559, 25.072303391719352 ] ] ] } },
{ "type": "Feature", "properties": { "cell_id": 864, "district": "dubai_marina", "gius": 0.602, "walkability_norm": 0.388, "services_norm": 0.419, "transit_norm": 1.0, "cluster": 1 }, "geometry": { "type": "Polygon", "coordinates": [ [ [ 55.136034004813418, 25.074559942446822 ], [ 55.135999830972402, 25.076816492444753 ], [ 55.138477521106601, 25.076847597423395 ], [ 55.138511649586619, 25.074591044246937 ], [ 55.136034004813418, 25.074559942446822 ] ] ] } },
{ "type": "Feature", "properties": { "cell_id": 865, "district": "dubai_marina", "gius": 0.604, "walkability_norm": 0.459, "services_norm": 0.419, "transit_norm": 0.932, "cluster": 1 }, "geometry": { "type": "Polygon", "coordinates": [ [ [ 55.135999830972402, 25.076816492444753 ], [ 55.135965653002209, 25.079073041713084 ], [ 55.138443388502886, 25.079104149870378 ], [ 55.138477521106601, 25.076847597423395 ], [ 55.135999830972402, 25.076816492444753 ] ] ] } },
{ "type": "Feature", "properties": { "cell_id": 866, "district": "dubai_marina", "gius": 0.736, "walkability_norm": 0.776, "services_norm": 0.452, "transit_norm": 0.981, "cluster": 1 }, "geometry": { "type": "Polygon", "coordinates": [ [ [ 55.135965653002209, 25.079073041713084 ], [ 55.135931470902513, 25.081329590251769 ], [ 55.138409251775144, 25.081360701587823 ], [ 55.138443388502886, 25.079104149870378 ], [ 55.135965653002209, 25.079073041713084 ] ] ] } },
{ "type": "Feature", "properties": { "cell_id": 867, "district": "dubai_marina", "gius": 0.523, "walkability_norm": 0.388, "services_norm": 0.29, "transit_norm": 0.891, "cluster": 1 }, "geometry": { "type": "Polygon", "coordinates": [ [ [ 55.135931470902513, 25.081329590251769 ], [ 55.135897284672978, 25.083586138060756 ], [ 55.138375110923036, 25.083617252575674 ], [ 55.138409251775144, 25.081360701587823 ], [ 55.135931470902513, 25.081329590251769 ] ] ] } },
{ "type": "Feature", "properties": { "cell_id": 868, "district": "dubai_marina", "gius": 0.308, "walkability_norm": 0.01, "services_norm": 0.129, "transit_norm": 0.784, "cluster": 0 }, "geometry": { "type": "Polygon", "coordinates": [ [ [ 55.135897284672978, 25.083586138060756 ], [ 55.135863094313272, 25.08584268513999 ], [ 55.138340965946242, 25.085873802833905 ], [ 55.138375110923036, 25.083617252575674 ], [ 55.135897284672978, 25.083586138060756 ] ] ] } },
{ "type": "Feature", "properties": { "cell_id": 869, "district": "dubai_marina", "gius": 0.272, "walkability_norm": 0.01, "services_norm": 0.065, "transit_norm": 0.741, "cluster": 0 }, "geometry": { "type": "Polygon", "coordinates": [ [ [ 55.135863094313272, 25.08584268513999 ], [ 55.135828899823061, 25.088099231489423 ], [ 55.138306816844427, 25.088130352362437 ], [ 55.138340965946242, 25.085873802833905 ], [ 55.135863094313272, 25.08584268513999 ] ] ] } },
{ "type": "Feature", "properties": { "cell_id": 870, "district": "dubai_marina", "gius": 0.24, "walkability_norm": 0.01, "services_norm": 0.032, "transit_norm": 0.677, "cluster": 0 }, "geometry": { "type": "Polygon", "coordinates": [ [ [ 55.135828899823061, 25.088099231489423 ], [ 55.13579470120203, 25.090355777109011 ], [ 55.138272663617265, 25.090386901161239 ], [ 55.138306816844427, 25.088130352362437 ], [ 55.135828899823061, 25.088099231489423 ] ] ] } },
{ "type": "Feature", "properties": { "cell_id": 871, "district": "dubai_marina", "gius": 0.207, "walkability_norm": 0.0, "services_norm": 0.0, "transit_norm": 0.621, "cluster": 0 }, "geometry": { "type": "Polygon", "coordinates": [ [ [ 55.13579470120203, 25.090355777109011 ], [ 55.13576049844982, 25.092612321998686 ], [ 55.138238506264415, 25.092643449230241 ], [ 55.138272663617265, 25.090386901161239 ], [ 55.13579470120203, 25.090355777109011 ] ] ] } },
{ "type": "Feature", "properties": { "cell_id": 872, "district": "dubai_marina", "gius": 0.36, "walkability_norm": 0.276, "services_norm": 0.097, "transit_norm": 0.708, "cluster": 0 }, "geometry": { "type": "Polygon", "coordinates": [ [ [ 55.138682230142791, 25.063308267424148 ], [ 55.138648122276308, 25.065564824247268 ], [ 55.141125589782312, 25.065595872032429 ], [ 55.141159652314855, 25.063339312035559 ], [ 55.138682230142791, 25.063308267424148 ] ] ] } },
{ "type": "Feature", "properties": { "cell_id": 873, "district": "dubai_marina", "gius": 0.558, "walkability_norm": 0.694, "services_norm": 0.161, "transit_norm": 0.818, "cluster": 1 }, "geometry": { "type": "Polygon", "coordinates": [ [ [ 55.138648122276308, 25.065564824247268 ], [ 55.138614010287782, 25.067821380341158 ], [ 55.141091523133213, 25.067852431300174 ], [ 55.141125589782312, 25.065595872032429 ], [ 55.138648122276308, 25.065564824247268 ] ] ] } },
{ "type": "Feature", "properties": { "cell_id": 874, "district": "dubai_marina", "gius": 0.706, "walkability_norm": 1.0, "services_norm": 0.194, "transit_norm": 0.924, "cluster": 1 }, "geometry": { "type": "Polygon", "coordinates": [ [ [ 55.138614010287782, 25.067821380341158 ], [ 55.138579894176871, 25.070077935705765 ], [ 55.141057452367214, 25.070108989838754 ], [ 55.141091523133213, 25.067852431300174 ], [ 55.138614010287782, 25.067821380341158 ] ] ] } },
{ "type": "Feature", "properties": { "cell_id": 875, "district": "dubai_marina", "gius": 0.81, "walkability_norm": 1.0, "services_norm": 0.452, "transit_norm": 0.979, "cluster": 1 }, "geometry": { "type": "Polygon", "coordinates": [ [ [ 55.138579894176871, 25.070077935705765 ], [ 55.138545773943264, 25.072334490341042 ], [ 55.141023377483975, 25.072365547648126 ], [ 55.141057452367214, 25.070108989838754 ], [ 55.138579894176871, 25.070077935705765 ] ] ] } },
{ "type": "Feature", "properties": { "cell_id": 876, "district": "dubai_marina", "gius": 0.575, "walkability_norm": 0.418, "services_norm": 0.387, "transit_norm": 0.919, "cluster": 1 }, "geometry": { "type": "Polygon", "coordinates": [ [ [ 55.138545773943264, 25.072334490341042 ], [ 55.138511649586619, 25.074591044246937 ], [ 55.140989298483184, 25.074622104728217 ], [ 55.141023377483975, 25.072365547648126 ], [ 55.138545773943264, 25.072334490341042 ] ] ] } },
{ "type": "Feature", "properties": { "cell_id": 877, "district": "dubai_marina", "gius": 0.708, "walkability_norm": 0.918, "services_norm": 0.258, "transit_norm": 0.947, "cluster": 1 }, "geometry": { "type": "Polygon", "coordinates": [ [ [ 55.138511649586619, 25.074591044246937 ], [ 55.138477521106601, 25.076847597423395 ], [ 55.140955215364492, 25.07687866107899 ], [ 55.140989298483184, 25.074622104728217 ], [ 55.138511649586619, 25.074591044246937 ] ] ] } },
{ "type": "Feature", "properties": { "cell_id": 878, "district": "dubai_marina", "gius": 0.513, "walkability_norm": 0.153, "services_norm": 0.387, "transit_norm": 1.0, "cluster": 0 }, "geometry": { "type": "Polygon", "coordinates": [ [ [ 55.138477521106601, 25.076847597423395 ], [ 55.138443388502886, 25.079104149870378 ], [ 55.140921128127594, 25.079135216700394 ], [ 55.140955215364492, 25.07687866107899 ], [ 55.138477521106601, 25.076847597423395 ] ] ] } },
{ "type": "Feature", "properties": { "cell_id": 879, "district": "dubai_marina", "gius": 0.726, "walkability_norm": 0.755, "services_norm": 0.452, "transit_norm": 0.971, "cluster": 1 }, "geometry": { "type": "Polygon", "coordinates": [ [ [ 55.138443388502886, 25.079104149870378 ], [ 55.138409251775144, 25.081360701587823 ], [ 55.140887036772135, 25.081391771592379 ], [ 55.140921128127594, 25.079135216700394 ], [ 55.138443388502886, 25.079104149870378 ] ] ] } },
{ "type": "Feature", "properties": { "cell_id": 880, "district": "dubai_marina", "gius": 0.7, "walkability_norm": 0.663, "services_norm": 0.548, "transit_norm": 0.889, "cluster": 1 }, "geometry": { "type": "Polygon", "coordinates": [ [ [ 55.138409251775144, 25.081360701587823 ], [ 55.138375110923036, 25.083617252575674 ], [ 55.140852941297794, 25.083648325754886 ], [ 55.140887036772135, 25.081391771592379 ], [ 55.138409251775144, 25.081360701587823 ] ] ] } },
{ "type": "Feature", "properties": { "cell_id": 881, "district": "dubai_marina", "gius": 0.507, "walkability_norm": 0.184, "services_norm": 0.452, "transit_norm": 0.885, "cluster": 0 }, "geometry": { "type": "Polygon", "coordinates": [ [ [ 55.138375110923036, 25.083617252575674 ], [ 55.138340965946242, 25.085873802833905 ], [ 55.140818841704245, 25.085904879187879 ], [ 55.140852941297794, 25.083648325754886 ], [ 55.138375110923036, 25.083617252575674 ] ] ] } },
{ "type": "Feature", "properties": { "cell_id": 882, "district": "dubai_marina", "gius": 0.356, "walkability_norm": 0.01, "services_norm": 0.226, "transit_norm": 0.833, "cluster": 0 }, "geometry": { "type": "Polygon", "coordinates": [ [ [ 55.138340965946242, 25.085873802833905 ], [ 55.138306816844427, 25.088130352362437 ], [ 55.140784737991154, 25.08816143189129 ], [ 55.140818841704245, 25.085904879187879 ], [ 55.138340965946242, 25.085873802833905 ] ] ] } },
{ "type": "Feature", "properties": { "cell_id": 883, "district": "dubai_marina", "gius": 0.326, "walkability_norm": 0.184, "services_norm": 0.032, "transit_norm": 0.763, "cluster": 0 }, "geometry": { "type": "Polygon", "coordinates": [ [ [ 55.138306816844427, 25.088130352362437 ], [ 55.138272663617265, 25.090386901161239 ], [ 55.140750630158188, 25.090417983865077 ], [ 55.140784737991154, 25.08816143189129 ], [ 55.138306816844427, 25.088130352362437 ] ] ] } },
{ "type": "Feature", "properties": { "cell_id": 884, "district": "dubai_marina", "gius": 0.24, "walkability_norm": 0.0, "services_norm": 0.0, "transit_norm": 0.72, "cluster": 0 }, "geometry": { "type": "Polygon", "coordinates": [ [ [ 55.138272663617265, 25.090386901161239 ], [ 55.138238506264415, 25.092643449230241 ], [ 55.140716518205011, 25.09267453510919 ], [ 55.140750630158188, 25.090417983865077 ], [ 55.138272663617265, 25.090386901161239 ] ] ] } },
{ "type": "Feature", "properties": { "cell_id": 885, "district": "dubai_marina", "gius": 0.263, "walkability_norm": 0.082, "services_norm": 0.032, "transit_norm": 0.674, "cluster": 0 }, "geometry": { "type": "Polygon", "coordinates": [ [ [ 55.141159652314855, 25.063339312035559 ], [ 55.141125589782312, 25.065595872032429 ], [ 55.143603061404896, 25.065626878515367 ], [ 55.143637078603149, 25.063370315348973 ], [ 55.141159652314855, 25.063339312035559 ] ] ] } },
{ "type": "Feature", "properties": { "cell_id": 886, "district": "dubai_marina", "gius": 0.622, "walkability_norm": 1.0, "services_norm": 0.097, "transit_norm": 0.769, "cluster": 1 }, "geometry": { "type": "Polygon", "coordinates": [ [ [ 55.141125589782312, 25.065595872032429 ], [ 55.141091523133213, 25.067852431300174 ], [ 55.143569040095549, 25.067883440952748 ], [ 55.143603061404896, 25.065626878515367 ], [ 55.141125589782312, 25.065595872032429 ] ] ] } },
{ "type": "Feature", "properties": { "cell_id": 887, "district": "dubai_marina", "gius": 0.667, "walkability_norm": 0.898, "services_norm": 0.258, "transit_norm": 0.844, "cluster": 1 }, "geometry": { "type": "Polygon", "coordinates": [ [ [ 55.141091523133213, 25.067852431300174 ], [ 55.141057452367214, 25.070108989838754 ], [ 55.143535014674775, 25.070140002661088 ], [ 55.143569040095549, 25.067883440952748 ], [ 55.141091523133213, 25.067852431300174 ] ] ] } },
{ "type": "Feature", "properties": { "cell_id": 888, "district": "dubai_marina", "gius": 0.537, "walkability_norm": 0.418, "services_norm": 0.323, "transit_norm": 0.869, "cluster": 1 }, "geometry": { "type": "Polygon", "coordinates": [ [ [ 55.141057452367214, 25.070108989838754 ], [ 55.141023377483975, 25.072365547648126 ], [ 55.143500985142246, 25.072396563640318 ], [ 55.143535014674775, 25.070140002661088 ], [ 55.141057452367214, 25.070108989838754 ] ] ] } },
{ "type": "Feature", "properties": { "cell_id": 889, "district": "dubai_marina", "gius": 0.781, "walkability_norm": 0.99, "services_norm": 0.452, "transit_norm": 0.901, "cluster": 1 }, "geometry": { "type": "Polygon", "coordinates": [ [ [ 55.141023377483975, 25.072365547648126 ], [ 55.140989298483184, 25.074622104728217 ], [ 55.143466951497643, 25.074653123890396 ], [ 55.143500985142246, 25.072396563640318 ], [ 55.141023377483975, 25.072365547648126 ] ] ] } },
{ "type": "Feature", "properties": { "cell_id": 890, "district": "dubai_marina", "gius": 0.657, "walkability_norm": 0.52, "services_norm": 0.452, "transit_norm": 1.0, "cluster": 1 }, "geometry": { "type": "Polygon", "coordinates": [ [ [ 55.140989298483184, 25.074622104728217 ], [ 55.140955215364492, 25.07687866107899 ], [ 55.143432913740611, 25.076909683411259 ], [ 55.143466951497643, 25.074653123890396 ], [ 55.140989298483184, 25.074622104728217 ] ] ] } },
{ "type": "Feature", "properties": { "cell_id": 891, "district": "dubai_marina", "gius": 0.737, "walkability_norm": 1.0, "services_norm": 0.258, "transit_norm": 0.952, "cluster": 1 }, "geometry": { "type": "Polygon", "coordinates": [ [ [ 55.140955215364492, 25.07687866107899 ], [ 55.140921128127594, 25.079135216700394 ], [ 55.143398871870851, 25.079166242202866 ], [ 55.143432913740611, 25.076909683411259 ], [ 55.140955215364492, 25.07687866107899 ] ] ] } },
{ "type": "Feature", "properties": { "cell_id": 892, "district": "dubai_marina", "gius": 0.508, "walkability_norm": 0.194, "services_norm": 0.452, "transit_norm": 0.878, "cluster": 0 }, "geometry": { "type": "Polygon", "coordinates": [ [ [ 55.140921128127594, 25.079135216700394 ], [ 55.140887036772135, 25.081391771592379 ], [ 55.143364825888007, 25.081422800265166 ], [ 55.143398871870851, 25.079166242202866 ], [ 55.140921128127594, 25.079135216700394 ] ] ] } },
{ "type": "Feature", "properties": { "cell_id": 893, "district": "dubai_marina", "gius": 0.742, "walkability_norm": 0.612, "services_norm": 0.677, "transit_norm": 0.938, "cluster": 3 }, "geometry": { "type": "Polygon", "coordinates": [ [ [ 55.140887036772135, 25.081391771592379 ], [ 55.140852941297794, 25.083648325754886 ], [ 55.14333077579176, 25.083679357598104 ], [ 55.143364825888007, 25.081422800265166 ], [ 55.140887036772135, 25.081391771592379 ] ] ] } },
{ "type": "Feature", "properties": { "cell_id": 894, "district": "dubai_marina", "gius": 0.754, "walkability_norm": 0.755, "services_norm": 0.516, "transit_norm": 0.99, "cluster": 1 }, "geometry": { "type": "Polygon", "coordinates": [ [ [ 55.140852941297794, 25.083648325754886 ], [ 55.140818841704245, 25.085904879187879 ], [ 55.143296721581784, 25.085935914201638 ], [ 55.14333077579176, 25.083679357598104 ], [ 55.140852941297794, 25.083648325754886 ] ] ] } },
{ "type": "Feature", "properties": { "cell_id": 895, "district": "dubai_marina", "gius": 0.537, "walkability_norm": 0.347, "services_norm": 0.355, "transit_norm": 0.91, "cluster": 1 }, "geometry": { "type": "Polygon", "coordinates": [ [ [ 55.140818841704245, 25.085904879187879 ], [ 55.140784737991154, 25.08816143189129 ], [ 55.143262663257744, 25.088192470075704 ], [ 55.143296721581784, 25.085935914201638 ], [ 55.140818841704245, 25.085904879187879 ] ] ] } },
{ "type": "Feature", "properties": { "cell_id": 896, "district": "dubai_marina", "gius": 0.396, "walkability_norm": 0.316, "services_norm": 0.0, "transit_norm": 0.871, "cluster": 0 }, "geometry": { "type": "Polygon", "coordinates": [ [ [ 55.140784737991154, 25.08816143189129 ], [ 55.140750630158188, 25.090417983865077 ], [ 55.143228600819306, 25.09044902522027 ], [ 55.143262663257744, 25.088192470075704 ], [ 55.140784737991154, 25.08816143189129 ] ] ] } },
{ "type": "Feature", "properties": { "cell_id": 897, "district": "dubai_marina", "gius": 0.269, "walkability_norm": 0.0, "services_norm": 0.0, "transit_norm": 0.806, "cluster": 0 }, "geometry": { "type": "Polygon", "coordinates": [ [ [ 55.140750630158188, 25.090417983865077 ], [ 55.140716518205011, 25.09267453510919 ], [ 55.143194534266151, 25.092705579635258 ], [ 55.143228600819306, 25.09044902522027 ], [ 55.140750630158188, 25.090417983865077 ] ] ] } },
{ "type": "Feature", "properties": { "cell_id": 898, "district": "dubai_marina", "gius": 0.228, "walkability_norm": 0.071, "services_norm": 0.0, "transit_norm": 0.611, "cluster": 0 }, "geometry": { "type": "Polygon", "coordinates": [ [ [ 55.143637078603149, 25.063370315348973 ], [ 55.143603061404896, 25.065626878515367 ], [ 55.146080537138573, 25.065657843695814 ], [ 55.146114509002217, 25.063401277364115 ], [ 55.143637078603149, 25.063370315348973 ] ] ] } },
{ "type": "Feature", "properties": { "cell_id": 899, "district": "dubai_marina", "gius": 0.353, "walkability_norm": 0.306, "services_norm": 0.065, "transit_norm": 0.689, "cluster": 0 }, "geometry": { "type": "Polygon", "coordinates": [ [ [ 55.143603061404896, 25.065626878515367 ], [ 55.143569040095549, 25.067883440952748 ], [ 55.146046561169307, 25.06791440929862 ], [ 55.146080537138573, 25.065657843695814 ], [ 55.143603061404896, 25.065626878515367 ] ] ] } },
{ "type": "Feature", "properties": { "cell_id": 900, "district": "dubai_marina", "gius": 0.634, "walkability_norm": 1.0, "services_norm": 0.161, "transit_norm": 0.742, "cluster": 1 }, "geometry": { "type": "Polygon", "coordinates": [ [ [ 55.143569040095549, 25.067883440952748 ], [ 55.143535014674775, 25.070140002661088 ], [ 55.146012581094098, 25.070170974172491 ], [ 55.146046561169307, 25.06791440929862 ], [ 55.143569040095549, 25.067883440952748 ] ] ] } },
{ "type": "Feature", "properties": { "cell_id": 901, "district": "dubai_marina", "gius": 0.653, "walkability_norm": 0.878, "services_norm": 0.323, "transit_norm": 0.76, "cluster": 1 }, "geometry": { "type": "Polygon", "coordinates": [ [ [ 55.143535014674775, 25.070140002661088 ], [ 55.143500985142246, 25.072396563640318 ], [ 55.145978596912606, 25.072427538317367 ], [ 55.146012581094098, 25.070170974172491 ], [ 55.143535014674775, 25.070140002661088 ] ] ] } },
{ "type": "Feature", "properties": { "cell_id": 902, "district": "dubai_marina", "gius": 0.768, "walkability_norm": 1.0, "services_norm": 0.452, "transit_norm": 0.852, "cluster": 1 }, "geometry": { "type": "Polygon", "coordinates": [ [ [ 55.143500985142246, 25.072396563640318 ], [ 55.143466951497643, 25.074653123890396 ], [ 55.145944608624511, 25.074684101733197 ], [ 55.145978596912606, 25.072427538317367 ], [ 55.143500985142246, 25.072396563640318 ] ] ] } },
{ "type": "Feature", "properties": { "cell_id": 903, "district": "dubai_marina", "gius": 0.8, "walkability_norm": 1.0, "services_norm": 0.484, "transit_norm": 0.916, "cluster": 1 }, "geometry": { "type": "Polygon", "coordinates": [ [ [ 55.143466951497643, 25.074653123890396 ], [ 55.143432913740611, 25.076909683411259 ], [ 55.145910616229479, 25.076940664419933 ], [ 55.145944608624511, 25.074684101733197 ], [ 55.143466951497643, 25.074653123890396 ] ] ] } },
{ "type": "Feature", "properties": { "cell_id": 904, "district": "dubai_marina", "gius": 0.674, "walkability_norm": 0.418, "services_norm": 0.71, "transit_norm": 0.894, "cluster": 3 }, "geometry": { "type": "Polygon", "coordinates": [ [ [ 55.143432913740611, 25.076909683411259 ], [ 55.143398871870851, 25.079166242202866 ], [ 55.145876619727176, 25.07919722637752 ], [ 55.145910616229479, 25.076940664419933 ], [ 55.143432913740611, 25.076909683411259 ] ] ] } },
{ "type": "Feature", "properties": { "cell_id": 905, "district": "dubai_marina", "gius": 0.61, "walkability_norm": 0.347, "services_norm": 0.548, "transit_norm": 0.933, "cluster": 1 }, "geometry": { "type": "Polygon", "coordinates": [ [ [ 55.143398871870851, 25.079166242202866 ], [ 55.143364825888007, 25.081422800265166 ], [ 55.145842619117282, 25.08145378760592 ], [ 55.145876619727176, 25.07919722637752 ], [ 55.143398871870851, 25.079166242202866 ] ] ] } },
{ "type": "Feature", "properties": { "cell_id": 906, "district": "dubai_marina", "gius": 0.725, "walkability_norm": 0.49, "services_norm": 0.774, "transit_norm": 0.912, "cluster": 3 }, "geometry": { "type": "Polygon", "coordinates": [ [ [ 55.143364825888007, 25.081422800265166 ], [ 55.14333077579176, 25.083679357598104 ], [ 55.145808614399463, 25.083710348105065 ], [ 55.145842619117282, 25.08145378760592 ], [ 55.143364825888007, 25.081422800265166 ] ] ] } },
{ "type": "Feature", "properties": { "cell_id": 907, "district": "dubai_marina", "gius": 0.643, "walkability_norm": 0.418, "services_norm": 0.516, "transit_norm": 0.996, "cluster": 1 }, "geometry": { "type": "Polygon", "coordinates": [ [ [ 55.14333077579176, 25.083679357598104 ], [ 55.143296721581784, 25.085935914201638 ], [ 55.145774605573386, 25.085966907874919 ], [ 55.145808614399463, 25.083710348105065 ], [ 55.14333077579176, 25.083679357598104 ] ] ] } },
{ "type": "Feature", "properties": { "cell_id": 908, "district": "dubai_marina", "gius": 0.645, "walkability_norm": 0.52, "services_norm": 0.452, "transit_norm": 0.964, "cluster": 1 }, "geometry": { "type": "Polygon", "coordinates": [ [ [ 55.143296721581784, 25.085935914201638 ], [ 55.143262663257744, 25.088192470075704 ], [ 55.145740592638731, 25.088223466915423 ], [ 55.145774605573386, 25.085966907874919 ], [ 55.143296721581784, 25.085935914201638 ] ] ] } },
{ "type": "Feature", "properties": { "cell_id": 909, "district": "dubai_marina", "gius": 0.621, "walkability_norm": 0.704, "services_norm": 0.194, "transit_norm": 0.964, "cluster": 1 }, "geometry": { "type": "Polygon", "coordinates": [ [ [ 55.143262663257744, 25.088192470075704 ], [ 55.143228600819306, 25.09044902522027 ], [ 55.145706575595156, 25.090480025226533 ], [ 55.145740592638731, 25.088223466915423 ], [ 55.143262663257744, 25.088192470075704 ] ] ] } },
{ "type": "Feature", "properties": { "cell_id": 910, "district": "dubai_marina", "gius": 0.344, "walkability_norm": 0.173, "services_norm": 0.0, "transit_norm": 0.86, "cluster": 0 }, "geometry": { "type": "Polygon", "coordinates": [ [ [ 55.143228600819306, 25.09044902522027 ], [ 55.143194534266151, 25.092705579635258 ], [ 55.145672554442342, 25.092736582808186 ], [ 55.145706575595156, 25.090480025226533 ], [ 55.143228600819306, 25.09044902522027 ] ] ] } },
{ "type": "Feature", "properties": { "cell_id": 911, "district": "dubai_marina", "gius": 0.211, "walkability_norm": 0.102, "services_norm": 0.0, "transit_norm": 0.531, "cluster": 0 }, "geometry": { "type": "Polygon", "coordinates": [ [ [ 55.146114509002217, 25.063401277364115 ], [ 55.146080537138573, 25.065657843695814 ], [ 55.148558016977866, 25.065688767573501 ], [ 55.148591943506581, 25.063432198080719 ], [ 55.146114509002217, 25.063401277364115 ] ] ] } },
{ "type": "Feature", "properties": { "cell_id": 912, "district": "dubai_marina", "gius": 0.273, "walkability_norm": 0.224, "services_norm": 0.0, "transit_norm": 0.594, "cluster": 0 }, "geometry": { "type": "Polygon", "coordinates": [ [ [ 55.146080537138573, 25.065657843695814 ], [ 55.146046561169307, 25.06791440929862 ], [ 55.14852408634902, 25.067945336337509 ], [ 55.148558016977866, 25.065688767573501 ], [ 55.146080537138573, 25.065657843695814 ] ] ] } },
{ "type": "Feature", "properties": { "cell_id": 913, "district": "dubai_marina", "gius": 0.345, "walkability_norm": 0.337, "services_norm": 0.065, "transit_norm": 0.635, "cluster": 0 }, "geometry": { "type": "Polygon", "coordinates": [ [ [ 55.146046561169307, 25.06791440929862 ], [ 55.146012581094098, 25.070170974172491 ], [ 55.148490151619697, 25.070201904372691 ], [ 55.14852408634902, 25.067945336337509 ], [ 55.146046561169307, 25.06791440929862 ] ] ] } },
{ "type": "Feature", "properties": { "cell_id": 914, "district": "dubai_marina", "gius": 0.295, "walkability_norm": 0.061, "services_norm": 0.129, "transit_norm": 0.694, "cluster": 0 }, "geometry": { "type": "Polygon", "coordinates": [ [ [ 55.146012581094098, 25.070170974172491 ], [ 55.145978596912606, 25.072427538317367 ], [ 55.148456212789576, 25.072458471678988 ], [ 55.148490151619697, 25.070201904372691 ], [ 55.146012581094098, 25.070170974172491 ] ] ] } },
{ "type": "Feature", "properties": { "cell_id": 915, "district": "dubai_marina", "gius": 0.463, "walkability_norm": 0.204, "services_norm": 0.419, "transit_norm": 0.766, "cluster": 0 }, "geometry": { "type": "Polygon", "coordinates": [ [ [ 55.145978596912606, 25.072427538317367 ], [ 55.145944608624511, 25.074684101733197 ], [ 55.148422269858315, 25.074715038256354 ], [ 55.148456212789576, 25.072458471678988 ], [ 55.145978596912606, 25.072427538317367 ] ] ] } },
{ "type": "Feature", "properties": { "cell_id": 916, "district": "dubai_marina", "gius": 0.647, "walkability_norm": 0.582, "services_norm": 0.516, "transit_norm": 0.843, "cluster": 1 }, "geometry": { "type": "Polygon", "coordinates": [ [ [ 55.145944608624511, 25.074684101733197 ], [ 55.145910616229479, 25.076940664419933 ], [ 55.148388322825603, 25.076971604104745 ], [ 55.148422269858315, 25.074715038256354 ], [ 55.145944608624511, 25.074684101733197 ] ] ] } },
{ "type": "Feature", "properties": { "cell_id": 917, "district": "dubai_marina", "gius": 0.886, "walkability_norm": 1.0, "services_norm": 0.71, "transit_norm": 0.948, "cluster": 3 }, "geometry": { "type": "Polygon", "coordinates": [ [ [ 55.145910616229479, 25.076940664419933 ], [ 55.145876619727176, 25.07919722637752 ], [ 55.148354371691099, 25.079228169224091 ], [ 55.148388322825603, 25.076971604104745 ], [ 55.145910616229479, 25.076940664419933 ] ] ] } },
{ "type": "Feature", "properties": { "cell_id": 918, "district": "dubai_marina", "gius": 0.831, "walkability_norm": 0.816, "services_norm": 0.677, "transit_norm": 1.0, "cluster": 3 }, "geometry": { "type": "Polygon", "coordinates": [ [ [ 55.145876619727176, 25.07919722637752 ], [ 55.145842619117282, 25.08145378760592 ], [ 55.148320416454482, 25.081484733614367 ], [ 55.148354371691099, 25.079228169224091 ], [ 55.145876619727176, 25.07919722637752 ] ] ] } },
{ "type": "Feature", "properties": { "cell_id": 919, "district": "dubai_marina", "gius": 0.652, "walkability_norm": 0.582, "services_norm": 0.419, "transit_norm": 0.955, "cluster": 1 }, "geometry": { "type": "Polygon", "coordinates": [ [ [ 55.145842619117282, 25.08145378760592 ], [ 55.145808614399463, 25.083710348105065 ], [ 55.148286457115418, 25.083741297275502 ], [ 55.148320416454482, 25.081484733614367 ], [ 55.145842619117282, 25.08145378760592 ] ] ] } },
{ "type": "Feature", "properties": { "cell_id": 920, "district": "dubai_marina", "gius": 0.717, "walkability_norm": 0.541, "services_norm": 0.613, "transit_norm": 0.997, "cluster": 3 }, "geometry": { "type": "Polygon", "coordinates": [ [ [ 55.145808614399463, 25.083710348105065 ], [ 55.145774605573386, 25.085966907874919 ], [ 55.148252493673574, 25.085997860207456 ], [ 55.148286457115418, 25.083741297275502 ], [ 55.145808614399463, 25.083710348105065 ] ] ] } },
{ "type": "Feature", "properties": { "cell_id": 921, "district": "dubai_marina", "gius": 0.763, "walkability_norm": 0.847, "services_norm": 0.484, "transit_norm": 0.959, "cluster": 1 }, "geometry": { "type": "Polygon", "coordinates": [ [ [ 55.145774605573386, 25.085966907874919 ], [ 55.145740592638731, 25.088223466915423 ], [ 55.14821852612863, 25.08825442241017 ], [ 55.148252493673574, 25.085997860207456 ], [ 55.145774605573386, 25.085966907874919 ] ] ] } },
{ "type": "Feature", "properties": { "cell_id": 922, "district": "dubai_marina", "gius": 0.659, "walkability_norm": 0.612, "services_norm": 0.419, "transit_norm": 0.945, "cluster": 1 }, "geometry": { "type": "Polygon", "coordinates": [ [ [ 55.145740592638731, 25.088223466915423 ], [ 55.145706575595156, 25.090480025226533 ], [ 55.148184554480252, 25.090510983883604 ], [ 55.14821852612863, 25.08825442241017 ], [ 55.145740592638731, 25.088223466915423 ] ] ] } },
{ "type": "Feature", "properties": { "cell_id": 923, "district": "dubai_marina", "gius": 0.54, "walkability_norm": 0.469, "services_norm": 0.194, "transit_norm": 0.956, "cluster": 1 }, "geometry": { "type": "Polygon", "coordinates": [ [ [ 55.145706575595156, 25.090480025226533 ], [ 55.145672554442342, 25.092736582808186 ], [ 55.148150578728107, 25.092767544627687 ], [ 55.148184554480252, 25.090510983883604 ], [ 55.145706575595156, 25.090480025226533 ] ] ] } },
{ "type": "Feature", "properties": { "cell_id": 924, "district": "dubai_marina", "gius": 0.15, "walkability_norm": 0.01, "services_norm": 0.0, "transit_norm": 0.441, "cluster": 2 }, "geometry": { "type": "Polygon", "coordinates": [ [ [ 55.148591943506581, 25.063432198080719 ], [ 55.148558016977866, 25.065688767573501 ], [ 55.15103550091731, 25.065719650148171 ], [ 55.151069382110748, 25.063463077498515 ], [ 55.148591943506581, 25.063432198080719 ] ] ] } },
{ "type": "Feature", "properties": { "cell_id": 925, "district": "dubai_marina", "gius": 0.239, "walkability_norm": 0.224, "services_norm": 0.0, "transit_norm": 0.493, "cluster": 0 }, "geometry": { "type": "Polygon", "coordinates": [ [ [ 55.148558016977866, 25.065688767573501 ], [ 55.14852408634902, 25.067945336337509 ], [ 55.151001615629198, 25.067976222069152 ], [ 55.15103550091731, 25.065719650148171 ], [ 55.148558016977866, 25.065688767573501 ] ] ] } },
{ "type": "Feature", "properties": { "cell_id": 926, "district": "dubai_marina", "gius": 0.206, "walkability_norm": 0.082, "services_norm": 0.0, "transit_norm": 0.536, "cluster": 0 }, "geometry": { "type": "Polygon", "coordinates": [ [ [ 55.14852408634902, 25.067945336337509 ], [ 55.148490151619697, 25.070201904372691 ], [ 55.150967726246094, 25.070232793261429 ], [ 55.151001615629198, 25.067976222069152 ], [ 55.14852408634902, 25.067945336337509 ] ] ] } },
{ "type": "Feature", "properties": { "cell_id": 927, "district": "dubai_marina", "gius": 0.206, "walkability_norm": 0.0, "services_norm": 0.0, "transit_norm": 0.619, "cluster": 0 }, "geometry": { "type": "Polygon", "coordinates": [ [ [ 55.148490151619697, 25.070201904372691 ], [ 55.148456212789576, 25.072458471678988 ], [ 55.150933832767663, 25.07248936372493 ], [ 55.150967726246094, 25.070232793261429 ], [ 55.148490151619697, 25.070201904372691 ] ] ] } },
{ "type": "Feature", "properties": { "cell_id": 928, "district": "dubai_marina", "gius": 0.254, "walkability_norm": 0.0, "services_norm": 0.032, "transit_norm": 0.728, "cluster": 0 }, "geometry": { "type": "Polygon", "coordinates": [ [ [ 55.148456212789576, 25.072458471678988 ], [ 55.148422269858315, 25.074715038256354 ], [ 55.150899935193586, 25.07474593345961 ], [ 55.150933832767663, 25.07248936372493 ], [ 55.148456212789576, 25.072458471678988 ] ] ] } },
{ "type": "Feature", "properties": { "cell_id": 929, "district": "dubai_marina", "gius": 0.427, "walkability_norm": 0.092, "services_norm": 0.355, "transit_norm": 0.836, "cluster": 0 }, "geometry": { "type": "Polygon", "coordinates": [ [ [ 55.148422269858315, 25.074715038256354 ], [ 55.148388322825603, 25.076971604104745 ], [ 55.150866033523521, 25.077002502465419 ], [ 55.150899935193586, 25.07474593345961 ], [ 55.148422269858315, 25.074715038256354 ] ] ] } },
{ "type": "Feature", "properties": { "cell_id": 930, "district": "dubai_marina", "gius": 0.494, "walkability_norm": 0.255, "services_norm": 0.29, "transit_norm": 0.936, "cluster": 0 }, "geometry": { "type": "Polygon", "coordinates": [ [ [ 55.148388322825603, 25.076971604104745 ], [ 55.148354371691099, 25.079228169224091 ], [ 55.150832127757141, 25.079259070742317 ], [ 55.150866033523521, 25.077002502465419 ], [ 55.148388322825603, 25.076971604104745 ] ] ] } },
{ "type": "Feature", "properties": { "cell_id": 931, "district": "dubai_marina", "gius": 0.661, "walkability_norm": 0.633, "services_norm": 0.387, "transit_norm": 0.963, "cluster": 1 }, "geometry": { "type": "Polygon", "coordinates": [ [ [ 55.148354371691099, 25.079228169224091 ], [ 55.148320416454482, 25.081484733614367 ], [ 55.150798217894135, 25.081515638290242 ], [ 55.150832127757141, 25.079259070742317 ], [ 55.148354371691099, 25.079228169224091 ] ] ] } },
{ "type": "Feature", "properties": { "cell_id": 932, "district": "dubai_marina", "gius": 0.474, "walkability_norm": 0.204, "services_norm": 0.323, "transit_norm": 0.896, "cluster": 0 }, "geometry": { "type": "Polygon", "coordinates": [ [ [ 55.148320416454482, 25.081484733614367 ], [ 55.148286457115418, 25.083741297275502 ], [ 55.150764303934146, 25.083772205109145 ], [ 55.150798217894135, 25.081515638290242 ], [ 55.148320416454482, 25.081484733614367 ] ] ] } },
{ "type": "Feature", "properties": { "cell_id": 933, "district": "dubai_marina", "gius": 0.513, "walkability_norm": 0.173, "services_norm": 0.419, "transit_norm": 0.947, "cluster": 0 }, "geometry": { "type": "Polygon", "coordinates": [ [ [ 55.148286457115418, 25.083741297275502 ], [ 55.148252493673574, 25.085997860207456 ], [ 55.150730385876869, 25.086028771198976 ], [ 55.150764303934146, 25.083772205109145 ], [ 55.148286457115418, 25.083741297275502 ] ] ] } },
{ "type": "Feature", "properties": { "cell_id": 934, "district": "dubai_marina", "gius": 0.657, "walkability_norm": 0.52, "services_norm": 0.452, "transit_norm": 1.0, "cluster": 1 }, "geometry": { "type": "Polygon", "coordinates": [ [ [ 55.148252493673574, 25.085997860207456 ], [ 55.14821852612863, 25.08825442241017 ], [ 55.150696463721964, 25.088285336559679 ], [ 55.150730385876869, 25.086028771198976 ], [ 55.148252493673574, 25.085997860207456 ] ] ] } },
{ "type": "Feature", "properties": { "cell_id": 935, "district": "dubai_marina", "gius": 0.581, "walkability_norm": 0.408, "services_norm": 0.387, "transit_norm": 0.946, "cluster": 1 }, "geometry": { "type": "Polygon", "coordinates": [ [ [ 55.14821852612863, 25.08825442241017 ], [ 55.148184554480252, 25.090510983883604 ], [ 55.15066253746911, 25.090541901191216 ], [ 55.150696463721964, 25.088285336559679 ], [ 55.14821852612863, 25.08825442241017 ] ] ] } },
{ "type": "Feature", "properties": { "cell_id": 936, "district": "dubai_marina", "gius": 0.514, "walkability_norm": 0.418, "services_norm": 0.129, "transit_norm": 0.995, "cluster": 1 }, "geometry": { "type": "Polygon", "coordinates": [ [ [ 55.148184554480252, 25.090510983883604 ], [ 55.148150578728107, 25.092767544627687 ], [ 55.150628607117959, 25.092798465093519 ], [ 55.15066253746911, 25.090541901191216 ], [ 55.148184554480252, 25.090510983883604 ] ] ] } },
{ "type": "Feature", "properties": { "cell_id": 937, "district": "mirdif", "gius": 0.237, "walkability_norm": 0.01, "services_norm": 0.065, "transit_norm": 0.636, "cluster": 0 }, "geometry": { "type": "Polygon", "coordinates": [ [ [ 55.394674194966051, 25.19495578390573 ], [ 55.394644600578609, 25.197212607167355 ], [ 55.397125061803415, 25.197239514183774 ], [ 55.397154610511841, 25.194982688181913 ], [ 55.394674194966051, 25.19495578390573 ] ] ] } },
{ "type": "Feature", "properties": { "cell_id": 938, "district": "mirdif", "gius": 0.226, "walkability_norm": 0.0, "services_norm": 0.065, "transit_norm": 0.614, "cluster": 0 }, "geometry": { "type": "Polygon", "coordinates": [ [ [ 55.394644600578609, 25.197212607167355 ], [ 55.394615002622501, 25.199469429707904 ], [ 55.397095509531837, 25.199496339464638 ], [ 55.397125061803415, 25.197239514183774 ], [ 55.394644600578609, 25.197212607167355 ] ] ] } },
{ "type": "Feature", "properties": { "cell_id": 939, "district": "mirdif", "gius": 0.21, "walkability_norm": 0.0, "services_norm": 0.065, "transit_norm": 0.564, "cluster": 0 }, "geometry": { "type": "Polygon", "coordinates": [ [ [ 55.394615002622501, 25.199469429707904 ], [ 55.394585401097444, 25.201726251527315 ], [ 55.397065953696817, 25.201753164024471 ], [ 55.397095509531837, 25.199496339464638 ], [ 55.394615002622501, 25.199469429707904 ] ] ] } },
{ "type": "Feature", "properties": { "cell_id": 940, "district": "mirdif", "gius": 0.165, "walkability_norm": 0.0, "services_norm": 0.0, "transit_norm": 0.496, "cluster": 2 }, "geometry": { "type": "Polygon", "coordinates": [ [ [ 55.394585401097444, 25.201726251527315 ], [ 55.394555796003154, 25.203983072625537 ], [ 55.397036394298055, 25.204009987863216 ], [ 55.397065953696817, 25.201753164024471 ], [ 55.394585401097444, 25.201726251527315 ] ] ] } },
{ "type": "Feature", "properties": { "cell_id": 941, "district": "mirdif", "gius": 0.138, "walkability_norm": 0.0, "services_norm": 0.0, "transit_norm": 0.415, "cluster": 2 }, "geometry": { "type": "Polygon", "coordinates": [ [ [ 55.394555796003154, 25.203983072625537 ], [ 55.394526187339345, 25.206239893002518 ], [ 55.397006831335283, 25.206266810980814 ], [ 55.397036394298055, 25.204009987863216 ], [ 55.394555796003154, 25.203983072625537 ] ] ] } },
{ "type": "Feature", "properties": { "cell_id": 942, "district": "mirdif", "gius": 0.12, "walkability_norm": 0.0, "services_norm": 0.0, "transit_norm": 0.36, "cluster": 2 }, "geometry": { "type": "Polygon", "coordinates": [ [ [ 55.394526187339345, 25.206239893002518 ], [ 55.39449657510572, 25.208496712658221 ], [ 55.396977264808214, 25.208523633377233 ], [ 55.397006831335283, 25.206266810980814 ], [ 55.394526187339345, 25.206239893002518 ] ] ] } },
{ "type": "Feature", "properties": { "cell_id": 943, "district": "mirdif", "gius": 0.13, "walkability_norm": 0.0, "services_norm": 0.0, "transit_norm": 0.391, "cluster": 2 }, "geometry": { "type": "Polygon", "coordinates": [ [ [ 55.39449657510572, 25.208496712658221 ], [ 55.394466959302001, 25.210753531592577 ], [ 55.396947694716545, 25.210780455052408 ], [ 55.396977264808214, 25.208523633377233 ], [ 55.39449657510572, 25.208496712658221 ] ] ] } },
{ "type": "Feature", "properties": { "cell_id": 944, "district": "mirdif", "gius": 0.136, "walkability_norm": 0.0, "services_norm": 0.0, "transit_norm": 0.409, "cluster": 2 }, "geometry": { "type": "Polygon", "coordinates": [ [ [ 55.394466959302001, 25.210753531592577 ], [ 55.394437339927883, 25.213010349805554 ], [ 55.396918121060004, 25.213037276006293 ], [ 55.396947694716545, 25.210780455052408 ], [ 55.394466959302001, 25.210753531592577 ] ] ] } },
{ "type": "Feature", "properties": { "cell_id": 945, "district": "mirdif", "gius": 0.149, "walkability_norm": 0.0, "services_norm": 0.032, "transit_norm": 0.416, "cluster": 2 }, "geometry": { "type": "Polygon", "coordinates": [ [ [ 55.394437339927883, 25.213010349805554 ], [ 55.394407716983103, 25.215267167297103 ], [ 55.396888543838294, 25.215294096238853 ], [ 55.396918121060004, 25.213037276006293 ], [ 55.394437339927883, 25.213010349805554 ] ] ] } },
{ "type": "Feature", "properties": { "cell_id": 946, "district": "mirdif", "gius": 0.156, "walkability_norm": 0.0, "services_norm": 0.065, "transit_norm": 0.403, "cluster": 2 }, "geometry": { "type": "Polygon", "coordinates": [ [ [ 55.394407716983103, 25.215267167297103 ], [ 55.394378090467349, 25.217523984067167 ], [ 55.396858963051123, 25.217550915750024 ], [ 55.396888543838294, 25.215294096238853 ], [ 55.394407716983103, 25.215267167297103 ] ] ] } },
{ "type": "Feature", "properties": { "cell_id": 947, "district": "mirdif", "gius": 0.156, "walkability_norm": 0.0, "services_norm": 0.097, "transit_norm": 0.372, "cluster": 2 }, "geometry": { "type": "Polygon", "coordinates": [ [ [ 55.394378090467349, 25.217523984067167 ], [ 55.39434846038035, 25.219780800115696 ], [ 55.396829378698222, 25.21980773453976 ], [ 55.396858963051123, 25.217550915750024 ], [ 55.394378090467349, 25.217523984067167 ] ] ] } },
{ "type": "Feature", "properties": { "cell_id": 948, "district": "mirdif", "gius": 0.131, "walkability_norm": 0.0, "services_norm": 0.065, "transit_norm": 0.329, "cluster": 2 }, "geometry": { "type": "Polygon", "coordinates": [ [ [ 55.39434846038035, 25.219780800115696 ], [ 55.394318826721808, 25.222037615442641 ], [ 55.396799790779291, 25.222064552608014 ], [ 55.396829378698222, 25.21980773453976 ], [ 55.39434846038035, 25.219780800115696 ] ] ] } },
{ "type": "Feature", "properties": { "cell_id": 949, "district": "mirdif", "gius": 0.101, "walkability_norm": 0.0, "services_norm": 0.032, "transit_norm": 0.272, "cluster": 2 }, "geometry": { "type": "Polygon", "coordinates": [ [ [ 55.394318826721808, 25.222037615442641 ], [ 55.394289189491445, 25.224294430047962 ], [ 55.396770199294039, 25.224321369954737 ], [ 55.396799790779291, 25.222064552608014 ], [ 55.394318826721808, 25.222037615442641 ] ] ] } },
{ "type": "Feature", "properties": { "cell_id": 951, "district": "mirdif", "gius": 0.064, "walkability_norm": 0.0, "services_norm": 0.065, "transit_norm": 0.127, "cluster": 2 }, "geometry": { "type": "Polygon", "coordinates": [ [ [ 55.394259548688972, 25.226551243931606 ], [ 55.394229904314081, 25.22880805709352 ], [ 55.396711005623438, 25.228835002483393 ], [ 55.396740604242183, 25.226578186579882 ], [ 55.394259548688972, 25.226551243931606 ] ] ] } },
{ "type": "Feature", "properties": { "cell_id": 952, "district": "mirdif", "gius": 0.036, "walkability_norm": 0.0, "services_norm": 0.065, "transit_norm": 0.043, "cluster": 2 }, "geometry": { "type": "Polygon", "coordinates": [ [ [ 55.394229904314081, 25.22880805709352 ], [ 55.394200256366503, 25.231064869533654 ], [ 55.396681403437512, 25.231091817665231 ], [ 55.396711005623438, 25.228835002483393 ], [ 55.394229904314081, 25.22880805709352 ] ] ] } },
{ "type": "Feature", "properties": { "cell_id": 953, "district": "mirdif", "gius": 0.011, "walkability_norm": 0.0, "services_norm": 0.032, "transit_norm": 0.0, "cluster": 2 }, "geometry": { "type": "Polygon", "coordinates": [ [ [ 55.394200256366503, 25.231064869533654 ], [ 55.394170604845954, 25.233321681251969 ], [ 55.396651797684108, 25.233348632125345 ], [ 55.396681403437512, 25.231091817665231 ], [ 55.394200256366503, 25.231064869533654 ] ] ] } },
{ "type": "Feature", "properties": { "cell_id": 954, "district": "mirdif", "gius": 0.0, "walkability_norm": 0.0, "services_norm": 0.0, "transit_norm": 0.0, "cluster": 2 }, "geometry": { "type": "Polygon", "coordinates": [ [ [ 55.394170604845954, 25.233321681251969 ], [ 55.394140949752128, 25.235578492248401 ], [ 55.396622188362961, 25.235605445863669 ], [ 55.396651797684108, 25.233348632125345 ], [ 55.394170604845954, 25.233321681251969 ] ] ] } },
{ "type": "Feature", "properties": { "cell_id": 955, "district": "mirdif", "gius": 0.0, "walkability_norm": 0.0, "services_norm": 0.0, "transit_norm": 0.0, "cluster": 2 }, "geometry": { "type": "Polygon", "coordinates": [ [ [ 55.394140949752128, 25.235578492248401 ], [ 55.394111291084741, 25.237835302522907 ], [ 55.396592575473768, 25.237862258880174 ], [ 55.396622188362961, 25.235605445863669 ], [ 55.394140949752128, 25.235578492248401 ] ] ] } },
{ "type": "Feature", "properties": { "cell_id": 956, "district": "mirdif", "gius": 0.0, "walkability_norm": 0.0, "services_norm": 0.0, "transit_norm": 0.0, "cluster": 2 }, "geometry": { "type": "Polygon", "coordinates": [ [ [ 55.394111291084741, 25.237835302522907 ], [ 55.394081628843523, 25.240092112075452 ], [ 55.396562959016244, 25.240119071174806 ], [ 55.396592575473768, 25.237862258880174 ], [ 55.394111291084741, 25.237835302522907 ] ] ] } },
{ "type": "Feature", "properties": { "cell_id": 957, "district": "mirdif", "gius": 0.256, "walkability_norm": 0.0, "services_norm": 0.032, "transit_norm": 0.737, "cluster": 0 }, "geometry": { "type": "Polygon", "coordinates": [ [ [ 55.397184155657399, 25.192725861459106 ], [ 55.397154610511841, 25.194982688181913 ], [ 55.399635029620505, 25.195009550893079 ], [ 55.399664529092263, 25.192752721434374 ], [ 55.397184155657399, 25.192725861459106 ] ] ] } },
{ "type": "Feature", "properties": { "cell_id": 958, "district": "mirdif", "gius": 0.333, "walkability_norm": 0.153, "services_norm": 0.097, "transit_norm": 0.748, "cluster": 0 }, "geometry": { "type": "Polygon", "coordinates": [ [ [ 55.397154610511841, 25.194982688181913 ], [ 55.397125061803415, 25.197239514183774 ], [ 55.399605526591387, 25.197266379630928 ], [ 55.399635029620505, 25.195009550893079 ], [ 55.397154610511841, 25.194982688181913 ] ] ] } },
{ "type": "Feature", "properties": { "cell_id": 959, "district": "mirdif", "gius": 0.315, "walkability_norm": 0.163, "services_norm": 0.065, "transit_norm": 0.717, "cluster": 0 }, "geometry": { "type": "Polygon", "coordinates": [ [ [ 55.397125061803415, 25.197239514183774 ], [ 55.397095509531837, 25.199496339464638 ], [ 55.399576020004609, 25.199523207647893 ], [ 55.399605526591387, 25.197266379630928 ], [ 55.397125061803415, 25.197239514183774 ] ] ] } },
{ "type": "Feature", "properties": { "cell_id": 960, "district": "mirdif", "gius": 0.28, "walkability_norm": 0.153, "services_norm": 0.032, "transit_norm": 0.654, "cluster": 0 }, "geometry": { "type": "Polygon", "coordinates": [ [ [ 55.397095509531837, 25.199496339464638 ], [ 55.397065953696817, 25.201753164024471 ], [ 55.39954650985991, 25.201780034943919 ], [ 55.399576020004609, 25.199523207647893 ], [ 55.397095509531837, 25.199496339464638 ] ] ] } },
{ "type": "Feature", "properties": { "cell_id": 961, "district": "mirdif", "gius": 0.201, "walkability_norm": 0.031, "services_norm": 0.0, "transit_norm": 0.572, "cluster": 0 }, "geometry": { "type": "Polygon", "coordinates": [ [ [ 55.397065953696817, 25.201753164024471 ], [ 55.397036394298055, 25.204009987863216 ], [ 55.399516996156976, 25.204036861518937 ], [ 55.39954650985991, 25.201780034943919 ], [ 55.397065953696817, 25.201753164024471 ] ] ] } },
{ "type": "Feature", "properties": { "cell_id": 962, "district": "mirdif", "gius": 0.16, "walkability_norm": 0.0, "services_norm": 0.0, "transit_norm": 0.479, "cluster": 2 }, "geometry": { "type": "Polygon", "coordinates": [ [ [ 55.397036394298055, 25.204009987863216 ], [ 55.397006831335283, 25.206266810980814 ], [ 55.399487478895537, 25.206293687372927 ], [ 55.399516996156976, 25.204036861518937 ], [ 55.397036394298055, 25.204009987863216 ] ] ] } },
{ "type": "Feature", "properties": { "cell_id": 963, "district": "mirdif", "gius": 0.154, "walkability_norm": 0.0, "services_norm": 0.0, "transit_norm": 0.463, "cluster": 2 }, "geometry": { "type": "Polygon", "coordinates": [ [ [ 55.397006831335283, 25.206266810980814 ], [ 55.396977264808214, 25.208523633377233 ], [ 55.399457958075295, 25.20855051250582 ], [ 55.399487478895537, 25.206293687372927 ], [ 55.397006831335283, 25.206266810980814 ] ] ] } },
{ "type": "Feature", "properties": { "cell_id": 964, "district": "mirdif", "gius": 0.167, "walkability_norm": 0.0, "services_norm": 0.0, "transit_norm": 0.5, "cluster": 2 }, "geometry": { "type": "Polygon", "coordinates": [ [ [ 55.396977264808214, 25.208523633377233 ], [ 55.396947694716545, 25.210780455052408 ], [ 55.399428433695981, 25.210807336917579 ], [ 55.399457958075295, 25.20855051250582 ], [ 55.396977264808214, 25.208523633377233 ] ] ] } },
{ "type": "Feature", "properties": { "cell_id": 965, "district": "mirdif", "gius": 0.173, "walkability_norm": 0.0, "services_norm": 0.0, "transit_norm": 0.52, "cluster": 0 }, "geometry": { "type": "Polygon", "coordinates": [ [ [ 55.396947694716545, 25.210780455052408 ], [ 55.396918121060004, 25.213037276006293 ], [ 55.399398905757288, 25.213064160608148 ], [ 55.399428433695981, 25.210807336917579 ], [ 55.396947694716545, 25.210780455052408 ] ] ] } },
{ "type": "Feature", "properties": { "cell_id": 966, "district": "mirdif", "gius": 0.187, "walkability_norm": 0.0, "services_norm": 0.032, "transit_norm": 0.528, "cluster": 0 }, "geometry": { "type": "Polygon", "coordinates": [ [ [ 55.396918121060004, 25.213037276006293 ], [ 55.396888543838294, 25.215294096238853 ], [ 55.399369374258939, 25.215320983577481 ], [ 55.399398905757288, 25.213064160608148 ], [ 55.396918121060004, 25.213037276006293 ] ] ] } },
{ "type": "Feature", "properties": { "cell_id": 967, "district": "mirdif", "gius": 0.192, "walkability_norm": 0.0, "services_norm": 0.065, "transit_norm": 0.512, "cluster": 0 }, "geometry": { "type": "Polygon", "coordinates": [ [ [ 55.396888543838294, 25.215294096238853 ], [ 55.396858963051123, 25.217550915750024 ], [ 55.39933983920065, 25.217577805825528 ], [ 55.399369374258939, 25.215320983577481 ], [ 55.396888543838294, 25.215294096238853 ] ] ] } },
{ "type": "Feature", "properties": { "cell_id": 968, "district": "mirdif", "gius": 0.18, "walkability_norm": 0.0, "services_norm": 0.065, "transit_norm": 0.477, "cluster": 2 }, "geometry": { "type": "Polygon", "coordinates": [ [ [ 55.396858963051123, 25.217550915750024 ], [ 55.396829378698222, 25.21980773453976 ], [ 55.39931030058213, 25.219834627352235 ], [ 55.39933983920065, 25.217577805825528 ], [ 55.396858963051123, 25.217550915750024 ] ] ] } },
{ "type": "Feature", "properties": { "cell_id": 969, "district": "mirdif", "gius": 0.164, "walkability_norm": 0.0, "services_norm": 0.065, "transit_norm": 0.427, "cluster": 2 }, "geometry": { "type": "Polygon", "coordinates": [ [ [ 55.396829378698222, 25.21980773453976 ], [ 55.396799790779291, 25.222064552608014 ], [ 55.399280758403087, 25.222091448157563 ], [ 55.39931030058213, 25.219834627352235 ], [ 55.396829378698222, 25.21980773453976 ] ] ] } },
{ "type": "Feature", "properties": { "cell_id": 970, "district": "mirdif", "gius": 0.131, "walkability_norm": 0.0, "services_norm": 0.032, "transit_norm": 0.361, "cluster": 2 }, "geometry": { "type": "Polygon", "coordinates": [ [ [ 55.396799790779291, 25.222064552608014 ], [ 55.396770199294039, 25.224321369954737 ], [ 55.399251212663231, 25.224348268241457 ], [ 55.399280758403087, 25.222091448157563 ], [ 55.396799790779291, 25.222064552608014 ] ] ] } },
{ "type": "Feature", "properties": { "cell_id": 971, "district": "mirdif", "gius": 0.138, "walkability_norm": 0.0, "services_norm": 0.129, "transit_norm": 0.285, "cluster": 2 }, "geometry": { "type": "Polygon", "coordinates": [ [ [ 55.396770199294039, 25.224321369954737 ], [ 55.396740604242183, 25.226578186579882 ], [ 55.39922166336229, 25.226605087603872 ], [ 55.399251212663231, 25.224348268241457 ], [ 55.396770199294039, 25.224321369954737 ] ] ] } },
{ "type": "Feature", "properties": { "cell_id": 11, "district": "deira", "gius": 0.31, "walkability_norm": 0.153, "services_norm": 0.0, "transit_norm": 0.776, "cluster": 0 }, "geometry": { "type": "Polygon", "coordinates": [ [ [ 55.279626503637218, 25.261373722711479 ], [ 55.279594693542826, 25.263630393553534 ], [ 55.282076357432729, 25.263659300592575 ], [ 55.282108121696488, 25.261402626812487 ], [ 55.279626503637218, 25.261373722711479 ] ] ] } },
{ "type": "Feature", "properties": { "cell_id": 972, "district": "mirdif", "gius": 0.088, "walkability_norm": 0.0, "services_norm": 0.065, "transit_norm": 0.2, "cluster": 2 }, "geometry": { "type": "Polygon", "coordinates": [ [ [ 55.396740604242183, 25.226578186579882 ], [ 55.396711005623438, 25.228835002483393 ], [ 55.399192110499968, 25.228861906244749 ], [ 55.39922166336229, 25.226605087603872 ], [ 55.396740604242183, 25.226578186579882 ] ] ] } },
{ "type": "Feature", "properties": { "cell_id": 973, "district": "mirdif", "gius": 0.058, "walkability_norm": 0.0, "services_norm": 0.065, "transit_norm": 0.11, "cluster": 2 }, "geometry": { "type": "Polygon", "coordinates": [ [ [ 55.396711005623438, 25.228835002483393 ], [ 55.396681403437512, 25.231091817665231 ], [ 55.399162554075978, 25.231118724164052 ], [ 55.399192110499968, 25.228861906244749 ], [ 55.396711005623438, 25.228835002483393 ] ] ] } },
{ "type": "Feature", "properties": { "cell_id": 974, "district": "mirdif", "gius": 0.016, "walkability_norm": 0.0, "services_norm": 0.032, "transit_norm": 0.015, "cluster": 2 }, "geometry": { "type": "Polygon", "coordinates": [ [ [ 55.396681403437512, 25.231091817665231 ], [ 55.396651797684108, 25.233348632125345 ], [ 55.399132994090031, 25.233375541361724 ], [ 55.399162554075978, 25.231118724164052 ], [ 55.396681403437512, 25.231091817665231 ] ] ] } },
{ "type": "Feature", "properties": { "cell_id": 975, "district": "mirdif", "gius": 0.0, "walkability_norm": 0.0, "services_norm": 0.0, "transit_norm": 0.0, "cluster": 2 }, "geometry": { "type": "Polygon", "coordinates": [ [ [ 55.396651797684108, 25.233348632125345 ], [ 55.396622188362961, 25.235605445863669 ], [ 55.399103430541842, 25.235632357837709 ], [ 55.399132994090031, 25.233375541361724 ], [ 55.396651797684108, 25.233348632125345 ] ] ] } },
{ "type": "Feature", "properties": { "cell_id": 976, "district": "mirdif", "gius": 0.0, "walkability_norm": 0.0, "services_norm": 0.0, "transit_norm": 0.0, "cluster": 2 }, "geometry": { "type": "Polygon", "coordinates": [ [ [ 55.396622188362961, 25.235605445863669 ], [ 55.396592575473768, 25.237862258880174 ], [ 55.39907386343112, 25.23788917359197 ], [ 55.399103430541842, 25.235632357837709 ], [ 55.396622188362961, 25.235605445863669 ] ] ] } },
{ "type": "Feature", "properties": { "cell_id": 977, "district": "mirdif", "gius": 0.0, "walkability_norm": 0.0, "services_norm": 0.0, "transit_norm": 0.0, "cluster": 2 }, "geometry": { "type": "Polygon", "coordinates": [ [ [ 55.396592575473768, 25.237862258880174 ], [ 55.396562959016244, 25.240119071174806 ], [ 55.399044292757587, 25.240145988624462 ], [ 55.39907386343112, 25.23788917359197 ], [ 55.396592575473768, 25.237862258880174 ] ] ] } },
{ "type": "Feature", "properties": { "cell_id": 978, "district": "mirdif", "gius": 0.316, "walkability_norm": 0.01, "services_norm": 0.097, "transit_norm": 0.841, "cluster": 0 }, "geometry": { "type": "Polygon", "coordinates": [ [ [ 55.399664529092263, 25.192752721434374 ], [ 55.399635029620505, 25.195009550893079 ], [ 55.40211545228653, 25.195036372038984 ], [ 55.402144906084203, 25.192779539848623 ], [ 55.399664529092263, 25.192752721434374 ] ] ] } },
{ "type": "Feature", "properties": { "cell_id": 979, "district": "mirdif", "gius": 0.438, "walkability_norm": 0.327, "services_norm": 0.129, "transit_norm": 0.859, "cluster": 0 }, "geometry": { "type": "Polygon", "coordinates": [ [ [ 55.399635029620505, 25.195009550893079 ], [ 55.399605526591387, 25.197266379630928 ], [ 55.402085994937003, 25.197293203508597 ], [ 55.40211545228653, 25.195036372038984 ], [ 55.399635029620505, 25.195009550893079 ] ] ] } },
{ "type": "Feature", "properties": { "cell_id": 980, "district": "mirdif", "gius": 0.361, "walkability_norm": 0.143, "services_norm": 0.129, "transit_norm": 0.812, "cluster": 0 }, "geometry": { "type": "Polygon", "coordinates": [ [ [ 55.399605526591387, 25.197266379630928 ], [ 55.399576020004609, 25.199523207647893 ], [ 55.402056534035331, 25.19955003425742 ], [ 55.402085994937003, 25.197293203508597 ], [ 55.399605526591387, 25.197266379630928 ] ] ] } },
{ "type": "Feature", "properties": { "cell_id": 981, "district": "mirdif", "gius": 0.308, "walkability_norm": 0.163, "services_norm": 0.032, "transit_norm": 0.728, "cluster": 0 }, "geometry": { "type": "Polygon", "coordinates": [ [ [ 55.399576020004609, 25.199523207647893 ], [ 55.39954650985991, 25.201780034943919 ], [ 55.402027069581223, 25.201806864285395 ], [ 55.402056534035331, 25.19955003425742 ], [ 55.399576020004609, 25.199523207647893 ] ] ] } },
{ "type": "Feature", "properties": { "cell_id": 982, "district": "mirdif", "gius": 0.309, "walkability_norm": 0.296, "services_norm": 0.0, "transit_norm": 0.631, "cluster": 0 }, "geometry": { "type": "Polygon", "coordinates": [ [ [ 55.39954650985991, 25.201780034943919 ], [ 55.399516996156976, 25.204036861518937 ], [ 55.401997601574401, 25.204063693592477 ], [ 55.402027069581223, 25.201806864285395 ], [ 55.39954650985991, 25.201780034943919 ] ] ] } },
{ "type": "Feature", "properties": { "cell_id": 983, "district": "mirdif", "gius": 0.215, "walkability_norm": 0.082, "services_norm": 0.0, "transit_norm": 0.563, "cluster": 0 }, "geometry": { "type": "Polygon", "coordinates": [ [ [ 55.399516996156976, 25.204036861518937 ], [ 55.399487478895537, 25.206293687372927 ], [ 55.401968130014588, 25.206320522178618 ], [ 55.401997601574401, 25.204063693592477 ], [ 55.399516996156976, 25.204036861518937 ] ] ] } },
{ "type": "Feature", "properties": { "cell_id": 984, "district": "mirdif", "gius": 0.201, "walkability_norm": 0.041, "services_norm": 0.0, "transit_norm": 0.562, "cluster": 0 }, "geometry": { "type": "Polygon", "coordinates": [ [ [ 55.399487478895537, 25.206293687372927 ], [ 55.399457958075295, 25.20855051250582 ], [ 55.401938654901471, 25.208577350043765 ], [ 55.401968130014588, 25.206320522178618 ], [ 55.399487478895537, 25.206293687372927 ] ] ] } },
{ "type": "Feature", "properties": { "cell_id": 985, "district": "mirdif", "gius": 0.203, "walkability_norm": 0.0, "services_norm": 0.0, "transit_norm": 0.608, "cluster": 0 }, "geometry": { "type": "Polygon", "coordinates": [ [ [ 55.399457958075295, 25.20855051250582 ], [ 55.399428433695981, 25.210807336917579 ], [ 55.401909176234781, 25.210834177187866 ], [ 55.401938654901471, 25.208577350043765 ], [ 55.399457958075295, 25.20855051250582 ] ] ] } },
{ "type": "Feature", "properties": { "cell_id": 986, "district": "mirdif", "gius": 0.21, "walkability_norm": 0.0, "services_norm": 0.0, "transit_norm": 0.63, "cluster": 0 }, "geometry": { "type": "Polygon", "coordinates": [ [ [ 55.399428433695981, 25.210807336917579 ], [ 55.399398905757288, 25.213064160608148 ], [ 55.401879694014234, 25.213091003610881 ], [ 55.401909176234781, 25.210834177187866 ], [ 55.399428433695981, 25.210807336917579 ] ] ] } },
{ "type": "Feature", "properties": { "cell_id": 987, "district": "mirdif", "gius": 0.213, "walkability_norm": 0.0, "services_norm": 0.0, "transit_norm": 0.64, "cluster": 0 }, "geometry": { "type": "Polygon", "coordinates": [ [ [ 55.399398905757288, 25.213064160608148 ], [ 55.399369374258939, 25.215320983577481 ], [ 55.401850208239537, 25.215347829312758 ], [ 55.401879694014234, 25.213091003610881 ], [ 55.399398905757288, 25.213064160608148 ] ] ] } },
{ "type": "Feature", "properties": { "cell_id": 988, "district": "mirdif", "gius": 0.228, "walkability_norm": 0.0, "services_norm": 0.065, "transit_norm": 0.62, "cluster": 0 }, "geometry": { "type": "Polygon", "coordinates": [ [ [ 55.399369374258939, 25.215320983577481 ], [ 55.39933983920065, 25.217577805825528 ], [ 55.4018207189104, 25.217604654293446 ], [ 55.401850208239537, 25.215347829312758 ], [ 55.399369374258939, 25.215320983577481 ] ] ] } },
{ "type": "Feature", "properties": { "cell_id": 989, "district": "mirdif", "gius": 0.215, "walkability_norm": 0.0, "services_norm": 0.065, "transit_norm": 0.579, "cluster": 0 }, "geometry": { "type": "Polygon", "coordinates": [ [ [ 55.39933983920065, 25.217577805825528 ], [ 55.39931030058213, 25.219834627352235 ], [ 55.401791226026546, 25.219861478552897 ], [ 55.4018207189104, 25.217604654293446 ], [ 55.39933983920065, 25.217577805825528 ] ] ] } },
{ "type": "Feature", "properties": { "cell_id": 990, "district": "mirdif", "gius": 0.184, "walkability_norm": 0.0, "services_norm": 0.032, "transit_norm": 0.519, "cluster": 0 }, "geometry": { "type": "Polygon", "coordinates": [ [ [ 55.39931030058213, 25.219834627352235 ], [ 55.399280758403087, 25.222091448157563 ], [ 55.401761729587676, 25.222118302091062 ], [ 55.401791226026546, 25.219861478552897 ], [ 55.39931030058213, 25.219834627352235 ] ] ] } },
{ "type": "Feature", "properties": { "cell_id": 991, "district": "mirdif", "gius": 0.158, "walkability_norm": 0.0, "services_norm": 0.032, "transit_norm": 0.443, "cluster": 2 }, "geometry": { "type": "Polygon", "coordinates": [ [ [ 55.399280758403087, 25.222091448157563 ], [ 55.399251212663231, 25.224348268241457 ], [ 55.40173222959352, 25.224375124907883 ], [ 55.401761729587676, 25.222118302091062 ], [ 55.399280758403087, 25.222091448157563 ] ] ] } },
{ "type": "Feature", "properties": { "cell_id": 992, "district": "mirdif", "gius": 0.141, "walkability_norm": 0.0, "services_norm": 0.065, "transit_norm": 0.357, "cluster": 2 }, "geometry": { "type": "Polygon", "coordinates": [ [ [ 55.399251212663231, 25.224348268241457 ], [ 55.39922166336229, 25.226605087603872 ], [ 55.40170272604378, 25.226631947003334 ], [ 55.40173222959352, 25.224375124907883 ], [ 55.399251212663231, 25.224348268241457 ] ] ] } },
{ "type": "Feature", "properties": { "cell_id": 993, "district": "mirdif", "gius": 0.11, "walkability_norm": 0.0, "services_norm": 0.065, "transit_norm": 0.265, "cluster": 2 }, "geometry": { "type": "Polygon", "coordinates": [ [ [ 55.39922166336229, 25.226605087603872 ], [ 55.399192110499968, 25.228861906244749 ], [ 55.401673218938171, 25.228888768377345 ], [ 55.40170272604378, 25.226631947003334 ], [ 55.39922166336229, 25.226605087603872 ] ] ] } },
{ "type": "Feature", "properties": { "cell_id": 994, "district": "mirdif", "gius": 0.056, "walkability_norm": 0.0, "services_norm": 0.0, "transit_norm": 0.167, "cluster": 2 }, "geometry": { "type": "Polygon", "coordinates": [ [ [ 55.399192110499968, 25.228861906244749 ], [ 55.399162554075978, 25.231118724164052 ], [ 55.401643708276403, 25.231145589029872 ], [ 55.401673218938171, 25.228888768377345 ], [ 55.399192110499968, 25.228861906244749 ] ] ] } },
{ "type": "Feature", "properties": { "cell_id": 995, "district": "mirdif", "gius": 0.022, "walkability_norm": 0.0, "services_norm": 0.0, "transit_norm": 0.067, "cluster": 2 }, "geometry": { "type": "Polygon", "coordinates": [ [ [ 55.399162554075978, 25.231118724164052 ], [ 55.399132994090031, 25.233375541361724 ], [ 55.40161419405819, 25.233402408960874 ], [ 55.401643708276403, 25.231145589029872 ], [ 55.399162554075978, 25.231118724164052 ] ] ] } },
{ "type": "Feature", "properties": { "cell_id": 996, "district": "mirdif", "gius": 0.0, "walkability_norm": 0.0, "services_norm": 0.0, "transit_norm": 0.0, "cluster": 2 }, "geometry": { "type": "Polygon", "coordinates": [ [ [ 55.399132994090031, 25.233375541361724 ], [ 55.399103430541842, 25.235632357837709 ], [ 55.40158467628325, 25.235659228170292 ], [ 55.40161419405819, 25.233402408960874 ], [ 55.399132994090031, 25.233375541361724 ] ] ] } },
{ "type": "Feature", "properties": { "cell_id": 997, "district": "mirdif", "gius": 0.0, "walkability_norm": 0.0, "services_norm": 0.0, "transit_norm": 0.0, "cluster": 2 }, "geometry": { "type": "Polygon", "coordinates": [ [ [ 55.399103430541842, 25.235632357837709 ], [ 55.39907386343112, 25.23788917359197 ], [ 55.401555154951289, 25.237916046658079 ], [ 55.40158467628325, 25.235659228170292 ], [ 55.399103430541842, 25.235632357837709 ] ] ] } },
{ "type": "Feature", "properties": { "cell_id": 998, "district": "mirdif", "gius": 0.0, "walkability_norm": 0.0, "services_norm": 0.0, "transit_norm": 0.0, "cluster": 2 }, "geometry": { "type": "Polygon", "coordinates": [ [ [ 55.39907386343112, 25.23788917359197 ], [ 55.399044292757587, 25.240145988624462 ], [ 55.401525630062032, 25.240172864424189 ], [ 55.401555154951289, 25.237916046658079 ], [ 55.39907386343112, 25.23788917359197 ] ] ] } },
{ "type": "Feature", "properties": { "cell_id": 999, "district": "mirdif", "gius": 0.341, "walkability_norm": 0.0, "services_norm": 0.097, "transit_norm": 0.928, "cluster": 0 }, "geometry": { "type": "Polygon", "coordinates": [ [ [ 55.402144906084203, 25.192779539848623 ], [ 55.40211545228653, 25.195036372038984 ], [ 55.404595878504409, 25.195063151619408 ], [ 55.404625286627706, 25.19280631670161 ], [ 55.402144906084203, 25.192779539848623 ] ] ] } },
{ "type": "Feature", "properties": { "cell_id": 1000, "district": "mirdif", "gius": 0.515, "walkability_norm": 0.48, "services_norm": 0.097, "transit_norm": 0.967, "cluster": 1 }, "geometry": { "type": "Polygon", "coordinates": [ [ [ 55.40211545228653, 25.195036372038984 ], [ 55.402085994937003, 25.197293203508597 ], [ 55.404566466834758, 25.197319985816545 ], [ 55.404595878504409, 25.195063151619408 ], [ 55.40211545228653, 25.195036372038984 ] ] ] } },
{ "type": "Feature", "properties": { "cell_id": 1001, "district": "mirdif", "gius": 0.442, "walkability_norm": 0.316, "services_norm": 0.129, "transit_norm": 0.881, "cluster": 0 }, "geometry": { "type": "Polygon", "coordinates": [ [ [ 55.402085994937003, 25.197293203508597 ], [ 55.402056534035331, 25.19955003425742 ], [ 55.404537051618469, 25.199576819292993 ], [ 55.404566466834758, 25.197319985816545 ], [ 55.402085994937003, 25.197293203508597 ] ] ] } },
{ "type": "Feature", "properties": { "cell_id": 1002, "district": "mirdif", "gius": 0.34, "walkability_norm": 0.214, "services_norm": 0.032, "transit_norm": 0.774, "cluster": 0 }, "geometry": { "type": "Polygon", "coordinates": [ [ [ 55.402056534035331, 25.19955003425742 ], [ 55.402027069581223, 25.201806864285395 ], [ 55.404507632855257, 25.201833652048688 ], [ 55.404537051618469, 25.199576819292993 ], [ 55.402056534035331, 25.19955003425742 ] ] ] } },
{ "type": "Feature", "properties": { "cell_id": 1003, "district": "mirdif", "gius": 0.29, "walkability_norm": 0.173, "services_norm": 0.032, "transit_norm": 0.664, "cluster": 0 }, "geometry": { "type": "Polygon", "coordinates": [ [ [ 55.402027069581223, 25.201806864285395 ], [ 55.401997601574401, 25.204063693592477 ], [ 55.404478210544838, 25.204090484083594 ], [ 55.404507632855257, 25.201833652048688 ], [ 55.402027069581223, 25.201806864285395 ] ] ] } },
{ "type": "Feature", "properties": { "cell_id": 1004, "district": "mirdif", "gius": 0.345, "walkability_norm": 0.327, "services_norm": 0.032, "transit_norm": 0.675, "cluster": 0 }, "geometry": { "type": "Polygon", "coordinates": [ [ [ 55.401997601574401, 25.204063693592477 ], [ 55.401968130014588, 25.206320522178618 ], [ 55.40444878468692, 25.206347315397654 ], [ 55.404478210544838, 25.204090484083594 ], [ 55.401997601574401, 25.204063693592477 ] ] ] } },
{ "type": "Feature", "properties": { "cell_id": 1005, "district": "mirdif", "gius": 0.281, "walkability_norm": 0.143, "services_norm": 0.032, "transit_norm": 0.668, "cluster": 0 }, "geometry": { "type": "Polygon", "coordinates": [ [ [ 55.401968130014588, 25.206320522178618 ], [ 55.401938654901471, 25.208577350043765 ], [ 55.404419355281213, 25.208604145990819 ], [ 55.40444878468692, 25.206347315397654 ], [ 55.401968130014588, 25.206320522178618 ] ] ] } },
{ "type": "Feature", "properties": { "cell_id": 1006, "district": "mirdif", "gius": 0.255, "walkability_norm": 0.051, "services_norm": 0.0, "transit_norm": 0.713, "cluster": 0 }, "geometry": { "type": "Polygon", "coordinates": [ [ [ 55.401938654901471, 25.208577350043765 ], [ 55.401909176234781, 25.210834177187866 ], [ 55.404389922327447, 25.210860975863035 ], [ 55.404419355281213, 25.208604145990819 ], [ 55.401938654901471, 25.208577350043765 ] ] ] } },
{ "type": "Feature", "properties": { "cell_id": 1007, "district": "mirdif", "gius": 0.246, "walkability_norm": 0.0, "services_norm": 0.0, "transit_norm": 0.739, "cluster": 0 }, "geometry": { "type": "Polygon", "coordinates": [ [ [ 55.401909176234781, 25.210834177187866 ], [ 55.401879694014234, 25.213091003610881 ], [ 55.404360485825322, 25.21311780501426 ], [ 55.404389922327447, 25.210860975863035 ], [ 55.401909176234781, 25.210834177187866 ] ] ] } },
{ "type": "Feature", "properties": { "cell_id": 1008, "district": "mirdif", "gius": 0.25, "walkability_norm": 0.0, "services_norm": 0.0, "transit_norm": 0.751, "cluster": 0 }, "geometry": { "type": "Polygon", "coordinates": [ [ [ 55.401879694014234, 25.213091003610881 ], [ 55.401850208239537, 25.215347829312758 ], [ 55.404331045774562, 25.215374633444448 ], [ 55.404360485825322, 25.21311780501426 ], [ 55.401879694014234, 25.213091003610881 ] ] ] } },
{ "type": "Feature", "properties": { "cell_id": 1009, "district": "mirdif", "gius": 0.242, "walkability_norm": 0.0, "services_norm": 0.0, "transit_norm": 0.725, "cluster": 0 }, "geometry": { "type": "Polygon", "coordinates": [ [ [ 55.401850208239537, 25.215347829312758 ], [ 55.4018207189104, 25.217604654293446 ], [ 55.404301602174876, 25.217631461153545 ], [ 55.404331045774562, 25.215374633444448 ], [ 55.401850208239537, 25.215347829312758 ] ] ] } },
{ "type": "Feature", "properties": { "cell_id": 1010, "district": "mirdif", "gius": 0.225, "walkability_norm": 0.0, "services_norm": 0.0, "transit_norm": 0.675, "cluster": 0 }, "geometry": { "type": "Polygon", "coordinates": [ [ [ 55.4018207189104, 25.217604654293446 ], [ 55.401791226026546, 25.219861478552897 ], [ 55.404272155025978, 25.219888288141501 ], [ 55.404301602174876, 25.217631461153545 ], [ 55.4018207189104, 25.217604654293446 ] ] ] } },
{ "type": "Feature", "properties": { "cell_id": 1011, "district": "mirdif", "gius": 0.2, "walkability_norm": 0.0, "services_norm": 0.0, "transit_norm": 0.601, "cluster": 0 }, "geometry": { "type": "Polygon", "coordinates": [ [ [ 55.401791226026546, 25.219861478552897 ], [ 55.401761729587676, 25.222118302091062 ], [ 55.404242704327572, 25.222145114408271 ], [ 55.404272155025978, 25.219888288141501 ], [ 55.401791226026546, 25.219861478552897 ] ] ] } },
{ "type": "Feature", "properties": { "cell_id": 1012, "district": "mirdif", "gius": 0.182, "walkability_norm": 0.0, "services_norm": 0.032, "transit_norm": 0.513, "cluster": 0 }, "geometry": { "type": "Polygon", "coordinates": [ [ [ 55.401761729587676, 25.222118302091062 ], [ 55.40173222959352, 25.224375124907883 ], [ 55.404213250079394, 25.224401939953804 ], [ 55.404242704327572, 25.222145114408271 ], [ 55.401761729587676, 25.222118302091062 ] ] ] } },
{ "type": "Feature", "properties": { "cell_id": 1013, "district": "mirdif", "gius": 0.15, "walkability_norm": 0.0, "services_norm": 0.032, "transit_norm": 0.417, "cluster": 2 }, "geometry": { "type": "Polygon", "coordinates": [ [ [ 55.40173222959352, 25.224375124907883 ], [ 55.40170272604378, 25.226631947003334 ], [ 55.404183792281138, 25.22665876477804 ], [ 55.404213250079394, 25.224401939953804 ], [ 55.40173222959352, 25.224375124907883 ] ] ] } },
{ "type": "Feature", "properties": { "cell_id": 1014, "district": "mirdif", "gius": 0.116, "walkability_norm": 0.0, "services_norm": 0.032, "transit_norm": 0.317, "cluster": 2 }, "geometry": { "type": "Polygon", "coordinates": [ [ [ 55.40170272604378, 25.226631947003334 ], [ 55.401673218938171, 25.228888768377345 ], [ 55.404154330932528, 25.228915588880945 ], [ 55.404183792281138, 25.22665876477804 ], [ 55.40170272604378, 25.226631947003334 ] ] ] } },
{ "type": "Feature", "properties": { "cell_id": 1015, "district": "mirdif", "gius": 0.071, "walkability_norm": 0.0, "services_norm": 0.0, "transit_norm": 0.214, "cluster": 2 }, "geometry": { "type": "Polygon", "coordinates": [ [ [ 55.401673218938171, 25.228888768377345 ], [ 55.401643708276403, 25.231145589029872 ], [ 55.404124866033271, 25.231172412262474 ], [ 55.404154330932528, 25.228915588880945 ], [ 55.401673218938171, 25.228888768377345 ] ] ] } },
{ "type": "Feature", "properties": { "cell_id": 1016, "district": "mirdif", "gius": 0.036, "walkability_norm": 0.0, "services_norm": 0.0, "transit_norm": 0.108, "cluster": 2 }, "geometry": { "type": "Polygon", "coordinates": [ [ [ 55.401643708276403, 25.231145589029872 ], [ 55.40161419405819, 25.233402408960874 ], [ 55.404095397583077, 25.233429234922564 ], [ 55.404124866033271, 25.231172412262474 ], [ 55.401643708276403, 25.231145589029872 ] ] ] } },
{ "type": "Feature", "properties": { "cell_id": 1017, "district": "mirdif", "gius": 0.0, "walkability_norm": 0.0, "services_norm": 0.0, "transit_norm": 0.001, "cluster": 2 }, "geometry": { "type": "Polygon", "coordinates": [ [ [ 55.40161419405819, 25.233402408960874 ], [ 55.40158467628325, 25.235659228170292 ], [ 55.404065925581676, 25.235686056861173 ], [ 55.404095397583077, 25.233429234922564 ], [ 55.40161419405819, 25.233402408960874 ] ] ] } },
{ "type": "Feature", "properties": { "cell_id": 1018, "district": "mirdif", "gius": 0.0, "walkability_norm": 0.0, "services_norm": 0.0, "transit_norm": 0.0, "cluster": 2 }, "geometry": { "type": "Polygon", "coordinates": [ [ [ 55.40158467628325, 25.235659228170292 ], [ 55.401555154951289, 25.237916046658079 ], [ 55.404036450028769, 25.23794287807825 ], [ 55.404065925581676, 25.235686056861173 ], [ 55.40158467628325, 25.235659228170292 ] ] ] } },
{ "type": "Feature", "properties": { "cell_id": 1019, "district": "mirdif", "gius": 0.0, "walkability_norm": 0.0, "services_norm": 0.0, "transit_norm": 0.0, "cluster": 2 }, "geometry": { "type": "Polygon", "coordinates": [ [ [ 55.401555154951289, 25.237916046658079 ], [ 55.401525630062032, 25.240172864424189 ], [ 55.404006970924065, 25.240199698573747 ], [ 55.404036450028769, 25.23794287807825 ], [ 55.401555154951289, 25.237916046658079 ] ] ] } },
{ "type": "Feature", "properties": { "cell_id": 1020, "district": "mirdif", "gius": 0.342, "walkability_norm": 0.0, "services_norm": 0.097, "transit_norm": 0.929, "cluster": 0 }, "geometry": { "type": "Polygon", "coordinates": [ [ [ 55.404625286627706, 25.19280631670161 ], [ 55.404595878504409, 25.195063151619408 ], [ 55.407076308268643, 25.195089889634101 ], [ 55.407105670717286, 25.192833051993109 ], [ 55.404625286627706, 25.19280631670161 ] ] ] } },
{ "type": "Feature", "properties": { "cell_id": 1021, "district": "mirdif", "gius": 0.4, "walkability_norm": 0.133, "services_norm": 0.097, "transit_norm": 0.97, "cluster": 0 }, "geometry": { "type": "Polygon", "coordinates": [ [ [ 55.404595878504409, 25.195063151619408 ], [ 55.404566466834758, 25.197319985816545 ], [ 55.407046942279159, 25.197346726554539 ], [ 55.407076308268643, 25.195089889634101 ], [ 55.404595878504409, 25.195063151619408 ] ] ] } },
{ "type": "Feature", "properties": { "cell_id": 1022, "district": "mirdif", "gius": 0.38, "walkability_norm": 0.194, "services_norm": 0.065, "transit_norm": 0.882, "cluster": 0 }, "geometry": { "type": "Polygon", "coordinates": [ [ [ 55.404566466834758, 25.197319985816545 ], [ 55.404537051618469, 25.199576819292993 ], [ 55.407017572748536, 25.199603562754373 ], [ 55.407046942279159, 25.197346726554539 ], [ 55.404566466834758, 25.197319985816545 ] ] ] } },
{ "type": "Feature", "properties": { "cell_id": 1023, "district": "mirdif", "gius": 0.439, "walkability_norm": 0.51, "services_norm": 0.032, "transit_norm": 0.774, "cluster": 1 }, "geometry": { "type": "Polygon", "coordinates": [ [ [ 55.404537051618469, 25.199576819292993 ], [ 55.404507632855257, 25.201833652048688 ], [ 55.406988199676498, 25.201860398233567 ], [ 55.407017572748536, 25.199603562754373 ], [ 55.404537051618469, 25.199576819292993 ] ] ] } },
{ "type": "Feature", "properties": { "cell_id": 1024, "district": "mirdif", "gius": 0.342, "walkability_norm": 0.214, "services_norm": 0.065, "transit_norm": 0.748, "cluster": 0 }, "geometry": { "type": "Polygon", "coordinates": [ [ [ 55.404507632855257, 25.201833652048688 ], [ 55.404478210544838, 25.204090484083594 ], [ 55.406958823062759, 25.204117232992058 ], [ 55.406988199676498, 25.201860398233567 ], [ 55.404507632855257, 25.201833652048688 ] ] ] } },
{ "type": "Feature", "properties": { "cell_id": 1025, "district": "mirdif", "gius": 0.348, "walkability_norm": 0.224, "services_norm": 0.032, "transit_norm": 0.786, "cluster": 0 }, "geometry": { "type": "Polygon", "coordinates": [ [ [ 55.404478210544838, 25.204090484083594 ], [ 55.40444878468692, 25.206347315397654 ], [ 55.406929442907028, 25.20637406702981 ], [ 55.406958823062759, 25.204117232992058 ], [ 55.404478210544838, 25.204090484083594 ] ] ] } },
{ "type": "Feature", "properties": { "cell_id": 1026, "district": "mirdif", "gius": 0.375, "walkability_norm": 0.316, "services_norm": 0.032, "transit_norm": 0.776, "cluster": 0 }, "geometry": { "type": "Polygon", "coordinates": [ [ [ 55.40444878468692, 25.206347315397654 ], [ 55.404419355281213, 25.208604145990819 ], [ 55.406900059209029, 25.208630900346751 ], [ 55.406929442907028, 25.20637406702981 ], [ 55.40444878468692, 25.206347315397654 ] ] ] } },
{ "type": "Feature", "properties": { "cell_id": 1027, "district": "mirdif", "gius": 0.339, "walkability_norm": 0.173, "services_norm": 0.032, "transit_norm": 0.81, "cluster": 0 }, "geometry": { "type": "Polygon", "coordinates": [ [ [ 55.404419355281213, 25.208604145990819 ], [ 55.404389922327447, 25.210860975863035 ], [ 55.406870671968463, 25.210887732942851 ], [ 55.406900059209029, 25.208630900346751 ], [ 55.404419355281213, 25.208604145990819 ] ] ] } },
{ "type": "Feature", "properties": { "cell_id": 1028, "district": "mirdif", "gius": 0.29, "walkability_norm": 0.02, "services_norm": 0.0, "transit_norm": 0.851, "cluster": 0 }, "geometry": { "type": "Polygon", "coordinates": [ [ [ 55.404389922327447, 25.210860975863035 ], [ 55.404360485825322, 25.21311780501426 ], [ 55.406841281185059, 25.213144564818059 ], [ 55.406870671968463, 25.210887732942851 ], [ 55.404389922327447, 25.210860975863035 ] ] ] } },
{ "type": "Feature", "properties": { "cell_id": 1029, "district": "mirdif", "gius": 0.315, "walkability_norm": 0.051, "services_norm": 0.032, "transit_norm": 0.863, "cluster": 0 }, "geometry": { "type": "Polygon", "coordinates": [ [ [ 55.404360485825322, 25.21311780501426 ], [ 55.404331045774562, 25.215374633444448 ], [ 55.40681188685852, 25.215401395972318 ], [ 55.406841281185059, 25.213144564818059 ], [ 55.404360485825322, 25.21311780501426 ] ] ] } },
{ "type": "Feature", "properties": { "cell_id": 1030, "district": "mirdif", "gius": 0.357, "walkability_norm": 0.082, "services_norm": 0.161, "transit_norm": 0.829, "cluster": 0 }, "geometry": { "type": "Polygon", "coordinates": [ [ [ 55.404331045774562, 25.215374633444448 ], [ 55.404301602174876, 25.217631461153545 ], [ 55.406782488988561, 25.217658226405593 ], [ 55.40681188685852, 25.215401395972318 ], [ 55.404331045774562, 25.215374633444448 ] ] ] } },
{ "type": "Feature", "properties": { "cell_id": 1031, "district": "mirdif", "gius": 0.34, "walkability_norm": 0.133, "services_norm": 0.129, "transit_norm": 0.759, "cluster": 0 }, "geometry": { "type": "Polygon", "coordinates": [ [ [ 55.404301602174876, 25.217631461153545 ], [ 55.404272155025978, 25.219888288141501 ], [ 55.406753087574899, 25.21991505611782 ], [ 55.406782488988561, 25.217658226405593 ], [ 55.404301602174876, 25.217631461153545 ] ] ] } },
{ "type": "Feature", "properties": { "cell_id": 1032, "district": "mirdif", "gius": 0.254, "walkability_norm": 0.031, "services_norm": 0.065, "transit_norm": 0.667, "cluster": 0 }, "geometry": { "type": "Polygon", "coordinates": [ [ [ 55.404272155025978, 25.219888288141501 ], [ 55.404242704327572, 25.222145114408271 ], [ 55.406723682617255, 25.222171885108956 ], [ 55.406753087574899, 25.21991505611782 ], [ 55.404272155025978, 25.219888288141501 ] ] ] } },
{ "type": "Feature", "properties": { "cell_id": 1033, "district": "mirdif", "gius": 0.189, "walkability_norm": 0.0, "services_norm": 0.0, "transit_norm": 0.567, "cluster": 0 }, "geometry": { "type": "Polygon", "coordinates": [ [ [ 55.404242704327572, 25.222145114408271 ], [ 55.404213250079394, 25.224401939953804 ], [ 55.406694274115338, 25.224428713378956 ], [ 55.406723682617255, 25.222171885108956 ], [ 55.404242704327572, 25.222145114408271 ] ] ] } },
{ "type": "Feature", "properties": { "cell_id": 1034, "district": "mirdif", "gius": 0.165, "walkability_norm": 0.0, "services_norm": 0.032, "transit_norm": 0.462, "cluster": 2 }, "geometry": { "type": "Polygon", "coordinates": [ [ [ 55.404213250079394, 25.224401939953804 ], [ 55.404183792281138, 25.22665876477804 ], [ 55.406664862068851, 25.226685540927761 ], [ 55.406694274115338, 25.224428713378956 ], [ 55.404213250079394, 25.224401939953804 ] ] ] } },
{ "type": "Feature", "properties": { "cell_id": 1035, "district": "mirdif", "gius": 0.122, "walkability_norm": 0.01, "services_norm": 0.0, "transit_norm": 0.355, "cluster": 2 }, "geometry": { "type": "Polygon", "coordinates": [ [ [ 55.404183792281138, 25.22665876477804 ], [ 55.404154330932528, 25.228915588880945 ], [ 55.406635446477523, 25.228942367755334 ], [ 55.406664862068851, 25.226685540927761 ], [ 55.404183792281138, 25.22665876477804 ] ] ] } },
{ "type": "Feature", "properties": { "cell_id": 1036, "district": "mirdif", "gius": 0.099, "walkability_norm": 0.051, "services_norm": 0.0, "transit_norm": 0.246, "cluster": 2 }, "geometry": { "type": "Polygon", "coordinates": [ [ [ 55.404154330932528, 25.228915588880945 ], [ 55.404124866033271, 25.231172412262474 ], [ 55.40660602734107, 25.231199193861617 ], [ 55.406635446477523, 25.228942367755334 ], [ 55.404154330932528, 25.228915588880945 ] ] ] } },
{ "type": "Feature", "properties": { "cell_id": 1037, "district": "mirdif", "gius": 0.052, "walkability_norm": 0.02, "services_norm": 0.0, "transit_norm": 0.137, "cluster": 2 }, "geometry": { "type": "Polygon", "coordinates": [ [ [ 55.404124866033271, 25.231172412262474 ], [ 55.404095397583077, 25.233429234922564 ], [ 55.406576604659186, 25.233456019246571 ], [ 55.40660602734107, 25.231199193861617 ], [ 55.404124866033271, 25.231172412262474 ] ] ] } },
{ "type": "Feature", "properties": { "cell_id": 1038, "district": "mirdif", "gius": 0.016, "walkability_norm": 0.02, "services_norm": 0.0, "transit_norm": 0.027, "cluster": 2 }, "geometry": { "type": "Polygon", "coordinates": [ [ [ 55.404095397583077, 25.233429234922564 ], [ 55.404065925581676, 25.235686056861173 ], [ 55.406547178431609, 25.235712843910132 ], [ 55.406576604659186, 25.233456019246571 ], [ 55.404095397583077, 25.233429234922564 ] ] ] } },
{ "type": "Feature", "properties": { "cell_id": 1039, "district": "mirdif", "gius": 0.044, "walkability_norm": 0.133, "services_norm": 0.0, "transit_norm": 0.0, "cluster": 2 }, "geometry": { "type": "Polygon", "coordinates": [ [ [ 55.404065925581676, 25.235686056861173 ], [ 55.404036450028769, 25.23794287807825 ], [ 55.406517748658032, 25.237969667852262 ], [ 55.406547178431609, 25.235712843910132 ], [ 55.404065925581676, 25.235686056861173 ] ] ] } },
{ "type": "Feature", "properties": { "cell_id": 1040, "district": "mirdif", "gius": 0.0, "walkability_norm": 0.0, "services_norm": 0.0, "transit_norm": 0.0, "cluster": 2 }, "geometry": { "type": "Polygon", "coordinates": [ [ [ 55.404036450028769, 25.23794287807825 ], [ 55.404006970924065, 25.240199698573747 ], [ 55.406488315338187, 25.24022649107291 ], [ 55.406517748658032, 25.237969667852262 ], [ 55.404036450028769, 25.23794287807825 ] ] ] } },
{ "type": "Feature", "properties": { "cell_id": 1041, "district": "mirdif", "gius": 0.323, "walkability_norm": 0.092, "services_norm": 0.032, "transit_norm": 0.844, "cluster": 0 }, "geometry": { "type": "Polygon", "coordinates": [ [ [ 55.407105670717286, 25.192833051993109 ], [ 55.407076308268643, 25.195089889634101 ], [ 55.409556741573731, 25.195116586082847 ], [ 55.409586058347422, 25.192859745722885 ], [ 55.407105670717286, 25.192833051993109 ] ] ] } },
{ "type": "Feature", "properties": { "cell_id": 1042, "district": "mirdif", "gius": 0.438, "walkability_norm": 0.418, "services_norm": 0.032, "transit_norm": 0.862, "cluster": 0 }, "geometry": { "type": "Polygon", "coordinates": [ [ [ 55.407076308268643, 25.195089889634101 ], [ 55.407046942279159, 25.197346726554539 ], [ 55.409527421264691, 25.197373425722343 ], [ 55.409556741573731, 25.195116586082847 ], [ 55.407076308268643, 25.195089889634101 ] ] ] } },
{ "type": "Feature", "properties": { "cell_id": 1043, "district": "mirdif", "gius": 0.401, "walkability_norm": 0.204, "services_norm": 0.129, "transit_norm": 0.87, "cluster": 0 }, "geometry": { "type": "Polygon", "coordinates": [ [ [ 55.407046942279159, 25.197346726554539 ], [ 55.407017572748536, 25.199603562754373 ], [ 55.40949809742002, 25.199630264641346 ], [ 55.409527421264691, 25.197373425722343 ], [ 55.407046942279159, 25.197346726554539 ] ] ] } },
{ "type": "Feature", "properties": { "cell_id": 1044, "district": "mirdif", "gius": 0.427, "walkability_norm": 0.347, "services_norm": 0.097, "transit_norm": 0.838, "cluster": 0 }, "geometry": { "type": "Polygon", "coordinates": [ [ [ 55.407017572748536, 25.199603562754373 ], [ 55.406988199676498, 25.201860398233567 ], [ 55.409468770039446, 25.201887102839791 ], [ 55.40949809742002, 25.199630264641346 ], [ 55.407017572748536, 25.199603562754373 ] ] ] } },
{ "type": "Feature", "properties": { "cell_id": 1045, "district": "mirdif", "gius": 0.354, "walkability_norm": 0.163, "services_norm": 0.065, "transit_norm": 0.836, "cluster": 0 }, "geometry": { "type": "Polygon", "coordinates": [ [ [ 55.406988199676498, 25.201860398233567 ], [ 55.406958823062759, 25.204117232992058 ], [ 55.409439439122671, 25.204143940317643 ], [ 55.409468770039446, 25.201887102839791 ], [ 55.406988199676498, 25.201860398233567 ] ] ] } },
{ "type": "Feature", "properties": { "cell_id": 1046, "district": "mirdif", "gius": 0.439, "walkability_norm": 0.388, "services_norm": 0.032, "transit_norm": 0.896, "cluster": 0 }, "geometry": { "type": "Polygon", "coordinates": [ [ [ 55.406958823062759, 25.204117232992058 ], [ 55.406929442907028, 25.20637406702981 ], [ 55.409410104669426, 25.206400777074837 ], [ 55.409439439122671, 25.204143940317643 ], [ 55.406958823062759, 25.204117232992058 ] ] ] } },
{ "type": "Feature", "properties": { "cell_id": 1047, "district": "mirdif", "gius": 0.399, "walkability_norm": 0.286, "services_norm": 0.032, "transit_norm": 0.878, "cluster": 0 }, "geometry": { "type": "Polygon", "coordinates": [ [ [ 55.406929442907028, 25.20637406702981 ], [ 55.406900059209029, 25.208630900346751 ], [ 55.409380766679405, 25.208657613111335 ], [ 55.409410104669426, 25.206400777074837 ], [ 55.406929442907028, 25.20637406702981 ] ] ] } },
{ "type": "Feature", "properties": { "cell_id": 1048, "district": "mirdif", "gius": 0.364, "walkability_norm": 0.173, "services_norm": 0.032, "transit_norm": 0.886, "cluster": 0 }, "geometry": { "type": "Polygon", "coordinates": [ [ [ 55.406900059209029, 25.208630900346751 ], [ 55.406870671968463, 25.210887732942851 ], [ 55.409351425152323, 25.210914448427086 ], [ 55.409380766679405, 25.208657613111335 ], [ 55.406900059209029, 25.208630900346751 ] ] ] } },
{ "type": "Feature", "properties": { "cell_id": 1049, "district": "mirdif", "gius": 0.352, "walkability_norm": 0.061, "services_norm": 0.032, "transit_norm": 0.962, "cluster": 0 }, "geometry": { "type": "Polygon", "coordinates": [ [ [ 55.406870671968463, 25.210887732942851 ], [ 55.406841281185059, 25.213144564818059 ], [ 55.409322080087918, 25.213171283022035 ], [ 55.409351425152323, 25.210914448427086 ], [ 55.406870671968463, 25.210887732942851 ] ] ] } },
{ "type": "Feature", "properties": { "cell_id": 1050, "district": "mirdif", "gius": 0.367, "walkability_norm": 0.031, "services_norm": 0.097, "transit_norm": 0.973, "cluster": 0 }, "geometry": { "type": "Polygon", "coordinates": [ [ [ 55.406841281185059, 25.213144564818059 ], [ 55.40681188685852, 25.215401395972318 ], [ 55.409292731485884, 25.215428116896138 ], [ 55.409322080087918, 25.213171283022035 ], [ 55.406841281185059, 25.213144564818059 ] ] ] } },
{ "type": "Feature", "properties": { "cell_id": 1051, "district": "mirdif", "gius": 0.366, "walkability_norm": 0.02, "services_norm": 0.161, "transit_norm": 0.917, "cluster": 0 }, "geometry": { "type": "Polygon", "coordinates": [ [ [ 55.40681188685852, 25.215401395972318 ], [ 55.406782488988561, 25.217658226405593 ], [ 55.409263379345951, 25.217684950049353 ], [ 55.409292731485884, 25.215428116896138 ], [ 55.40681188685852, 25.215401395972318 ] ] ] } },
{ "type": "Feature", "properties": { "cell_id": 1052, "district": "mirdif", "gius": 0.427, "walkability_norm": 0.337, "services_norm": 0.129, "transit_norm": 0.816, "cluster": 0 }, "geometry": { "type": "Polygon", "coordinates": [ [ [ 55.406782488988561, 25.217658226405593 ], [ 55.406753087574899, 25.21991505611782 ], [ 55.409234023667821, 25.219941782481616 ], [ 55.409263379345951, 25.217684950049353 ], [ 55.406782488988561, 25.217658226405593 ] ] ] } },
{ "type": "Feature", "properties": { "cell_id": 1053, "district": "mirdif", "gius": 0.415, "walkability_norm": 0.408, "services_norm": 0.129, "transit_norm": 0.708, "cluster": 0 }, "geometry": { "type": "Polygon", "coordinates": [ [ [ 55.406753087574899, 25.21991505611782 ], [ 55.406723682617255, 25.222171885108956 ], [ 55.40920466445121, 25.222198614192891 ], [ 55.409234023667821, 25.219941782481616 ], [ 55.406753087574899, 25.21991505611782 ] ] ] } },
{ "type": "Feature", "properties": { "cell_id": 1054, "district": "mirdif", "gius": 0.223, "walkability_norm": 0.071, "services_norm": 0.0, "transit_norm": 0.598, "cluster": 0 }, "geometry": { "type": "Polygon", "coordinates": [ [ [ 55.406723682617255, 25.222171885108956 ], [ 55.406694274115338, 25.224428713378956 ], [ 55.409175301695839, 25.224455445183125 ], [ 55.40920466445121, 25.222198614192891 ], [ 55.406723682617255, 25.222171885108956 ] ] ] } },
{ "type": "Feature", "properties": { "cell_id": 1055, "district": "mirdif", "gius": 0.166, "walkability_norm": 0.01, "services_norm": 0.0, "transit_norm": 0.487, "cluster": 2 }, "geometry": { "type": "Polygon", "coordinates": [ [ [ 55.406694274115338, 25.224428713378956 ], [ 55.406664862068851, 25.226685540927761 ], [ 55.409145935401419, 25.226712275452261 ], [ 55.409175301695839, 25.224455445183125 ], [ 55.406694274115338, 25.224428713378956 ] ] ] } },
{ "type": "Feature", "properties": { "cell_id": 1056, "district": "mirdif", "gius": 0.142, "walkability_norm": 0.051, "services_norm": 0.0, "transit_norm": 0.376, "cluster": 2 }, "geometry": { "type": "Polygon", "coordinates": [ [ [ 55.406664862068851, 25.226685540927761 ], [ 55.406635446477523, 25.228942367755334 ], [ 55.409116565567658, 25.22896910500026 ], [ 55.409145935401419, 25.226712275452261 ], [ 55.406664862068851, 25.226685540927761 ] ] ] } },
{ "type": "Feature", "properties": { "cell_id": 1057, "district": "mirdif", "gius": 0.109, "walkability_norm": 0.061, "services_norm": 0.0, "transit_norm": 0.265, "cluster": 2 }, "geometry": { "type": "Polygon", "coordinates": [ [ [ 55.406635446477523, 25.228942367755334 ], [ 55.40660602734107, 25.231199193861617 ], [ 55.409087192194285, 25.231225933827066 ], [ 55.409116565567658, 25.22896910500026 ], [ 55.406635446477523, 25.228942367755334 ] ] ] } },
{ "type": "Feature", "properties": { "cell_id": 1058, "district": "mirdif", "gius": 0.061, "walkability_norm": 0.031, "services_norm": 0.0, "transit_norm": 0.153, "cluster": 2 }, "geometry": { "type": "Polygon", "coordinates": [ [ [ 55.40660602734107, 25.231199193861617 ], [ 55.406576604659186, 25.233456019246571 ], [ 55.409057815281002, 25.233482761932645 ], [ 55.409087192194285, 25.231225933827066 ], [ 55.40660602734107, 25.231199193861617 ] ] ] } },
{ "type": "Feature", "properties": { "cell_id": 1059, "district": "mirdif", "gius": 0.027, "walkability_norm": 0.041, "services_norm": 0.0, "transit_norm": 0.042, "cluster": 2 }, "geometry": { "type": "Polygon", "coordinates": [ [ [ 55.406576604659186, 25.233456019246571 ], [ 55.406547178431609, 25.235712843910132 ], [ 55.409028434827526, 25.235739589316932 ], [ 55.409057815281002, 25.233482761932645 ], [ 55.406576604659186, 25.233456019246571 ] ] ] } },
{ "type": "Feature", "properties": { "cell_id": 1060, "district": "mirdif", "gius": 0.116, "walkability_norm": 0.347, "services_norm": 0.0, "transit_norm": 0.0, "cluster": 2 }, "geometry": { "type": "Polygon", "coordinates": [ [ [ 55.406547178431609, 25.235712843910132 ], [ 55.406517748658032, 25.237969667852262 ], [ 55.408999050833579, 25.237996415979875 ], [ 55.409028434827526, 25.235739589316932 ], [ 55.406547178431609, 25.235712843910132 ] ] ] } },
{ "type": "Feature", "properties": { "cell_id": 1061, "district": "mirdif", "gius": 0.088, "walkability_norm": 0.265, "services_norm": 0.0, "transit_norm": 0.0, "cluster": 2 }, "geometry": { "type": "Polygon", "coordinates": [ [ [ 55.406517748658032, 25.237969667852262 ], [ 55.406488315338187, 25.24022649107291 ], [ 55.408969663298869, 25.240253241921444 ], [ 55.408999050833579, 25.237996415979875 ], [ 55.406517748658032, 25.237969667852262 ] ] ] } },
{ "type": "Feature", "properties": { "cell_id": 1062, "district": "mirdif", "gius": 0.283, "walkability_norm": 0.02, "services_norm": 0.032, "transit_norm": 0.797, "cluster": 0 }, "geometry": { "type": "Polygon", "coordinates": [ [ [ 55.409586058347422, 25.192859745722885 ], [ 55.409556741573731, 25.195116586082847 ], [ 55.412037178414145, 25.1951432409654 ], [ 55.412066449512615, 25.192886397890707 ], [ 55.409586058347422, 25.192859745722885 ] ] ] } },
{ "type": "Feature", "properties": { "cell_id": 1063, "district": "mirdif", "gius": 0.443, "walkability_norm": 0.296, "services_norm": 0.129, "transit_norm": 0.904, "cluster": 0 }, "geometry": { "type": "Polygon", "coordinates": [ [ [ 55.409556741573731, 25.195116586082847 ], [ 55.409527421264691, 25.197373425722343 ], [ 55.412007903785842, 25.197400083319728 ], [ 55.412037178414145, 25.1951432409654 ], [ 55.409556741573731, 25.195116586082847 ] ] ] } },
{ "type": "Feature", "properties": { "cell_id": 1064, "district": "mirdif", "gius": 0.527, "walkability_norm": 0.469, "services_norm": 0.129, "transit_norm": 0.982, "cluster": 1 }, "geometry": { "type": "Polygon", "coordinates": [ [ [ 55.409527421264691, 25.197373425722343 ], [ 55.40949809742002, 25.199630264641346 ], [ 55.41197862562742, 25.199656924953661 ], [ 55.412007903785842, 25.197400083319728 ], [ 55.409527421264691, 25.197373425722343 ] ] ] } },
{ "type": "Feature", "properties": { "cell_id": 1065, "district": "mirdif", "gius": 0.381, "walkability_norm": 0.133, "services_norm": 0.097, "transit_norm": 0.913, "cluster": 0 }, "geometry": { "type": "Polygon", "coordinates": [ [ [ 55.40949809742002, 25.199630264641346 ], [ 55.409468770039446, 25.201887102839791 ], [ 55.411949343938588, 25.201913765867133 ], [ 55.41197862562742, 25.199656924953661 ], [ 55.40949809742002, 25.199630264641346 ] ] ] } },
{ "type": "Feature", "properties": { "cell_id": 1066, "district": "mirdif", "gius": 0.405, "walkability_norm": 0.265, "services_norm": 0.065, "transit_norm": 0.885, "cluster": 0 }, "geometry": { "type": "Polygon", "coordinates": [ [ [ 55.409468770039446, 25.201887102839791 ], [ 55.409439439122671, 25.204143940317643 ], [ 55.411920058719069, 25.204170606060107 ], [ 55.411949343938588, 25.201913765867133 ], [ 55.409468770039446, 25.201887102839791 ] ] ] } },
{ "type": "Feature", "properties": { "cell_id": 1067, "district": "mirdif", "gius": 0.396, "walkability_norm": 0.163, "services_norm": 0.032, "transit_norm": 0.993, "cluster": 0 }, "geometry": { "type": "Polygon", "coordinates": [ [ [ 55.409439439122671, 25.204143940317643 ], [ 55.409410104669426, 25.206400777074837 ], [ 55.411890769968572, 25.206427445532523 ], [ 55.411920058719069, 25.204170606060107 ], [ 55.409439439122671, 25.204143940317643 ] ] ] } },
{ "type": "Feature", "properties": { "cell_id": 1068, "district": "mirdif", "gius": 0.388, "walkability_norm": 0.184, "services_norm": 0.032, "transit_norm": 0.949, "cluster": 0 }, "geometry": { "type": "Polygon", "coordinates": [ [ [ 55.409410104669426, 25.206400777074837 ], [ 55.409380766679405, 25.208657613111335 ], [ 55.411861477686827, 25.208684284284342 ], [ 55.411890769968572, 25.206427445532523 ], [ 55.409410104669426, 25.206400777074837 ] ] ] } },
{ "type": "Feature", "properties": { "cell_id": 1069, "district": "mirdif", "gius": 0.357, "walkability_norm": 0.173, "services_norm": 0.0, "transit_norm": 0.896, "cluster": 0 }, "geometry": { "type": "Polygon", "coordinates": [ [ [ 55.409380766679405, 25.208657613111335 ], [ 55.409351425152323, 25.210914448427086 ], [ 55.411832181873528, 25.2109411223155 ], [ 55.411861477686827, 25.208684284284342 ], [ 55.409380766679405, 25.208657613111335 ] ] ] } },
{ "type": "Feature", "properties": { "cell_id": 1070, "district": "mirdif", "gius": 0.46, "walkability_norm": 0.357, "services_norm": 0.032, "transit_norm": 0.992, "cluster": 0 }, "geometry": { "type": "Polygon", "coordinates": [ [ [ 55.409351425152323, 25.210914448427086 ], [ 55.409322080087918, 25.213171283022035 ], [ 55.411802882528406, 25.213197959625962 ], [ 55.411832181873528, 25.2109411223155 ], [ 55.409351425152323, 25.210914448427086 ] ] ] } },
{ "type": "Feature", "properties": { "cell_id": 1071, "district": "mirdif", "gius": 0.429, "walkability_norm": 0.255, "services_norm": 0.032, "transit_norm": 1.0, "cluster": 0 }, "geometry": { "type": "Polygon", "coordinates": [ [ [ 55.409322080087918, 25.213171283022035 ], [ 55.409292731485884, 25.215428116896138 ], [ 55.411773579651168, 25.215454796215678 ], [ 55.411802882528406, 25.213197959625962 ], [ 55.409322080087918, 25.213171283022035 ] ] ] } },
{ "type": "Feature", "properties": { "cell_id": 1072, "district": "mirdif", "gius": 0.493, "walkability_norm": 0.388, "services_norm": 0.161, "transit_norm": 0.931, "cluster": 1 }, "geometry": { "type": "Polygon", "coordinates": [ [ [ 55.409292731485884, 25.215428116896138 ], [ 55.409263379345951, 25.217684950049353 ], [ 55.411744273241531, 25.217711632084601 ], [ 55.411773579651168, 25.215454796215678 ], [ 55.409292731485884, 25.215428116896138 ] ] ] } },
{ "type": "Feature", "properties": { "cell_id": 1073, "district": "mirdif", "gius": 0.501, "walkability_norm": 0.551, "services_norm": 0.129, "transit_norm": 0.824, "cluster": 1 }, "geometry": { "type": "Polygon", "coordinates": [ [ [ 55.409263379345951, 25.217684950049353 ], [ 55.409234023667821, 25.219941782481616 ], [ 55.411714963299211, 25.219968467232668 ], [ 55.411744273241531, 25.217711632084601 ], [ 55.409263379345951, 25.217684950049353 ] ] ] } },
{ "type": "Feature", "properties": { "cell_id": 1074, "district": "mirdif", "gius": 0.34, "walkability_norm": 0.276, "services_norm": 0.032, "transit_norm": 0.713, "cluster": 0 }, "geometry": { "type": "Polygon", "coordinates": [ [ [ 55.409234023667821, 25.219941782481616 ], [ 55.40920466445121, 25.222198614192891 ], [ 55.41168564982393, 25.22222530165984 ], [ 55.411714963299211, 25.219968467232668 ], [ 55.409234023667821, 25.219941782481616 ] ] ] } },
{ "type": "Feature", "properties": { "cell_id": 1075, "district": "mirdif", "gius": 0.272, "walkability_norm": 0.214, "services_norm": 0.0, "transit_norm": 0.602, "cluster": 0 }, "geometry": { "type": "Polygon", "coordinates": [ [ [ 55.40920466445121, 25.222198614192891 ], [ 55.409175301695839, 25.224455445183125 ], [ 55.41165633281539, 25.22448213536607 ], [ 55.41168564982393, 25.22222530165984 ], [ 55.40920466445121, 25.222198614192891 ] ] ] } },
{ "type": "Feature", "properties": { "cell_id": 1076, "district": "mirdif", "gius": 0.208, "walkability_norm": 0.133, "services_norm": 0.0, "transit_norm": 0.49, "cluster": 2 }, "geometry": { "type": "Polygon", "coordinates": [ [ [ 55.409175301695839, 25.224455445183125 ], [ 55.409145935401419, 25.226712275452261 ], [ 55.411627012273314, 25.226738968351306 ], [ 55.41165633281539, 25.22448213536607 ], [ 55.409175301695839, 25.224455445183125 ] ] ] } },
{ "type": "Feature", "properties": { "cell_id": 1077, "district": "mirdif", "gius": 0.249, "walkability_norm": 0.367, "services_norm": 0.0, "transit_norm": 0.379, "cluster": 2 }, "geometry": { "type": "Polygon", "coordinates": [ [ [ 55.409145935401419, 25.226712275452261 ], [ 55.409116565567658, 25.22896910500026 ], [ 55.411597688197411, 25.228995800615497 ], [ 55.411627012273314, 25.226738968351306 ], [ 55.409145935401419, 25.226712275452261 ] ] ] } },
{ "type": "Feature", "properties": { "cell_id": 1078, "district": "mirdif", "gius": 0.13, "walkability_norm": 0.122, "services_norm": 0.0, "transit_norm": 0.267, "cluster": 2 }, "geometry": { "type": "Polygon", "coordinates": [ [ [ 55.409116565567658, 25.22896910500026 ], [ 55.409087192194285, 25.231225933827066 ], [ 55.411568360587403, 25.231252632158601 ], [ 55.411597688197411, 25.228995800615497 ], [ 55.409116565567658, 25.22896910500026 ] ] ] } },
{ "type": "Feature", "properties": { "cell_id": 1079, "district": "mirdif", "gius": 0.079, "walkability_norm": 0.082, "services_norm": 0.0, "transit_norm": 0.155, "cluster": 2 }, "geometry": { "type": "Polygon", "coordinates": [ [ [ 55.409087192194285, 25.231225933827066 ], [ 55.409057815281002, 25.233482761932645 ], [ 55.411539029443006, 25.233509462980564 ], [ 55.411568360587403, 25.231252632158601 ], [ 55.409087192194285, 25.231225933827066 ] ] ] } },
{ "type": "Feature", "properties": { "cell_id": 1080, "district": "mirdif", "gius": 0.036, "walkability_norm": 0.051, "services_norm": 0.0, "transit_norm": 0.057, "cluster": 2 }, "geometry": { "type": "Polygon", "coordinates": [ [ [ 55.409057815281002, 25.233482761932645 ], [ 55.409028434827526, 25.235739589316932 ], [ 55.411509694763929, 25.235766293081337 ], [ 55.411539029443006, 25.233509462980564 ], [ 55.409057815281002, 25.233482761932645 ] ] ] } },
{ "type": "Feature", "properties": { "cell_id": 1081, "district": "mirdif", "gius": 0.112, "walkability_norm": 0.337, "services_norm": 0.0, "transit_norm": 0.0, "cluster": 2 }, "geometry": { "type": "Polygon", "coordinates": [ [ [ 55.409028434827526, 25.235739589316932 ], [ 55.408999050833579, 25.237996415979875 ], [ 55.41148035654988, 25.238023122460863 ], [ 55.411509694763929, 25.235766293081337 ], [ 55.409028434827526, 25.235739589316932 ] ] ] } },
{ "type": "Feature", "properties": { "cell_id": 1082, "district": "mirdif", "gius": 0.068, "walkability_norm": 0.204, "services_norm": 0.0, "transit_norm": 0.0, "cluster": 2 }, "geometry": { "type": "Polygon", "coordinates": [ [ [ 55.408999050833579, 25.237996415979875 ], [ 55.408969663298869, 25.240253241921444 ], [ 55.411451014800591, 25.24027995111911 ], [ 55.41148035654988, 25.238023122460863 ], [ 55.408999050833579, 25.237996415979875 ] ] ] } },
{ "type": "Feature", "properties": { "cell_id": 1083, "district": "mirdif", "gius": 0.278, "walkability_norm": 0.01, "services_norm": 0.032, "transit_norm": 0.793, "cluster": 0 }, "geometry": { "type": "Polygon", "coordinates": [ [ [ 55.412066449512615, 25.192886397890707 ], [ 55.412037178414145, 25.1951432409654 ], [ 55.414517618784409, 25.195169854281538 ], [ 55.414546844207365, 25.192913008496344 ], [ 55.412066449512615, 25.192886397890707 ] ] ] } },
{ "type": "Feature", "properties": { "cell_id": 1084, "district": "mirdif", "gius": 0.403, "walkability_norm": 0.214, "services_norm": 0.097, "transit_norm": 0.897, "cluster": 0 }, "geometry": { "type": "Polygon", "coordinates": [ [ [ 55.412037178414145, 25.1951432409654 ], [ 55.412007903785842, 25.197400083319728 ], [ 55.414488389837118, 25.197426699346469 ], [ 55.414517618784409, 25.195169854281538 ], [ 55.412037178414145, 25.1951432409654 ] ] ] } },
{ "type": "Feature", "properties": { "cell_id": 1085, "district": "mirdif", "gius": 0.495, "walkability_norm": 0.388, "services_norm": 0.129, "transit_norm": 0.967, "cluster": 1 }, "geometry": { "type": "Polygon", "coordinates": [ [ [ 55.412007903785842, 25.197400083319728 ], [ 55.41197862562742, 25.199656924953661 ], [ 55.414459157365222, 25.199683543691091 ], [ 55.414488389837118, 25.197426699346469 ], [ 55.412007903785842, 25.197400083319728 ] ] ] } },
{ "type": "Feature", "properties": { "cell_id": 1086, "district": "mirdif", "gius": 0.358, "walkability_norm": 0.071, "services_norm": 0.097, "transit_norm": 0.906, "cluster": 0 }, "geometry": { "type": "Polygon", "coordinates": [ [ [ 55.41197862562742, 25.199656924953661 ], [ 55.411949343938588, 25.201913765867133 ], [ 55.414429921368423, 25.201940387315364 ], [ 55.414459157365222, 25.199683543691091 ], [ 55.41197862562742, 25.199656924953661 ] ] ] } },
{ "type": "Feature", "properties": { "cell_id": 1087, "district": "mirdif", "gius": 0.337, "walkability_norm": 0.153, "services_norm": 0.0, "transit_norm": 0.858, "cluster": 0 }, "geometry": { "type": "Polygon", "coordinates": [ [ [ 55.411949343938588, 25.201913765867133 ], [ 55.411920058719069, 25.204170606060107 ], [ 55.414400681846445, 25.204197230219215 ], [ 55.414429921368423, 25.201940387315364 ], [ 55.411949343938588, 25.201913765867133 ] ] ] } },
{ "type": "Feature", "properties": { "cell_id": 1088, "district": "mirdif", "gius": 0.392, "walkability_norm": 0.245, "services_norm": 0.0, "transit_norm": 0.932, "cluster": 0 }, "geometry": { "type": "Polygon", "coordinates": [ [ [ 55.411920058719069, 25.204170606060107 ], [ 55.411890769968572, 25.206427445532523 ], [ 55.414371438798995, 25.206454072402625 ], [ 55.414400681846445, 25.204197230219215 ], [ 55.411920058719069, 25.204170606060107 ] ] ] } },
{ "type": "Feature", "properties": { "cell_id": 1089, "district": "mirdif", "gius": 0.368, "walkability_norm": 0.163, "services_norm": 0.032, "transit_norm": 0.908, "cluster": 0 }, "geometry": { "type": "Polygon", "coordinates": [ [ [ 55.411890769968572, 25.206427445532523 ], [ 55.411861477686827, 25.208684284284342 ], [ 55.414342192225789, 25.208710913865527 ], [ 55.414371438798995, 25.206454072402625 ], [ 55.411890769968572, 25.206427445532523 ] ] ] } },
{ "type": "Feature", "properties": { "cell_id": 1090, "district": "mirdif", "gius": 0.337, "walkability_norm": 0.112, "services_norm": 0.065, "transit_norm": 0.835, "cluster": 0 }, "geometry": { "type": "Polygon", "coordinates": [ [ [ 55.411861477686827, 25.208684284284342 ], [ 55.411832181873528, 25.2109411223155 ], [ 55.414312942126557, 25.210967754607868 ], [ 55.414342192225789, 25.208710913865527 ], [ 55.411861477686827, 25.208684284284342 ] ] ] } },
{ "type": "Feature", "properties": { "cell_id": 1091, "district": "mirdif", "gius": 0.526, "walkability_norm": 0.663, "services_norm": 0.032, "transit_norm": 0.883, "cluster": 1 }, "geometry": { "type": "Polygon", "coordinates": [ [ [ 55.411832181873528, 25.2109411223155 ], [ 55.411802882528406, 25.213197959625962 ], [ 55.414283688501001, 25.213224594629608 ], [ 55.414312942126557, 25.210967754607868 ], [ 55.411832181873528, 25.2109411223155 ] ] ] } },
{ "type": "Feature", "properties": { "cell_id": 1092, "district": "mirdif", "gius": 0.415, "walkability_norm": 0.337, "services_norm": 0.0, "transit_norm": 0.907, "cluster": 0 }, "geometry": { "type": "Polygon", "coordinates": [ [ [ 55.411802882528406, 25.213197959625962 ], [ 55.411773579651168, 25.215454796215678 ], [ 55.414254431348844, 25.215481433930698 ], [ 55.414283688501001, 25.213224594629608 ], [ 55.411802882528406, 25.213197959625962 ] ] ] } },
{ "type": "Feature", "properties": { "cell_id": 1093, "district": "mirdif", "gius": 0.386, "walkability_norm": 0.296, "services_norm": 0.0, "transit_norm": 0.863, "cluster": 0 }, "geometry": { "type": "Polygon", "coordinates": [ [ [ 55.411773579651168, 25.215454796215678 ], [ 55.411744273241531, 25.217711632084601 ], [ 55.414225170669795, 25.217738272511092 ], [ 55.414254431348844, 25.215481433930698 ], [ 55.411773579651168, 25.215454796215678 ] ] ] } },
{ "type": "Feature", "properties": { "cell_id": 1094, "district": "mirdif", "gius": 0.317, "walkability_norm": 0.173, "services_norm": 0.0, "transit_norm": 0.778, "cluster": 0 }, "geometry": { "type": "Polygon", "coordinates": [ [ [ 55.411744273241531, 25.217711632084601 ], [ 55.411714963299211, 25.219968467232668 ], [ 55.414195906463576, 25.219995110370732 ], [ 55.414225170669795, 25.217738272511092 ], [ 55.411744273241531, 25.217711632084601 ] ] ] } },
{ "type": "Feature", "properties": { "cell_id": 1095, "district": "mirdif", "gius": 0.302, "walkability_norm": 0.224, "services_norm": 0.0, "transit_norm": 0.681, "cluster": 0 }, "geometry": { "type": "Polygon", "coordinates": [ [ [ 55.411714963299211, 25.219968467232668 ], [ 55.41168564982393, 25.22222530165984 ], [ 55.414166638729895, 25.222251947509569 ], [ 55.414195906463576, 25.219995110370732 ], [ 55.411714963299211, 25.219968467232668 ] ] ] } },
{ "type": "Feature", "properties": { "cell_id": 1096, "district": "mirdif", "gius": 0.264, "walkability_norm": 0.214, "services_norm": 0.0, "transit_norm": 0.578, "cluster": 0 }, "geometry": { "type": "Polygon", "coordinates": [ [ [ 55.41168564982393, 25.22222530165984 ], [ 55.41165633281539, 25.22448213536607 ], [ 55.414137367468477, 25.224508783927568 ], [ 55.414166638729895, 25.222251947509569 ], [ 55.41168564982393, 25.22222530165984 ] ] ] } },
{ "type": "Feature", "properties": { "cell_id": 1097, "district": "mirdif", "gius": 0.239, "walkability_norm": 0.245, "services_norm": 0.0, "transit_norm": 0.471, "cluster": 2 }, "geometry": { "type": "Polygon", "coordinates": [ [ [ 55.41165633281539, 25.22448213536607 ], [ 55.411627012273314, 25.226738968351306 ], [ 55.414108092679037, 25.226765619624668 ], [ 55.414137367468477, 25.224508783927568 ], [ 55.41165633281539, 25.22448213536607 ] ] ] } },
{ "type": "Feature", "properties": { "cell_id": 1098, "district": "mirdif", "gius": 0.168, "walkability_norm": 0.133, "services_norm": 0.0, "transit_norm": 0.371, "cluster": 2 }, "geometry": { "type": "Polygon", "coordinates": [ [ [ 55.411627012273314, 25.226738968351306 ], [ 55.411597688197411, 25.228995800615497 ], [ 55.414078814361275, 25.229022454600816 ], [ 55.414108092679037, 25.226765619624668 ], [ 55.411627012273314, 25.226738968351306 ] ] ] } },
{ "type": "Feature", "properties": { "cell_id": 1099, "district": "mirdif", "gius": 0.184, "walkability_norm": 0.255, "services_norm": 0.0, "transit_norm": 0.298, "cluster": 2 }, "geometry": { "type": "Polygon", "coordinates": [ [ [ 55.411597688197411, 25.228995800615497 ], [ 55.411568360587403, 25.231252632158601 ], [ 55.414049532514923, 25.231279288855973 ], [ 55.414078814361275, 25.229022454600816 ], [ 55.411597688197411, 25.228995800615497 ] ] ] } },
{ "type": "Feature", "properties": { "cell_id": 1100, "district": "mirdif", "gius": 0.167, "walkability_norm": 0.286, "services_norm": 0.0, "transit_norm": 0.215, "cluster": 2 }, "geometry": { "type": "Polygon", "coordinates": [ [ [ 55.411568360587403, 25.231252632158601 ], [ 55.411539029443006, 25.233509462980564 ], [ 55.414020247139682, 25.233536122390092 ], [ 55.414049532514923, 25.231279288855973 ], [ 55.411568360587403, 25.231252632158601 ] ] ] } },
{ "type": "Feature", "properties": { "cell_id": 1101, "district": "mirdif", "gius": 0.08, "walkability_norm": 0.112, "services_norm": 0.0, "transit_norm": 0.126, "cluster": 2 }, "geometry": { "type": "Polygon", "coordinates": [ [ [ 55.411539029443006, 25.233509462980564 ], [ 55.411509694763929, 25.235766293081337 ], [ 55.413990958235281, 25.235792955203113 ], [ 55.414020247139682, 25.233536122390092 ], [ 55.411539029443006, 25.233509462980564 ] ] ] } },
{ "type": "Feature", "properties": { "cell_id": 1102, "district": "mirdif", "gius": 0.344, "walkability_norm": 1.0, "services_norm": 0.0, "transit_norm": 0.033, "cluster": 2 }, "geometry": { "type": "Polygon", "coordinates": [ [ [ 55.411509694763929, 25.235766293081337 ], [ 55.41148035654988, 25.238023122460863 ], [ 55.413961665801438, 25.238049787294997 ], [ 55.413990958235281, 25.235792955203113 ], [ 55.411509694763929, 25.235766293081337 ] ] ] } },
{ "type": "Feature", "properties": { "cell_id": 1103, "district": "mirdif", "gius": 0.129, "walkability_norm": 0.388, "services_norm": 0.0, "transit_norm": 0.0, "cluster": 2 }, "geometry": { "type": "Polygon", "coordinates": [ [ [ 55.41148035654988, 25.238023122460863 ], [ 55.411451014800591, 25.24027995111911 ], [ 55.413932369837852, 25.240306618665681 ], [ 55.413961665801438, 25.238049787294997 ], [ 55.41148035654988, 25.238023122460863 ] ] ] } },
{ "type": "Feature", "properties": { "cell_id": 1104, "district": "mirdif", "gius": 0.247, "walkability_norm": 0.0, "services_norm": 0.0, "transit_norm": 0.742, "cluster": 0 }, "geometry": { "type": "Polygon", "coordinates": [ [ [ 55.414546844207365, 25.192913008496344 ], [ 55.414517618784409, 25.195169854281538 ], [ 55.416998062678992, 25.195196426031028 ], [ 55.417027242426151, 25.192939577539565 ], [ 55.414546844207365, 25.192913008496344 ] ] ] } },
{ "type": "Feature", "properties": { "cell_id": 1105, "district": "mirdif", "gius": 0.43, "walkability_norm": 0.469, "services_norm": 0.0, "transit_norm": 0.82, "cluster": 1 }, "geometry": { "type": "Polygon", "coordinates": [ [ [ 55.414517618784409, 25.195169854281538 ], [ 55.414488389837118, 25.197426699346469 ], [ 55.41696887941302, 25.197453273802321 ], [ 55.416998062678992, 25.195196426031028 ], [ 55.414517618784409, 25.195169854281538 ] ] ] } },
{ "type": "Feature", "properties": { "cell_id": 1106, "district": "mirdif", "gius": 0.367, "walkability_norm": 0.214, "services_norm": 0.032, "transit_norm": 0.855, "cluster": 0 }, "geometry": { "type": "Polygon", "coordinates": [ [ [ 55.414488389837118, 25.197426699346469 ], [ 55.414459157365222, 25.199683543691091 ], [ 55.416939692627921, 25.19971012085341 ], [ 55.41696887941302, 25.197453273802321 ], [ 55.414488389837118, 25.197426699346469 ] ] ] } },
{ "type": "Feature", "properties": { "cell_id": 1107, "district": "mirdif", "gius": 0.357, "walkability_norm": 0.214, "services_norm": 0.032, "transit_norm": 0.825, "cluster": 0 }, "geometry": { "type": "Polygon", "coordinates": [ [ [ 55.414459157365222, 25.199683543691091 ], [ 55.414429921368423, 25.201940387315364 ], [ 55.416910502323439, 25.201966967184244 ], [ 55.416939692627921, 25.19971012085341 ], [ 55.414459157365222, 25.199683543691091 ] ] ] } },
{ "type": "Feature", "properties": { "cell_id": 1108, "district": "mirdif", "gius": 0.311, "walkability_norm": 0.153, "services_norm": 0.0, "transit_norm": 0.779, "cluster": 0 }, "geometry": { "type": "Polygon", "coordinates": [ [ [ 55.414429921368423, 25.201940387315364 ], [ 55.414400681846445, 25.204197230219215 ], [ 55.416881308499278, 25.204223812794758 ], [ 55.416910502323439, 25.201966967184244 ], [ 55.414429921368423, 25.201940387315364 ] ] ] } },
{ "type": "Feature", "properties": { "cell_id": 1109, "district": "mirdif", "gius": 0.352, "walkability_norm": 0.235, "services_norm": 0.0, "transit_norm": 0.823, "cluster": 0 }, "geometry": { "type": "Polygon", "coordinates": [ [ [ 55.414400681846445, 25.204197230219215 ], [ 55.414371438798995, 25.206454072402625 ], [ 55.416852111155158, 25.206480657684914 ], [ 55.416881308499278, 25.204223812794758 ], [ 55.414400681846445, 25.204197230219215 ] ] ] } },
{ "type": "Feature", "properties": { "cell_id": 1110, "district": "mirdif", "gius": 0.339, "walkability_norm": 0.143, "services_norm": 0.065, "transit_norm": 0.811, "cluster": 0 }, "geometry": { "type": "Polygon", "coordinates": [ [ [ 55.414371438798995, 25.206454072402625 ], [ 55.414342192225789, 25.208710913865527 ], [ 55.416822910290797, 25.208737501854667 ], [ 55.416852111155158, 25.206480657684914 ], [ 55.414371438798995, 25.206454072402625 ] ] ] } },
{ "type": "Feature", "properties": { "cell_id": 1111, "district": "mirdif", "gius": 0.309, "walkability_norm": 0.112, "services_norm": 0.065, "transit_norm": 0.75, "cluster": 0 }, "geometry": { "type": "Polygon", "coordinates": [ [ [ 55.414342192225789, 25.208710913865527 ], [ 55.414312942126557, 25.210967754607868 ], [ 55.416793705905903, 25.210994345303952 ], [ 55.416822910290797, 25.208737501854667 ], [ 55.414342192225789, 25.208710913865527 ] ] ] } },
{ "type": "Feature", "properties": { "cell_id": 1112, "district": "mirdif", "gius": 0.465, "walkability_norm": 0.551, "services_norm": 0.065, "transit_norm": 0.779, "cluster": 1 }, "geometry": { "type": "Polygon", "coordinates": [ [ [ 55.414312942126557, 25.210967754607868 ], [ 55.414283688501001, 25.213224594629608 ], [ 55.416764498000205, 25.213251188032743 ], [ 55.416793705905903, 25.210994345303952 ], [ 55.414312942126557, 25.210967754607868 ] ] ] } },
{ "type": "Feature", "properties": { "cell_id": 1113, "district": "mirdif", "gius": 0.351, "walkability_norm": 0.224, "services_norm": 0.032, "transit_norm": 0.795, "cluster": 0 }, "geometry": { "type": "Polygon", "coordinates": [ [ [ 55.414283688501001, 25.213224594629608 ], [ 55.414254431348844, 25.215481433930698 ], [ 55.416735286573406, 25.215508030040979 ], [ 55.416764498000205, 25.213251188032743 ], [ 55.414283688501001, 25.213224594629608 ] ] ] } },
{ "type": "Feature", "properties": { "cell_id": 1114, "district": "mirdif", "gius": 0.357, "walkability_norm": 0.204, "services_norm": 0.097, "transit_norm": 0.769, "cluster": 0 }, "geometry": { "type": "Polygon", "coordinates": [ [ [ 55.414254431348844, 25.215481433930698 ], [ 55.414225170669795, 25.217738272511092 ], [ 55.416706071625228, 25.217764871328612 ], [ 55.416735286573406, 25.215508030040979 ], [ 55.414254431348844, 25.215481433930698 ] ] ] } },
{ "type": "Feature", "properties": { "cell_id": 1115, "district": "mirdif", "gius": 0.321, "walkability_norm": 0.194, "services_norm": 0.065, "transit_norm": 0.705, "cluster": 0 }, "geometry": { "type": "Polygon", "coordinates": [ [ [ 55.414225170669795, 25.217738272511092 ], [ 55.414195906463576, 25.219995110370732 ], [ 55.416676853155394, 25.220021711895587 ], [ 55.416706071625228, 25.217764871328612 ], [ 55.414225170669795, 25.217738272511092 ] ] ] } },
{ "type": "Feature", "properties": { "cell_id": 1116, "district": "mirdif", "gius": 0.269, "walkability_norm": 0.153, "services_norm": 0.032, "transit_norm": 0.62, "cluster": 0 }, "geometry": { "type": "Polygon", "coordinates": [ [ [ 55.414195906463576, 25.219995110370732 ], [ 55.414166638729895, 25.222251947509569 ], [ 55.416647631163606, 25.222278551741862 ], [ 55.416676853155394, 25.220021711895587 ], [ 55.414195906463576, 25.219995110370732 ] ] ] } },
{ "type": "Feature", "properties": { "cell_id": 1117, "district": "mirdif", "gius": 0.274, "walkability_norm": 0.173, "services_norm": 0.065, "transit_norm": 0.583, "cluster": 0 }, "geometry": { "type": "Polygon", "coordinates": [ [ [ 55.414166638729895, 25.222251947509569 ], [ 55.414137367468477, 25.224508783927568 ], [ 55.416618405649594, 25.224535390867384 ], [ 55.416647631163606, 25.222278551741862 ], [ 55.414166638729895, 25.222251947509569 ] ] ] } },
{ "type": "Feature", "properties": { "cell_id": 1118, "district": "mirdif", "gius": 0.289, "walkability_norm": 0.276, "services_norm": 0.065, "transit_norm": 0.528, "cluster": 0 }, "geometry": { "type": "Polygon", "coordinates": [ [ [ 55.414137367468477, 25.224508783927568 ], [ 55.414108092679037, 25.226765619624668 ], [ 55.416589176613058, 25.22679222927211 ], [ 55.416618405649594, 25.224535390867384 ], [ 55.414137367468477, 25.224508783927568 ] ] ] } },
{ "type": "Feature", "properties": { "cell_id": 1119, "district": "mirdif", "gius": 0.227, "walkability_norm": 0.194, "services_norm": 0.032, "transit_norm": 0.456, "cluster": 2 }, "geometry": { "type": "Polygon", "coordinates": [ [ [ 55.414108092679037, 25.226765619624668 ], [ 55.414078814361275, 25.229022454600816 ], [ 55.416559944053731, 25.229049066955984 ], [ 55.416589176613058, 25.22679222927211 ], [ 55.414108092679037, 25.226765619624668 ] ] ] } },
{ "type": "Feature", "properties": { "cell_id": 1120, "district": "mirdif", "gius": 0.179, "walkability_norm": 0.133, "services_norm": 0.032, "transit_norm": 0.373, "cluster": 2 }, "geometry": { "type": "Polygon", "coordinates": [ [ [ 55.414078814361275, 25.229022454600816 ], [ 55.414049532514923, 25.231279288855973 ], [ 55.416530707971312, 25.231305903918965 ], [ 55.416559944053731, 25.229049066955984 ], [ 55.414078814361275, 25.229022454600816 ] ] ] } },
{ "type": "Feature", "properties": { "cell_id": 1121, "district": "mirdif", "gius": 0.183, "walkability_norm": 0.235, "services_norm": 0.032, "transit_norm": 0.282, "cluster": 2 }, "geometry": { "type": "Polygon", "coordinates": [ [ [ 55.414049532514923, 25.231279288855973 ], [ 55.414020247139682, 25.233536122390092 ], [ 55.416501468365531, 25.233562740161002 ], [ 55.416530707971312, 25.231305903918965 ], [ 55.414049532514923, 25.231279288855973 ] ] ] } },
{ "type": "Feature", "properties": { "cell_id": 1122, "district": "mirdif", "gius": 0.096, "walkability_norm": 0.102, "services_norm": 0.0, "transit_norm": 0.186, "cluster": 2 }, "geometry": { "type": "Polygon", "coordinates": [ [ [ 55.414020247139682, 25.233536122390092 ], [ 55.413990958235281, 25.235792955203113 ], [ 55.416472225236092, 25.235819575682036 ], [ 55.416501468365531, 25.233562740161002 ], [ 55.414020247139682, 25.233536122390092 ] ] ] } },
{ "type": "Feature", "properties": { "cell_id": 1123, "district": "mirdif", "gius": 0.362, "walkability_norm": 1.0, "services_norm": 0.0, "transit_norm": 0.087, "cluster": 2 }, "geometry": { "type": "Polygon", "coordinates": [ [ [ 55.413990958235281, 25.235792955203113 ], [ 55.413961665801438, 25.238049787294997 ], [ 55.416442978582722, 25.23807641048203 ], [ 55.416472225236092, 25.235819575682036 ], [ 55.413990958235281, 25.235792955203113 ] ] ] } },
{ "type": "Feature", "properties": { "cell_id": 1124, "district": "mirdif", "gius": 0.126, "walkability_norm": 0.378, "services_norm": 0.0, "transit_norm": 0.0, "cluster": 2 }, "geometry": { "type": "Polygon", "coordinates": [ [ [ 55.413961665801438, 25.238049787294997 ], [ 55.413932369837852, 25.240306618665681 ], [ 55.416413728405132, 25.240333244560933 ], [ 55.416442978582722, 25.23807641048203 ], [ 55.413961665801438, 25.238049787294997 ] ] ] } },
{ "type": "Feature", "properties": { "cell_id": 1125, "district": "mirdif", "gius": 0.231, "walkability_norm": 0.031, "services_norm": 0.0, "transit_norm": 0.663, "cluster": 0 }, "geometry": { "type": "Polygon", "coordinates": [ [ [ 55.417027242426151, 25.192939577539565 ], [ 55.416998062678992, 25.195196426031028 ], [ 55.419478510092411, 25.195222956213641 ], [ 55.419507644163488, 25.19296610502014 ], [ 55.417027242426151, 25.192939577539565 ] ] ] } },
{ "type": "Feature", "properties": { "cell_id": 1126, "district": "mirdif", "gius": 0.325, "walkability_norm": 0.255, "services_norm": 0.0, "transit_norm": 0.72, "cluster": 0 }, "geometry": { "type": "Polygon", "coordinates": [ [ [ 55.416998062678992, 25.195196426031028 ], [ 55.41696887941302, 25.197453273802321 ], [ 55.419449372508012, 25.197479806687067 ], [ 55.419478510092411, 25.195222956213641 ], [ 55.416998062678992, 25.195196426031028 ] ] ] } },
{ "type": "Feature", "properties": { "cell_id": 1127, "district": "mirdif", "gius": 0.319, "walkability_norm": 0.214, "services_norm": 0.0, "transit_norm": 0.743, "cluster": 0 }, "geometry": { "type": "Polygon", "coordinates": [ [ [ 55.41696887941302, 25.197453273802321 ], [ 55.416939692627921, 25.19971012085341 ], [ 55.419420231410015, 25.199736656440386 ], [ 55.419449372508012, 25.197479806687067 ], [ 55.41696887941302, 25.197453273802321 ] ] ] } },
{ "type": "Feature", "properties": { "cell_id": 1128, "district": "mirdif", "gius": 0.303, "walkability_norm": 0.184, "services_norm": 0.0, "transit_norm": 0.724, "cluster": 0 }, "geometry": { "type": "Polygon", "coordinates": [ [ [ 55.416939692627921, 25.19971012085341 ], [ 55.416910502323439, 25.201966967184244 ], [ 55.419391086798129, 25.201993505473542 ], [ 55.419420231410015, 25.199736656440386 ], [ 55.416939692627921, 25.19971012085341 ] ] ] } },
{ "type": "Feature", "properties": { "cell_id": 1129, "district": "mirdif", "gius": 0.489, "walkability_norm": 0.786, "services_norm": 0.0, "transit_norm": 0.682, "cluster": 1 }, "geometry": { "type": "Polygon", "coordinates": [ [ [ 55.416910502323439, 25.201966967184244 ], [ 55.416881308499278, 25.204223812794758 ], [ 55.419361938672075, 25.204250353786485 ], [ 55.419391086798129, 25.201993505473542 ], [ 55.416910502323439, 25.201966967184244 ] ] ] } },
{ "type": "Feature", "properties": { "cell_id": 1130, "district": "mirdif", "gius": 0.312, "walkability_norm": 0.224, "services_norm": 0.0, "transit_norm": 0.712, "cluster": 0 }, "geometry": { "type": "Polygon", "coordinates": [ [ [ 55.416881308499278, 25.204223812794758 ], [ 55.416852111155158, 25.206480657684914 ], [ 55.419332787031571, 25.206507201379161 ], [ 55.419361938672075, 25.204250353786485 ], [ 55.416881308499278, 25.204223812794758 ] ] ] } },
{ "type": "Feature", "properties": { "cell_id": 1131, "district": "mirdif", "gius": 0.3, "walkability_norm": 0.133, "services_norm": 0.065, "transit_norm": 0.704, "cluster": 0 }, "geometry": { "type": "Polygon", "coordinates": [ [ [ 55.416852111155158, 25.206480657684914 ], [ 55.416822910290797, 25.208737501854667 ], [ 55.419303631876325, 25.208764048251531 ], [ 55.419332787031571, 25.206507201379161 ], [ 55.416852111155158, 25.206480657684914 ] ] ] } },
{ "type": "Feature", "properties": { "cell_id": 1132, "district": "mirdif", "gius": 0.358, "walkability_norm": 0.316, "services_norm": 0.097, "transit_norm": 0.66, "cluster": 0 }, "geometry": { "type": "Polygon", "coordinates": [ [ [ 55.416822910290797, 25.208737501854667 ], [ 55.416793705905903, 25.210994345303952 ], [ 55.419274473206066, 25.211020894403539 ], [ 55.419303631876325, 25.208764048251531 ], [ 55.416822910290797, 25.208737501854667 ] ] ] } },
{ "type": "Feature", "properties": { "cell_id": 1133, "district": "mirdif", "gius": 0.569, "walkability_norm": 0.969, "services_norm": 0.065, "transit_norm": 0.672, "cluster": 1 }, "geometry": { "type": "Polygon", "coordinates": [ [ [ 55.416793705905903, 25.210994345303952 ], [ 55.416764498000205, 25.213251188032743 ], [ 55.419245311020497, 25.213277739835132 ], [ 55.419274473206066, 25.211020894403539 ], [ 55.416793705905903, 25.210994345303952 ] ] ] } },
{ "type": "Feature", "properties": { "cell_id": 1134, "district": "mirdif", "gius": 0.382, "walkability_norm": 0.398, "services_norm": 0.065, "transit_norm": 0.683, "cluster": 0 }, "geometry": { "type": "Polygon", "coordinates": [ [ [ 55.416764498000205, 25.213251188032743 ], [ 55.416735286573406, 25.215508030040979 ], [ 55.419216145319353, 25.215534584546283 ], [ 55.419245311020497, 25.213277739835132 ], [ 55.416764498000205, 25.213251188032743 ] ] ] } },
{ "type": "Feature", "properties": { "cell_id": 1135, "district": "mirdif", "gius": 0.406, "walkability_norm": 0.429, "services_norm": 0.097, "transit_norm": 0.693, "cluster": 0 }, "geometry": { "type": "Polygon", "coordinates": [ [ [ 55.416735286573406, 25.215508030040979 ], [ 55.416706071625228, 25.217764871328612 ], [ 55.419186976102331, 25.217791428536913 ], [ 55.419216145319353, 25.215534584546283 ], [ 55.416735286573406, 25.215508030040979 ] ] ] } },
{ "type": "Feature", "properties": { "cell_id": 1136, "district": "mirdif", "gius": 0.462, "walkability_norm": 0.561, "services_norm": 0.097, "transit_norm": 0.729, "cluster": 1 }, "geometry": { "type": "Polygon", "coordinates": [ [ [ 55.416706071625228, 25.217764871328612 ], [ 55.416676853155394, 25.220021711895587 ], [ 55.41915780336916, 25.220048271806988 ], [ 55.419186976102331, 25.217791428536913 ], [ 55.416706071625228, 25.217764871328612 ] ] ] } },
{ "type": "Feature", "properties": { "cell_id": 1137, "district": "mirdif", "gius": 0.324, "walkability_norm": 0.184, "services_norm": 0.065, "transit_norm": 0.725, "cluster": 0 }, "geometry": { "type": "Polygon", "coordinates": [ [ [ 55.416676853155394, 25.220021711895587 ], [ 55.416647631163606, 25.222278551741862 ], [ 55.419128627119555, 25.222305114356462 ], [ 55.41915780336916, 25.220048271806988 ], [ 55.416676853155394, 25.220021711895587 ] ] ] } },
{ "type": "Feature", "properties": { "cell_id": 1138, "district": "mirdif", "gius": 0.416, "walkability_norm": 0.469, "services_norm": 0.097, "transit_norm": 0.683, "cluster": 1 }, "geometry": { "type": "Polygon", "coordinates": [ [ [ 55.416647631163606, 25.222278551741862 ], [ 55.416618405649594, 25.224535390867384 ], [ 55.419099447353219, 25.224561956185287 ], [ 55.419128627119555, 25.222305114356462 ], [ 55.416647631163606, 25.222278551741862 ] ] ] } },
{ "type": "Feature", "properties": { "cell_id": 1139, "district": "mirdif", "gius": 0.372, "walkability_norm": 0.439, "services_norm": 0.065, "transit_norm": 0.614, "cluster": 0 }, "geometry": { "type": "Polygon", "coordinates": [ [ [ 55.416618405649594, 25.224535390867384 ], [ 55.416589176613058, 25.22679222927211 ], [ 55.419070264069887, 25.226818797293404 ], [ 55.419099447353219, 25.224561956185287 ], [ 55.416618405649594, 25.224535390867384 ] ] ] } },
{ "type": "Feature", "properties": { "cell_id": 1140, "district": "mirdif", "gius": 0.236, "walkability_norm": 0.082, "services_norm": 0.097, "transit_norm": 0.53, "cluster": 0 }, "geometry": { "type": "Polygon", "coordinates": [ [ [ 55.416589176613058, 25.22679222927211 ], [ 55.416559944053731, 25.229049066955984 ], [ 55.41904107726927, 25.229075637680769 ], [ 55.419070264069887, 25.226818797293404 ], [ 55.416589176613058, 25.22679222927211 ] ] ] } },
{ "type": "Feature", "properties": { "cell_id": 1141, "district": "mirdif", "gius": 0.217, "walkability_norm": 0.184, "services_norm": 0.032, "transit_norm": 0.436, "cluster": 2 }, "geometry": { "type": "Polygon", "coordinates": [ [ [ 55.416559944053731, 25.229049066955984 ], [ 55.416530707971312, 25.231305903918965 ], [ 55.419011886951075, 25.231332477347337 ], [ 55.41904107726927, 25.229075637680769 ], [ 55.416559944053731, 25.229049066955984 ] ] ] } },
{ "type": "Feature", "properties": { "cell_id": 1142, "district": "mirdif", "gius": 0.211, "walkability_norm": 0.265, "services_norm": 0.032, "transit_norm": 0.337, "cluster": 2 }, "geometry": { "type": "Polygon", "coordinates": [ [ [ 55.416530707971312, 25.231305903918965 ], [ 55.416501468365531, 25.233562740161002 ], [ 55.418982693115034, 25.233589316293056 ], [ 55.419011886951075, 25.231332477347337 ], [ 55.416530707971312, 25.231305903918965 ] ] ] } },
{ "type": "Feature", "properties": { "cell_id": 1143, "district": "mirdif", "gius": 0.095, "walkability_norm": 0.051, "services_norm": 0.0, "transit_norm": 0.234, "cluster": 2 }, "geometry": { "type": "Polygon", "coordinates": [ [ [ 55.416501468365531, 25.233562740161002 ], [ 55.416472225236092, 25.235819575682036 ], [ 55.418953495760846, 25.235846154517876 ], [ 55.418982693115034, 25.233589316293056 ], [ 55.416501468365531, 25.233562740161002 ] ] ] } },
{ "type": "Feature", "properties": { "cell_id": 1144, "district": "mirdif", "gius": 0.132, "walkability_norm": 0.265, "services_norm": 0.0, "transit_norm": 0.13, "cluster": 2 }, "geometry": { "type": "Polygon", "coordinates": [ [ [ 55.416472225236092, 25.235819575682036 ], [ 55.416442978582722, 25.23807641048203 ], [ 55.418924294888235, 25.238102992021744 ], [ 55.418953495760846, 25.235846154517876 ], [ 55.416472225236092, 25.235819575682036 ] ] ] } },
{ "type": "Feature", "properties": { "cell_id": 1145, "district": "mirdif", "gius": 0.049, "walkability_norm": 0.122, "services_norm": 0.0, "transit_norm": 0.023, "cluster": 2 }, "geometry": { "type": "Polygon", "coordinates": [ [ [ 55.416442978582722, 25.23807641048203 ], [ 55.416413728405132, 25.240333244560933 ], [ 55.418895090496925, 25.240359828804625 ], [ 55.418924294888235, 25.238102992021744 ], [ 55.416442978582722, 25.23807641048203 ] ] ] } },
{ "type": "Feature", "properties": { "cell_id": 1146, "district": "mirdif", "gius": 0.197, "walkability_norm": 0.02, "services_norm": 0.0, "transit_norm": 0.57, "cluster": 0 }, "geometry": { "type": "Polygon", "coordinates": [ [ [ 55.419507644163488, 25.19296610502014 ], [ 55.419478510092411, 25.195222956213641 ], [ 55.421958961019143, 25.195249444829141 ], [ 55.421988049413862, 25.192992590937834 ], [ 55.419507644163488, 25.19296610502014 ] ] ] } },
{ "type": "Feature", "properties": { "cell_id": 1147, "district": "mirdif", "gius": 0.28, "walkability_norm": 0.224, "services_norm": 0.0, "transit_norm": 0.615, "cluster": 0 }, "geometry": { "type": "Polygon", "coordinates": [ [ [ 55.419478510092411, 25.195222956213641 ], [ 55.419449372508012, 25.197479806687067 ], [ 55.421929869116617, 25.197506298000469 ], [ 55.421958961019143, 25.195249444829141 ], [ 55.419478510092411, 25.195222956213641 ] ] ] } },
{ "type": "Feature", "properties": { "cell_id": 1148, "district": "mirdif", "gius": 0.265, "walkability_norm": 0.163, "services_norm": 0.0, "transit_norm": 0.631, "cluster": 0 }, "geometry": { "type": "Polygon", "coordinates": [ [ [ 55.419449372508012, 25.197479806687067 ], [ 55.419420231410015, 25.199736656440386 ], [ 55.421900773705993, 25.19976315045179 ], [ 55.421929869116617, 25.197506298000469 ], [ 55.419449372508012, 25.197479806687067 ] ] ] } },
{ "type": "Feature", "properties": { "cell_id": 1149, "district": "mirdif", "gius": 0.294, "walkability_norm": 0.265, "services_norm": 0.0, "transit_norm": 0.617, "cluster": 0 }, "geometry": { "type": "Polygon", "coordinates": [ [ [ 55.419420231410015, 25.199736656440386 ], [ 55.419391086798129, 25.201993505473542 ], [ 55.421871674786992, 25.202020002183033 ], [ 55.421900773705993, 25.19976315045179 ], [ 55.419420231410015, 25.199736656440386 ] ] ] } },
{ "type": "Feature", "properties": { "cell_id": 1150, "district": "mirdif", "gius": 0.285, "walkability_norm": 0.245, "services_norm": 0.032, "transit_norm": 0.578, "cluster": 0 }, "geometry": { "type": "Polygon", "coordinates": [ [ [ 55.419391086798129, 25.201993505473542 ], [ 55.419361938672075, 25.204250353786485 ], [ 55.421842572359324, 25.20427685319417 ], [ 55.421871674786992, 25.202020002183033 ], [ 55.419391086798129, 25.201993505473542 ] ] ] } },
{ "type": "Feature", "properties": { "cell_id": 1151, "district": "mirdif", "gius": 0.313, "walkability_norm": 0.306, "services_norm": 0.032, "transit_norm": 0.6, "cluster": 0 }, "geometry": { "type": "Polygon", "coordinates": [ [ [ 55.419361938672075, 25.204250353786485 ], [ 55.419332787031571, 25.206507201379161 ], [ 55.421813466422712, 25.206533703485135 ], [ 55.421842572359324, 25.20427685319417 ], [ 55.419361938672075, 25.204250353786485 ] ] ] } },
{ "type": "Feature", "properties": { "cell_id": 1152, "district": "mirdif", "gius": 0.315, "walkability_norm": 0.255, "services_norm": 0.097, "transit_norm": 0.594, "cluster": 0 }, "geometry": { "type": "Polygon", "coordinates": [ [ [ 55.419332787031571, 25.206507201379161 ], [ 55.419303631876325, 25.208764048251531 ], [ 55.421784356976879, 25.208790553055888 ], [ 55.421813466422712, 25.206533703485135 ], [ 55.419332787031571, 25.206507201379161 ] ] ] } },
{ "type": "Feature", "properties": { "cell_id": 1153, "district": "mirdif", "gius": 0.362, "walkability_norm": 0.459, "services_norm": 0.065, "transit_norm": 0.561, "cluster": 0 }, "geometry": { "type": "Polygon", "coordinates": [ [ [ 55.419303631876325, 25.208764048251531 ], [ 55.419274473206066, 25.211020894403539 ], [ 55.421755244021526, 25.211047401906381 ], [ 55.421784356976879, 25.208790553055888 ], [ 55.419303631876325, 25.208764048251531 ] ] ] } },
{ "type": "Feature", "properties": { "cell_id": 1154, "district": "mirdif", "gius": 0.478, "walkability_norm": 0.796, "services_norm": 0.032, "transit_norm": 0.607, "cluster": 1 }, "geometry": { "type": "Polygon", "coordinates": [ [ [ 55.419274473206066, 25.211020894403539 ], [ 55.419245311020497, 25.213277739835132 ], [ 55.421726127556383, 25.213304250036554 ], [ 55.421755244021526, 25.211047401906381 ], [ 55.419274473206066, 25.211020894403539 ] ] ] } },
{ "type": "Feature", "properties": { "cell_id": 1155, "district": "mirdif", "gius": 0.338, "walkability_norm": 0.214, "services_norm": 0.097, "transit_norm": 0.703, "cluster": 0 }, "geometry": { "type": "Polygon", "coordinates": [ [ [ 55.419245311020497, 25.213277739835132 ], [ 55.419216145319353, 25.215534584546283 ], [ 55.421697007581166, 25.215561097446372 ], [ 55.421726127556383, 25.213304250036554 ], [ 55.419245311020497, 25.213277739835132 ] ] ] } },
{ "type": "Feature", "properties": { "cell_id": 1156, "district": "mirdif", "gius": 0.386, "walkability_norm": 0.276, "services_norm": 0.097, "transit_norm": 0.787, "cluster": 0 }, "geometry": { "type": "Polygon", "coordinates": [ [ [ 55.419216145319353, 25.215534584546283 ], [ 55.419186976102331, 25.217791428536913 ], [ 55.421667884095584, 25.217817944135774 ], [ 55.421697007581166, 25.215561097446372 ], [ 55.419216145319353, 25.215534584546283 ] ] ] } },
{ "type": "Feature", "properties": { "cell_id": 1157, "district": "mirdif", "gius": 0.424, "walkability_norm": 0.337, "services_norm": 0.097, "transit_norm": 0.839, "cluster": 0 }, "geometry": { "type": "Polygon", "coordinates": [ [ [ 55.419186976102331, 25.217791428536913 ], [ 55.41915780336916, 25.220048271806988 ], [ 55.421638757099366, 25.220074790104722 ], [ 55.421667884095584, 25.217817944135774 ], [ 55.419186976102331, 25.217791428536913 ] ] ] } },
{ "type": "Feature", "properties": { "cell_id": 1158, "district": "mirdif", "gius": 0.336, "walkability_norm": 0.112, "services_norm": 0.065, "transit_norm": 0.833, "cluster": 0 }, "geometry": { "type": "Polygon", "coordinates": [ [ [ 55.41915780336916, 25.220048271806988 ], [ 55.419128627119555, 25.222305114356462 ], [ 55.421609626592215, 25.222331635353161 ], [ 55.421638757099366, 25.220074790104722 ], [ 55.41915780336916, 25.220048271806988 ] ] ] } },
{ "type": "Feature", "properties": { "cell_id": 1159, "district": "mirdif", "gius": 0.382, "walkability_norm": 0.276, "services_norm": 0.097, "transit_norm": 0.772, "cluster": 0 }, "geometry": { "type": "Polygon", "coordinates": [ [ [ 55.419128627119555, 25.222305114356462 ], [ 55.419099447353219, 25.224561956185287 ], [ 55.42158049257386, 25.224588479881042 ], [ 55.421609626592215, 25.222331635353161 ], [ 55.419128627119555, 25.222305114356462 ] ] ] } },
{ "type": "Feature", "properties": { "cell_id": 1160, "district": "mirdif", "gius": 0.359, "walkability_norm": 0.296, "services_norm": 0.097, "transit_norm": 0.685, "cluster": 0 }, "geometry": { "type": "Polygon", "coordinates": [ [ [ 55.419099447353219, 25.224561956185287 ], [ 55.419070264069887, 25.226818797293404 ], [ 55.421551355044009, 25.22684532368832 ], [ 55.42158049257386, 25.224588479881042 ], [ 55.419099447353219, 25.224561956185287 ] ] ] } },
{ "type": "Feature", "properties": { "cell_id": 1161, "district": "mirdif", "gius": 0.253, "walkability_norm": 0.173, "services_norm": 0.0, "transit_norm": 0.587, "cluster": 0 }, "geometry": { "type": "Polygon", "coordinates": [ [ [ 55.419070264069887, 25.226818797293404 ], [ 55.41904107726927, 25.229075637680769 ], [ 55.42152221400238, 25.229102166774943 ], [ 55.421551355044009, 25.22684532368832 ], [ 55.419070264069887, 25.226818797293404 ] ] ] } },
{ "type": "Feature", "properties": { "cell_id": 1162, "district": "mirdif", "gius": 0.216, "walkability_norm": 0.133, "services_norm": 0.032, "transit_norm": 0.483, "cluster": 2 }, "geometry": { "type": "Polygon", "coordinates": [ [ [ 55.41904107726927, 25.229075637680769 ], [ 55.419011886951075, 25.231332477347337 ], [ 55.421493069448694, 25.231359009140856 ], [ 55.42152221400238, 25.229102166774943 ], [ 55.41904107726927, 25.229075637680769 ] ] ] } },
{ "type": "Feature", "properties": { "cell_id": 1163, "district": "mirdif", "gius": 0.238, "walkability_norm": 0.306, "services_norm": 0.032, "transit_norm": 0.377, "cluster": 2 }, "geometry": { "type": "Polygon", "coordinates": [ [ [ 55.419011886951075, 25.231332477347337 ], [ 55.418982693115034, 25.233589316293056 ], [ 55.421463921382667, 25.23361585078603 ], [ 55.421493069448694, 25.231359009140856 ], [ 55.419011886951075, 25.231332477347337 ] ] ] } },
{ "type": "Feature", "properties": { "cell_id": 1164, "district": "mirdif", "gius": 0.107, "walkability_norm": 0.051, "services_norm": 0.0, "transit_norm": 0.269, "cluster": 2 }, "geometry": { "type": "Polygon", "coordinates": [ [ [ 55.418982693115034, 25.233589316293056 ], [ 55.418953495760846, 25.235846154517876 ], [ 55.421434769804016, 25.235872691710391 ], [ 55.421463921382667, 25.23361585078603 ], [ 55.418982693115034, 25.233589316293056 ] ] ] } },
{ "type": "Feature", "properties": { "cell_id": 1165, "district": "mirdif", "gius": 0.288, "walkability_norm": 0.704, "services_norm": 0.0, "transit_norm": 0.16, "cluster": 2 }, "geometry": { "type": "Polygon", "coordinates": [ [ [ 55.418953495760846, 25.235846154517876 ], [ 55.418924294888235, 25.238102992021744 ], [ 55.421405614712455, 25.238129531913906 ], [ 55.421434769804016, 25.235872691710391 ], [ 55.418953495760846, 25.235846154517876 ] ] ] } },
{ "type": "Feature", "properties": { "cell_id": 1166, "district": "mirdif", "gius": 0.173, "walkability_norm": 0.469, "services_norm": 0.0, "transit_norm": 0.051, "cluster": 2 }, "geometry": { "type": "Polygon", "coordinates": [ [ [ 55.418924294888235, 25.238102992021744 ], [ 55.418895090496925, 25.240359828804625 ], [ 55.421376456107694, 25.240386371396518 ], [ 55.421405614712455, 25.238129531913906 ], [ 55.418924294888235, 25.238102992021744 ] ] ] } },
{ "type": "Feature", "properties": { "cell_id": 1167, "district": "mirdif", "gius": 0.16, "walkability_norm": 0.01, "services_norm": 0.0, "transit_norm": 0.47, "cluster": 2 }, "geometry": { "type": "Polygon", "coordinates": [ [ [ 55.421988049413862, 25.192992590937834 ], [ 55.421958961019143, 25.195249444829141 ], [ 55.424439415453691, 25.195275891877298 ], [ 55.424468458171759, 25.193019035292426 ], [ 55.421988049413862, 25.192992590937834 ] ] ] } },
{ "type": "Feature", "properties": { "cell_id": 1168, "district": "mirdif", "gius": 0.264, "walkability_norm": 0.286, "services_norm": 0.0, "transit_norm": 0.506, "cluster": 0 }, "geometry": { "type": "Polygon", "coordinates": [ [ [ 55.421958961019143, 25.195249444829141 ], [ 55.421929869116617, 25.197506298000469 ], [ 55.424410369233314, 25.197532747742297 ], [ 55.424439415453691, 25.195275891877298 ], [ 55.421958961019143, 25.195249444829141 ] ] ] } },
{ "type": "Feature", "properties": { "cell_id": 1169, "district": "mirdif", "gius": 0.231, "walkability_norm": 0.173, "services_norm": 0.0, "transit_norm": 0.519, "cluster": 0 }, "geometry": { "type": "Polygon", "coordinates": [ [ [ 55.421929869116617, 25.197506298000469 ], [ 55.421900773705993, 25.19976315045179 ], [ 55.424381319510353, 25.199789602887382 ], [ 55.424410369233314, 25.197532747742297 ], [ 55.421929869116617, 25.197506298000469 ] ] ] } },
{ "type": "Feature", "properties": { "cell_id": 1170, "district": "mirdif", "gius": 0.299, "walkability_norm": 0.388, "services_norm": 0.0, "transit_norm": 0.508, "cluster": 0 }, "geometry": { "type": "Polygon", "coordinates": [ [ [ 55.421900773705993, 25.19976315045179 ], [ 55.421871674786992, 25.202020002183033 ], [ 55.424352266284515, 25.202046457312491 ], [ 55.424381319510353, 25.199789602887382 ], [ 55.421900773705993, 25.19976315045179 ] ] ] } },
{ "type": "Feature", "properties": { "cell_id": 1171, "district": "mirdif", "gius": 0.223, "walkability_norm": 0.163, "services_norm": 0.032, "transit_norm": 0.475, "cluster": 2 }, "geometry": { "type": "Polygon", "coordinates": [ [ [ 55.421871674786992, 25.202020002183033 ], [ 55.421842572359324, 25.20427685319417 ], [ 55.424323209555517, 25.204303311017583 ], [ 55.424352266284515, 25.202046457312491 ], [ 55.421871674786992, 25.202020002183033 ] ] ] } },
{ "type": "Feature", "properties": { "cell_id": 1172, "district": "mirdif", "gius": 0.329, "walkability_norm": 0.337, "services_norm": 0.161, "transit_norm": 0.489, "cluster": 0 }, "geometry": { "type": "Polygon", "coordinates": [ [ [ 55.421842572359324, 25.20427685319417 ], [ 55.421813466422712, 25.206533703485135 ], [ 55.424294149323089, 25.206560164002603 ], [ 55.424323209555517, 25.204303311017583 ], [ 55.421842572359324, 25.20427685319417 ] ] ] } },
{ "type": "Feature", "properties": { "cell_id": 1173, "district": "mirdif", "gius": 0.269, "walkability_norm": 0.163, "services_norm": 0.161, "transit_norm": 0.484, "cluster": 0 }, "geometry": { "type": "Polygon", "coordinates": [ [ [ 55.421813466422712, 25.206533703485135 ], [ 55.421784356976879, 25.208790553055888 ], [ 55.424265085586931, 25.208817016267506 ], [ 55.424294149323089, 25.206560164002603 ], [ 55.421813466422712, 25.206533703485135 ] ] ] } },
{ "type": "Feature", "properties": { "cell_id": 1174, "district": "mirdif", "gius": 0.249, "walkability_norm": 0.184, "services_norm": 0.032, "transit_norm": 0.532, "cluster": 0 }, "geometry": { "type": "Polygon", "coordinates": [ [ [ 55.421784356976879, 25.208790553055888 ], [ 55.421755244021526, 25.211047401906381 ], [ 55.424236018346782, 25.211073867812242 ], [ 55.424265085586931, 25.208817016267506 ], [ 55.421784356976879, 25.208790553055888 ] ] ] } },
{ "type": "Feature", "properties": { "cell_id": 1175, "district": "mirdif", "gius": 0.361, "walkability_norm": 0.408, "services_norm": 0.032, "transit_norm": 0.643, "cluster": 0 }, "geometry": { "type": "Polygon", "coordinates": [ [ [ 55.421755244021526, 25.211047401906381 ], [ 55.421726127556383, 25.213304250036554 ], [ 55.424206947602343, 25.213330718636762 ], [ 55.424236018346782, 25.211073867812242 ], [ 55.421755244021526, 25.211047401906381 ] ] ] } },
{ "type": "Feature", "properties": { "cell_id": 1176, "district": "mirdif", "gius": 0.343, "walkability_norm": 0.245, "services_norm": 0.032, "transit_norm": 0.752, "cluster": 0 }, "geometry": { "type": "Polygon", "coordinates": [ [ [ 55.421726127556383, 25.213304250036554 ], [ 55.421697007581166, 25.215561097446372 ], [ 55.424177873353337, 25.215587568741022 ], [ 55.424206947602343, 25.213330718636762 ], [ 55.421726127556383, 25.213304250036554 ] ] ] } },
{ "type": "Feature", "properties": { "cell_id": 1177, "district": "mirdif", "gius": 0.409, "walkability_norm": 0.337, "services_norm": 0.032, "transit_norm": 0.857, "cluster": 0 }, "geometry": { "type": "Polygon", "coordinates": [ [ [ 55.421697007581166, 25.215561097446372 ], [ 55.421667884095584, 25.217817944135774 ], [ 55.424148795599478, 25.217844418124965 ], [ 55.424177873353337, 25.215587568741022 ], [ 55.421697007581166, 25.215561097446372 ] ] ] } },
{ "type": "Feature", "properties": { "cell_id": 1178, "district": "mirdif", "gius": 0.4, "walkability_norm": 0.224, "services_norm": 0.032, "transit_norm": 0.943, "cluster": 0 }, "geometry": { "type": "Polygon", "coordinates": [ [ [ 55.421667884095584, 25.217817944135774 ], [ 55.421638757099366, 25.220074790104722 ], [ 55.424119714340492, 25.220101266788543 ], [ 55.424148795599478, 25.217844418124965 ], [ 55.421667884095584, 25.217817944135774 ] ] ] } },
{ "type": "Feature", "properties": { "cell_id": 1179, "district": "mirdif", "gius": 0.414, "walkability_norm": 0.214, "services_norm": 0.097, "transit_norm": 0.931, "cluster": 0 }, "geometry": { "type": "Polygon", "coordinates": [ [ [ 55.421638757099366, 25.220074790104722 ], [ 55.421609626592215, 25.222331635353161 ], [ 55.424090629576085, 25.222358114731716 ], [ 55.424119714340492, 25.220101266788543 ], [ 55.421638757099366, 25.220074790104722 ] ] ] } },
{ "type": "Feature", "properties": { "cell_id": 1180, "district": "mirdif", "gius": 0.509, "walkability_norm": 0.592, "services_norm": 0.097, "transit_norm": 0.837, "cluster": 1 }, "geometry": { "type": "Polygon", "coordinates": [ [ [ 55.421609626592215, 25.222331635353161 ], [ 55.42158049257386, 25.224588479881042 ], [ 55.424061541305981, 25.224614961954423 ], [ 55.424090629576085, 25.222358114731716 ], [ 55.421609626592215, 25.222331635353161 ] ] ] } },
{ "type": "Feature", "properties": { "cell_id": 1181, "district": "mirdif", "gius": 0.421, "walkability_norm": 0.469, "services_norm": 0.065, "transit_norm": 0.731, "cluster": 1 }, "geometry": { "type": "Polygon", "coordinates": [ [ [ 55.42158049257386, 25.224588479881042 ], [ 55.421551355044009, 25.22684532368832 ], [ 55.424032449529903, 25.226871808456629 ], [ 55.424061541305981, 25.224614961954423 ], [ 55.42158049257386, 25.224588479881042 ] ] ] } },
{ "type": "Feature", "properties": { "cell_id": 1182, "district": "mirdif", "gius": 0.289, "walkability_norm": 0.214, "services_norm": 0.032, "transit_norm": 0.621, "cluster": 0 }, "geometry": { "type": "Polygon", "coordinates": [ [ [ 55.421551355044009, 25.22684532368832 ], [ 55.42152221400238, 25.229102166774943 ], [ 55.424003354247553, 25.229128654238266 ], [ 55.424032449529903, 25.226871808456629 ], [ 55.421551355044009, 25.22684532368832 ] ] ] } },
{ "type": "Feature", "properties": { "cell_id": 1183, "district": "mirdif", "gius": 0.225, "walkability_norm": 0.163, "services_norm": 0.0, "transit_norm": 0.511, "cluster": 0 }, "geometry": { "type": "Polygon", "coordinates": [ [ [ 55.42152221400238, 25.229102166774943 ], [ 55.421493069448694, 25.231359009140856 ], [ 55.42397425545866, 25.231385499299307 ], [ 55.424003354247553, 25.229128654238266 ], [ 55.42152221400238, 25.229102166774943 ] ] ] } },
{ "type": "Feature", "properties": { "cell_id": 1184, "district": "mirdif", "gius": 0.184, "walkability_norm": 0.153, "services_norm": 0.0, "transit_norm": 0.4, "cluster": 2 }, "geometry": { "type": "Polygon", "coordinates": [ [ [ 55.421493069448694, 25.231359009140856 ], [ 55.421463921382667, 25.23361585078603 ], [ 55.423945153162933, 25.233642343639687 ], [ 55.42397425545866, 25.231385499299307 ], [ 55.421493069448694, 25.231359009140856 ] ] ] } },
{ "type": "Feature", "properties": { "cell_id": 1185, "district": "mirdif", "gius": 0.113, "walkability_norm": 0.051, "services_norm": 0.0, "transit_norm": 0.289, "cluster": 2 }, "geometry": { "type": "Polygon", "coordinates": [ [ [ 55.421463921382667, 25.23361585078603 ], [ 55.421434769804016, 25.235872691710391 ], [ 55.423916047360095, 25.235899187259363 ], [ 55.423945153162933, 25.233642343639687 ], [ 55.421463921382667, 25.23361585078603 ] ] ] } },
{ "type": "Feature", "properties": { "cell_id": 1186, "district": "mirdif", "gius": 0.406, "walkability_norm": 1.0, "services_norm": 0.032, "transit_norm": 0.184, "cluster": 1 }, "geometry": { "type": "Polygon", "coordinates": [ [ [ 55.421434769804016, 25.235872691710391 ], [ 55.421405614712455, 25.238129531913906 ], [ 55.423886938049861, 25.238156030158283 ], [ 55.423916047360095, 25.235899187259363 ], [ 55.421434769804016, 25.235872691710391 ] ] ] } },
{ "type": "Feature", "properties": { "cell_id": 1187, "district": "mirdif", "gius": 0.079, "walkability_norm": 0.153, "services_norm": 0.0, "transit_norm": 0.085, "cluster": 2 }, "geometry": { "type": "Polygon", "coordinates": [ [ [ 55.421405614712455, 25.238129531913906 ], [ 55.421376456107694, 25.240386371396518 ], [ 55.423857825231948, 25.240412872336407 ], [ 55.423886938049861, 25.238156030158283 ], [ 55.421405614712455, 25.238129531913906 ] ] ] } },
{ "type": "Feature", "properties": { "cell_id": 1188, "district": "mirdif", "gius": 0.132, "walkability_norm": 0.031, "services_norm": 0.0, "transit_norm": 0.367, "cluster": 2 }, "geometry": { "type": "Polygon", "coordinates": [ [ [ 55.424468458171759, 25.193019035292426 ], [ 55.424439415453691, 25.195275891877298 ], [ 55.426919873390553, 25.195302297357895 ], [ 55.426948870431687, 25.193045438083676 ], [ 55.424468458171759, 25.193019035292426 ] ] ] } },
{ "type": "Feature", "properties": { "cell_id": 1189, "district": "mirdif", "gius": 0.156, "walkability_norm": 0.071, "services_norm": 0.0, "transit_norm": 0.397, "cluster": 2 }, "geometry": { "type": "Polygon", "coordinates": [ [ [ 55.424439415453691, 25.195275891877298 ], [ 55.424410369233314, 25.197532747742297 ], [ 55.426890872852603, 25.197559155912327 ], [ 55.426919873390553, 25.195302297357895 ], [ 55.424439415453691, 25.195275891877298 ] ] ] } },
{ "type": "Feature", "properties": { "cell_id": 1190, "district": "mirdif", "gius": 0.238, "walkability_norm": 0.306, "services_norm": 0.0, "transit_norm": 0.407, "cluster": 2 }, "geometry": { "type": "Polygon", "coordinates": [ [ [ 55.424410369233314, 25.197532747742297 ], [ 55.424381319510353, 25.199789602887382 ], [ 55.426861868817582, 25.199816013746943 ], [ 55.426890872852603, 25.197559155912327 ], [ 55.424410369233314, 25.197532747742297 ] ] ] } },
{ "type": "Feature", "properties": { "cell_id": 1191, "district": "mirdif", "gius": 0.218, "walkability_norm": 0.255, "services_norm": 0.0, "transit_norm": 0.398, "cluster": 2 }, "geometry": { "type": "Polygon", "coordinates": [ [ [ 55.424381319510353, 25.199789602887382 ], [ 55.424352266284515, 25.202046457312491 ], [ 55.426832861285185, 25.202072870861677 ], [ 55.426861868817582, 25.199816013746943 ], [ 55.424381319510353, 25.199789602887382 ] ] ] } },
{ "type": "Feature", "properties": { "cell_id": 1192, "district": "mirdif", "gius": 0.214, "walkability_norm": 0.143, "services_norm": 0.129, "transit_norm": 0.37, "cluster": 2 }, "geometry": { "type": "Polygon", "coordinates": [ [ [ 55.424352266284515, 25.202046457312491 ], [ 55.424323209555517, 25.204303311017583 ], [ 55.426803850255148, 25.204329727256493 ], [ 55.426832861285185, 25.202072870861677 ], [ 55.424352266284515, 25.202046457312491 ] ] ] } },
{ "type": "Feature", "properties": { "cell_id": 1193, "district": "mirdif", "gius": 0.247, "walkability_norm": 0.204, "services_norm": 0.161, "transit_norm": 0.377, "cluster": 2 }, "geometry": { "type": "Polygon", "coordinates": [ [ [ 55.424323209555517, 25.204303311017583 ], [ 55.424294149323089, 25.206560164002603 ], [ 55.42677483572718, 25.20658658293134 ], [ 55.426803850255148, 25.204329727256493 ], [ 55.424323209555517, 25.204303311017583 ] ] ] } },
{ "type": "Feature", "properties": { "cell_id": 1194, "district": "mirdif", "gius": 0.267, "walkability_norm": 0.214, "services_norm": 0.161, "transit_norm": 0.425, "cluster": 2 }, "geometry": { "type": "Polygon", "coordinates": [ [ [ 55.424294149323089, 25.206560164002603 ], [ 55.424265085586931, 25.208817016267506 ], [ 55.426745817700997, 25.208843437886163 ], [ 55.42677483572718, 25.20658658293134 ], [ 55.424294149323089, 25.206560164002603 ] ] ] } },
{ "type": "Feature", "properties": { "cell_id": 1195, "district": "mirdif", "gius": 0.19, "walkability_norm": 0.0, "services_norm": 0.032, "transit_norm": 0.536, "cluster": 0 }, "geometry": { "type": "Polygon", "coordinates": [ [ [ 55.424265085586931, 25.208817016267506 ], [ 55.424236018346782, 25.211073867812242 ], [ 55.426716796176322, 25.211100292120907 ], [ 55.426745817700997, 25.208843437886163 ], [ 55.424265085586931, 25.208817016267506 ] ] ] } },
{ "type": "Feature", "properties": { "cell_id": 1196, "district": "mirdif", "gius": 0.251, "walkability_norm": 0.041, "services_norm": 0.065, "transit_norm": 0.648, "cluster": 0 }, "geometry": { "type": "Polygon", "coordinates": [ [ [ 55.424236018346782, 25.211073867812242 ], [ 55.424206947602343, 25.213330718636762 ], [ 55.426687771152871, 25.213357145635541 ], [ 55.426716796176322, 25.211100292120907 ], [ 55.424236018346782, 25.211073867812242 ] ] ] } },
{ "type": "Feature", "properties": { "cell_id": 1197, "district": "mirdif", "gius": 0.42, "walkability_norm": 0.469, "services_norm": 0.032, "transit_norm": 0.759, "cluster": 1 }, "geometry": { "type": "Polygon", "coordinates": [ [ [ 55.424206947602343, 25.213330718636762 ], [ 55.424177873353337, 25.215587568741022 ], [ 55.426658742630366, 25.215613998430005 ], [ 55.426687771152871, 25.213357145635541 ], [ 55.424206947602343, 25.213330718636762 ] ] ] } },
{ "type": "Feature", "properties": { "cell_id": 1198, "district": "mirdif", "gius": 0.388, "walkability_norm": 0.296, "services_norm": 0.0, "transit_norm": 0.869, "cluster": 0 }, "geometry": { "type": "Polygon", "coordinates": [ [ [ 55.424177873353337, 25.215587568741022 ], [ 55.424148795599478, 25.217844418124965 ], [ 55.426629710608516, 25.217870850504255 ], [ 55.426658742630366, 25.215613998430005 ], [ 55.424177873353337, 25.215587568741022 ] ] ] } },
{ "type": "Feature", "properties": { "cell_id": 1199, "district": "mirdif", "gius": 0.584, "walkability_norm": 0.714, "services_norm": 0.065, "transit_norm": 0.972, "cluster": 1 }, "geometry": { "type": "Polygon", "coordinates": [ [ [ 55.424148795599478, 25.217844418124965 ], [ 55.424119714340492, 25.220101266788543 ], [ 55.426600675087037, 25.220127701858232 ], [ 55.426629710608516, 25.217870850504255 ], [ 55.424148795599478, 25.217844418124965 ] ] ] } },
{ "type": "Feature", "properties": { "cell_id": 1200, "district": "mirdif", "gius": 0.477, "walkability_norm": 0.347, "services_norm": 0.129, "transit_norm": 0.954, "cluster": 0 }, "geometry": { "type": "Polygon", "coordinates": [ [ [ 55.424119714340492, 25.220101266788543 ], [ 55.424090629576085, 25.222358114731716 ], [ 55.42657163606566, 25.222384552491899 ], [ 55.426600675087037, 25.220127701858232 ], [ 55.424119714340492, 25.220101266788543 ] ] ] } },
{ "type": "Feature", "properties": { "cell_id": 1201, "district": "mirdif", "gius": 0.67, "walkability_norm": 1.0, "services_norm": 0.161, "transit_norm": 0.848, "cluster": 1 }, "geometry": { "type": "Polygon", "coordinates": [ [ [ 55.424090629576085, 25.222358114731716 ], [ 55.424061541305981, 25.224614961954423 ], [ 55.426542593544092, 25.224641402405201 ], [ 55.42657163606566, 25.222384552491899 ], [ 55.424090629576085, 25.222358114731716 ] ] ] } },
{ "type": "Feature", "properties": { "cell_id": 1202, "district": "mirdif", "gius": 0.387, "walkability_norm": 0.327, "services_norm": 0.097, "transit_norm": 0.738, "cluster": 0 }, "geometry": { "type": "Polygon", "coordinates": [ [ [ 55.424061541305981, 25.224614961954423 ], [ 55.424032449529903, 25.226871808456629 ], [ 55.426513547522056, 25.226898251598094 ], [ 55.426542593544092, 25.224641402405201 ], [ 55.424061541305981, 25.224614961954423 ] ] ] } },
{ "type": "Feature", "properties": { "cell_id": 1203, "district": "mirdif", "gius": 0.362, "walkability_norm": 0.429, "services_norm": 0.032, "transit_norm": 0.626, "cluster": 0 }, "geometry": { "type": "Polygon", "coordinates": [ [ [ 55.424032449529903, 25.226871808456629 ], [ 55.424003354247553, 25.229128654238266 ], [ 55.426484497999269, 25.229155100070521 ], [ 55.426513547522056, 25.226898251598094 ], [ 55.424032449529903, 25.226871808456629 ] ] ] } },
{ "type": "Feature", "properties": { "cell_id": 1204, "district": "mirdif", "gius": 0.346, "walkability_norm": 0.51, "services_norm": 0.0, "transit_norm": 0.528, "cluster": 0 }, "geometry": { "type": "Polygon", "coordinates": [ [ [ 55.424003354247553, 25.229128654238266 ], [ 55.42397425545866, 25.231385499299307 ], [ 55.426455444975446, 25.231411947822441 ], [ 55.426484497999269, 25.229155100070521 ], [ 55.424003354247553, 25.229128654238266 ] ] ] } },
{ "type": "Feature", "properties": { "cell_id": 1205, "district": "mirdif", "gius": 0.189, "walkability_norm": 0.133, "services_norm": 0.0, "transit_norm": 0.434, "cluster": 2 }, "geometry": { "type": "Polygon", "coordinates": [ [ [ 55.42397425545866, 25.231385499299307 ], [ 55.423945153162933, 25.233642343639687 ], [ 55.426426388450309, 25.233668794853799 ], [ 55.426455444975446, 25.231411947822441 ], [ 55.42397425545866, 25.231385499299307 ] ] ] } },
{ "type": "Feature", "properties": { "cell_id": 1206, "district": "mirdif", "gius": 0.147, "walkability_norm": 0.041, "services_norm": 0.065, "transit_norm": 0.335, "cluster": 2 }, "geometry": { "type": "Polygon", "coordinates": [ [ [ 55.423945153162933, 25.233642343639687 ], [ 55.423916047360095, 25.235899187259363 ], [ 55.426397328423569, 25.235925641164549 ], [ 55.426426388450309, 25.233668794853799 ], [ 55.423945153162933, 25.233642343639687 ] ] ] } },
{ "type": "Feature", "properties": { "cell_id": 1207, "district": "mirdif", "gius": 0.201, "walkability_norm": 0.306, "services_norm": 0.065, "transit_norm": 0.232, "cluster": 2 }, "geometry": { "type": "Polygon", "coordinates": [ [ [ 55.423916047360095, 25.235899187259363 ], [ 55.423886938049861, 25.238156030158283 ], [ 55.426368264894954, 25.238182486754646 ], [ 55.426397328423569, 25.235925641164549 ], [ 55.423916047360095, 25.235899187259363 ] ] ] } },
{ "type": "Feature", "properties": { "cell_id": 1208, "district": "mirdif", "gius": 0.179, "walkability_norm": 0.378, "services_norm": 0.032, "transit_norm": 0.127, "cluster": 2 }, "geometry": { "type": "Polygon", "coordinates": [ [ [ 55.423886938049861, 25.238156030158283 ], [ 55.423857825231948, 25.240412872336407 ], [ 55.426339197864166, 25.240439331624032 ], [ 55.426368264894954, 25.238182486754646 ], [ 55.423886938049861, 25.238156030158283 ] ] ] } },
{ "type": "Feature", "properties": { "cell_id": 1209, "district": "mirdif", "gius": 0.087, "walkability_norm": 0.0, "services_norm": 0.0, "transit_norm": 0.261, "cluster": 2 }, "geometry": { "type": "Polygon", "coordinates": [ [ [ 55.426948870431687, 25.193045438083676 ], [ 55.426919873390553, 25.195302297357895 ], [ 55.429400334824201, 25.19532866127069 ], [ 55.429429286188139, 25.193071799311362 ], [ 55.426948870431687, 25.193045438083676 ] ] ] } },
{ "type": "Feature", "properties": { "cell_id": 1210, "district": "mirdif", "gius": 0.14, "walkability_norm": 0.133, "services_norm": 0.0, "transit_norm": 0.286, "cluster": 2 }, "geometry": { "type": "Polygon", "coordinates": [ [ [ 55.426919873390553, 25.195302297357895 ], [ 55.426890872852603, 25.197559155912327 ], [ 55.429371379968977, 25.197585522510327 ], [ 55.429400334824201, 25.19532866127069 ], [ 55.426919873390553, 25.195302297357895 ] ] ] } },
{ "type": "Feature", "properties": { "cell_id": 1211, "district": "mirdif", "gius": 0.163, "walkability_norm": 0.194, "services_norm": 0.0, "transit_norm": 0.296, "cluster": 2 }, "geometry": { "type": "Polygon", "coordinates": [ [ [ 55.426890872852603, 25.197559155912327 ], [ 55.426861868817582, 25.199816013746943 ], [ 55.429342421622181, 25.199842383030241 ], [ 55.429371379968977, 25.197585522510327 ], [ 55.426890872852603, 25.197559155912327 ] ] ] } },
{ "type": "Feature", "properties": { "cell_id": 1212, "district": "mirdif", "gius": 0.15, "walkability_norm": 0.163, "services_norm": 0.0, "transit_norm": 0.288, "cluster": 2 }, "geometry": { "type": "Polygon", "coordinates": [ [ [ 55.426861868817582, 25.199816013746943 ], [ 55.426832861285185, 25.202072870861677 ], [ 55.429313459783515, 25.202099242830375 ], [ 55.429342421622181, 25.199842383030241 ], [ 55.426861868817582, 25.199816013746943 ] ] ] } },
{ "type": "Feature", "properties": { "cell_id": 1213, "district": "mirdif", "gius": 0.184, "walkability_norm": 0.224, "services_norm": 0.065, "transit_norm": 0.264, "cluster": 2 }, "geometry": { "type": "Polygon", "coordinates": [ [ [ 55.426832861285185, 25.202072870861677 ], [ 55.426803850255148, 25.204329727256493 ], [ 55.429284494452716, 25.20435610191068 ], [ 55.429313459783515, 25.202099242830375 ], [ 55.426832861285185, 25.202072870861677 ] ] ] } },
{ "type": "Feature", "properties": { "cell_id": 1214, "district": "mirdif", "gius": 0.23, "walkability_norm": 0.296, "services_norm": 0.097, "transit_norm": 0.299, "cluster": 2 }, "geometry": { "type": "Polygon", "coordinates": [ [ [ 55.426803850255148, 25.204329727256493 ], [ 55.42677483572718, 25.20658658293134 ], [ 55.429255525629486, 25.206612960271112 ], [ 55.429284494452716, 25.20435610191068 ], [ 55.426803850255148, 25.204329727256493 ] ] ] } },
{ "type": "Feature", "properties": { "cell_id": 1215, "district": "mirdif", "gius": 0.178, "walkability_norm": 0.031, "services_norm": 0.097, "transit_norm": 0.408, "cluster": 2 }, "geometry": { "type": "Polygon", "coordinates": [ [ [ 55.42677483572718, 25.20658658293134 ], [ 55.426745817700997, 25.208843437886163 ], [ 55.429226553313555, 25.208869817911623 ], [ 55.429255525629486, 25.206612960271112 ], [ 55.42677483572718, 25.20658658293134 ] ] ] } },
{ "type": "Feature", "properties": { "cell_id": 1216, "district": "mirdif", "gius": 0.183, "walkability_norm": 0.0, "services_norm": 0.032, "transit_norm": 0.516, "cluster": 0 }, "geometry": { "type": "Polygon", "coordinates": [ [ [ 55.426745817700997, 25.208843437886163 ], [ 55.426716796176322, 25.211100292120907 ], [ 55.429197577504638, 25.211126674832148 ], [ 55.429226553313555, 25.208869817911623 ], [ 55.426745817700997, 25.208843437886163 ] ] ] } },
{ "type": "Feature", "properties": { "cell_id": 1217, "district": "mirdif", "gius": 0.229, "walkability_norm": 0.0, "services_norm": 0.065, "transit_norm": 0.622, "cluster": 0 }, "geometry": { "type": "Polygon", "coordinates": [ [ [ 55.426716796176322, 25.211100292120907 ], [ 55.426687771152871, 25.213357145635541 ], [ 55.429168598202459, 25.213383531032651 ], [ 55.429197577504638, 25.211126674832148 ], [ 55.426716796176322, 25.211100292120907 ] ] ] } },
{ "type": "Feature", "properties": { "cell_id": 1218, "district": "mirdif", "gius": 0.279, "walkability_norm": 0.082, "services_norm": 0.032, "transit_norm": 0.723, "cluster": 0 }, "geometry": { "type": "Polygon", "coordinates": [ [ [ 55.426687771152871, 25.213357145635541 ], [ 55.426658742630366, 25.215613998430005 ], [ 55.429139615406726, 25.215640386513098 ], [ 55.429168598202459, 25.213383531032651 ], [ 55.426687771152871, 25.213357145635541 ] ] ] } },
{ "type": "Feature", "properties": { "cell_id": 1219, "district": "mirdif", "gius": 0.306, "walkability_norm": 0.071, "services_norm": 0.032, "transit_norm": 0.814, "cluster": 0 }, "geometry": { "type": "Polygon", "coordinates": [ [ [ 55.426658742630366, 25.215613998430005 ], [ 55.426629710608516, 25.217870850504255 ], [ 55.429110629117162, 25.217897241273413 ], [ 55.429139615406726, 25.215640386513098 ], [ 55.426658742630366, 25.215613998430005 ] ] ] } },
{ "type": "Feature", "properties": { "cell_id": 1220, "district": "mirdif", "gius": 0.316, "walkability_norm": 0.01, "services_norm": 0.065, "transit_norm": 0.875, "cluster": 0 }, "geometry": { "type": "Polygon", "coordinates": [ [ [ 55.426629710608516, 25.217870850504255 ], [ 55.426600675087037, 25.220127701858232 ], [ 55.429081639333482, 25.220154095313553 ], [ 55.429110629117162, 25.217897241273413 ], [ 55.426629710608516, 25.217870850504255 ] ] ] } },
{ "type": "Feature", "properties": { "cell_id": 1221, "district": "mirdif", "gius": 0.468, "walkability_norm": 0.439, "services_norm": 0.097, "transit_norm": 0.867, "cluster": 1 }, "geometry": { "type": "Polygon", "coordinates": [ [ [ 55.426600675087037, 25.220127701858232 ], [ 55.42657163606566, 25.222384552491899 ], [ 55.429052646055418, 25.222410948633485 ], [ 55.429081639333482, 25.220154095313553 ], [ 55.426600675087037, 25.220127701858232 ] ] ] } },
{ "type": "Feature", "properties": { "cell_id": 1222, "district": "mirdif", "gius": 0.436, "walkability_norm": 0.347, "services_norm": 0.129, "transit_norm": 0.833, "cluster": 0 }, "geometry": { "type": "Polygon", "coordinates": [ [ [ 55.42657163606566, 25.222384552491899 ], [ 55.426542593544092, 25.224641402405201 ], [ 55.429023649282676, 25.224667801233146 ], [ 55.429052646055418, 25.222410948633485 ], [ 55.42657163606566, 25.222384552491899 ] ] ] } },
{ "type": "Feature", "properties": { "cell_id": 1223, "district": "mirdif", "gius": 0.395, "walkability_norm": 0.316, "services_norm": 0.097, "transit_norm": 0.772, "cluster": 0 }, "geometry": { "type": "Polygon", "coordinates": [ [ [ 55.426542593544092, 25.224641402405201 ], [ 55.426513547522056, 25.226898251598094 ], [ 55.428994649014967, 25.226924653112494 ], [ 55.429023649282676, 25.224667801233146 ], [ 55.426542593544092, 25.224641402405201 ] ] ] } },
{ "type": "Feature", "properties": { "cell_id": 1224, "district": "mirdif", "gius": 0.303, "walkability_norm": 0.224, "services_norm": 0.0, "transit_norm": 0.684, "cluster": 0 }, "geometry": { "type": "Polygon", "coordinates": [ [ [ 55.426513547522056, 25.226898251598094 ], [ 55.426484497999269, 25.229155100070521 ], [ 55.428965645252028, 25.229181504271466 ], [ 55.428994649014967, 25.226924653112494 ], [ 55.426513547522056, 25.226898251598094 ] ] ] } },
{ "type": "Feature", "properties": { "cell_id": 1225, "district": "mirdif", "gius": 0.314, "walkability_norm": 0.357, "services_norm": 0.0, "transit_norm": 0.585, "cluster": 0 }, "geometry": { "type": "Polygon", "coordinates": [ [ [ 55.426484497999269, 25.229155100070521 ], [ 55.426455444975446, 25.231411947822441 ], [ 55.428936637993552, 25.231438354710036 ], [ 55.428965645252028, 25.229181504271466 ], [ 55.426484497999269, 25.229155100070521 ] ] ] } },
{ "type": "Feature", "properties": { "cell_id": 1226, "district": "mirdif", "gius": 0.266, "walkability_norm": 0.286, "services_norm": 0.032, "transit_norm": 0.481, "cluster": 0 }, "geometry": { "type": "Polygon", "coordinates": [ [ [ 55.426455444975446, 25.231411947822441 ], [ 55.426426388450309, 25.233668794853799 ], [ 55.428907627239283, 25.233695204428141 ], [ 55.428936637993552, 25.231438354710036 ], [ 55.426455444975446, 25.231411947822441 ] ] ] } },
{ "type": "Feature", "properties": { "cell_id": 1227, "district": "mirdif", "gius": 0.157, "walkability_norm": 0.031, "services_norm": 0.065, "transit_norm": 0.375, "cluster": 2 }, "geometry": { "type": "Polygon", "coordinates": [ [ [ 55.426426388450309, 25.233668794853799 ], [ 55.426397328423569, 25.235925641164549 ], [ 55.428878612988932, 25.235952053425731 ], [ 55.428907627239283, 25.233695204428141 ], [ 55.426426388450309, 25.233668794853799 ] ] ] } },
{ "type": "Feature", "properties": { "cell_id": 1228, "district": "mirdif", "gius": 0.229, "walkability_norm": 0.357, "services_norm": 0.065, "transit_norm": 0.267, "cluster": 2 }, "geometry": { "type": "Polygon", "coordinates": [ [ [ 55.426397328423569, 25.235925641164549 ], [ 55.426368264894954, 25.238182486754646 ], [ 55.428849595242205, 25.238208901702759 ], [ 55.428878612988932, 25.235952053425731 ], [ 55.426397328423569, 25.235925641164549 ] ] ] } },
{ "type": "Feature", "properties": { "cell_id": 1229, "district": "mirdif", "gius": 0.156, "walkability_norm": 0.245, "services_norm": 0.065, "transit_norm": 0.158, "cluster": 2 }, "geometry": { "type": "Polygon", "coordinates": [ [ [ 55.426368264894954, 25.238182486754646 ], [ 55.426339197864166, 25.240439331624032 ], [ 55.428820573998827, 25.240465749259183 ], [ 55.428849595242205, 25.238208901702759 ], [ 55.426368264894954, 25.238182486754646 ] ] ] } },
{ "type": "Feature", "properties": { "cell_id": 1230, "district": "mirdif", "gius": 0.051, "walkability_norm": 0.0, "services_norm": 0.0, "transit_norm": 0.153, "cluster": 2 }, "geometry": { "type": "Polygon", "coordinates": [ [ [ 55.429429286188139, 25.193071799311362 ], [ 55.429400334824201, 25.19532866127069 ], [ 55.431880799749159, 25.195354983615452 ], [ 55.431909705435594, 25.193098118975257 ], [ 55.429429286188139, 25.193071799311362 ] ] ] } },
{ "type": "Feature", "properties": { "cell_id": 1231, "district": "mirdif", "gius": 0.089, "walkability_norm": 0.092, "services_norm": 0.0, "transit_norm": 0.176, "cluster": 2 }, "geometry": { "type": "Polygon", "coordinates": [ [ [ 55.429400334824201, 25.19532866127069 ], [ 55.429371379968977, 25.197585522510327 ], [ 55.43185189057693, 25.197611847536059 ], [ 55.431880799749159, 25.195354983615452 ], [ 55.429400334824201, 25.19532866127069 ] ] ] } },
{ "type": "Feature", "properties": { "cell_id": 1232, "district": "mirdif", "gius": 0.129, "walkability_norm": 0.204, "services_norm": 0.0, "transit_norm": 0.184, "cluster": 2 }, "geometry": { "type": "Polygon", "coordinates": [ [ [ 55.429371379968977, 25.197585522510327 ], [ 55.429342421622181, 25.199842383030241 ], [ 55.431822977918628, 25.199868710737043 ], [ 55.43185189057693, 25.197611847536059 ], [ 55.429371379968977, 25.197585522510327 ] ] ] } },
{ "type": "Feature", "properties": { "cell_id": 1233, "district": "mirdif", "gius": 0.11, "walkability_norm": 0.153, "services_norm": 0.0, "transit_norm": 0.177, "cluster": 2 }, "geometry": { "type": "Polygon", "coordinates": [ [ [ 55.429342421622181, 25.199842383030241 ], [ 55.429313459783515, 25.202099242830375 ], [ 55.431794061773978, 25.202125573218343 ], [ 55.431822977918628, 25.199868710737043 ], [ 55.429342421622181, 25.199842383030241 ] ] ] } },
{ "type": "Feature", "properties": { "cell_id": 1234, "district": "mirdif", "gius": 0.108, "walkability_norm": 0.163, "services_norm": 0.0, "transit_norm": 0.162, "cluster": 2 }, "geometry": { "type": "Polygon", "coordinates": [ [ [ 55.429313459783515, 25.202099242830375 ], [ 55.429284494452716, 25.20435610191068 ], [ 55.431765142142694, 25.204382434979905 ], [ 55.431794061773978, 25.202125573218343 ], [ 55.429313459783515, 25.202099242830375 ] ] ] } },
{ "type": "Feature", "properties": { "cell_id": 1235, "district": "mirdif", "gius": 0.137, "walkability_norm": 0.143, "services_norm": 0.0, "transit_norm": 0.268, "cluster": 2 }, "geometry": { "type": "Polygon", "coordinates": [ [ [ 55.429284494452716, 25.20435610191068 ], [ 55.429255525629486, 25.206612960271112 ], [ 55.431736219024494, 25.206639296021688 ], [ 55.431765142142694, 25.204382434979905 ], [ 55.429284494452716, 25.20435610191068 ] ] ] } },
{ "type": "Feature", "properties": { "cell_id": 1236, "district": "mirdif", "gius": 0.124, "walkability_norm": 0.0, "services_norm": 0.0, "transit_norm": 0.372, "cluster": 2 }, "geometry": { "type": "Polygon", "coordinates": [ [ [ 55.429255525629486, 25.206612960271112 ], [ 55.429226553313555, 25.208869817911623 ], [ 55.431707292419098, 25.208896156343648 ], [ 55.431736219024494, 25.206639296021688 ], [ 55.429255525629486, 25.206612960271112 ] ] ] } },
{ "type": "Feature", "properties": { "cell_id": 1237, "district": "mirdif", "gius": 0.158, "walkability_norm": 0.0, "services_norm": 0.0, "transit_norm": 0.473, "cluster": 2 }, "geometry": { "type": "Polygon", "coordinates": [ [ [ 55.429226553313555, 25.208869817911623 ], [ 55.429197577504638, 25.211126674832148 ], [ 55.431678362326217, 25.21115301594573 ], [ 55.431707292419098, 25.208896156343648 ], [ 55.429226553313555, 25.208869817911623 ] ] ] } },
{ "type": "Feature", "properties": { "cell_id": 1238, "district": "mirdif", "gius": 0.2, "walkability_norm": 0.0, "services_norm": 0.032, "transit_norm": 0.569, "cluster": 0 }, "geometry": { "type": "Polygon", "coordinates": [ [ [ 55.429197577504638, 25.211126674832148 ], [ 55.429168598202459, 25.213383531032651 ], [ 55.431649428745587, 25.213409874827878 ], [ 55.431678362326217, 25.21115301594573 ], [ 55.429197577504638, 25.211126674832148 ] ] ] } },
{ "type": "Feature", "properties": { "cell_id": 1239, "district": "mirdif", "gius": 0.229, "walkability_norm": 0.0, "services_norm": 0.032, "transit_norm": 0.656, "cluster": 0 }, "geometry": { "type": "Polygon", "coordinates": [ [ [ 55.429168598202459, 25.213383531032651 ], [ 55.429139615406726, 25.215640386513098 ], [ 55.431620491676917, 25.215666732990051 ], [ 55.431649428745587, 25.213409874827878 ], [ 55.429168598202459, 25.213383531032651 ] ] ] } },
{ "type": "Feature", "properties": { "cell_id": 1240, "district": "mirdif", "gius": 0.262, "walkability_norm": 0.0, "services_norm": 0.032, "transit_norm": 0.755, "cluster": 0 }, "geometry": { "type": "Polygon", "coordinates": [ [ [ 55.429139615406726, 25.215640386513098 ], [ 55.429110629117162, 25.217897241273413 ], [ 55.431591551119922, 25.217923590432211 ], [ 55.431620491676917, 25.215666732990051 ], [ 55.429139615406726, 25.215640386513098 ] ] ] } },
{ "type": "Feature", "properties": { "cell_id": 1241, "district": "mirdif", "gius": 0.3, "walkability_norm": 0.041, "services_norm": 0.0, "transit_norm": 0.86, "cluster": 0 }, "geometry": { "type": "Polygon", "coordinates": [ [ [ 55.429110629117162, 25.217897241273413 ], [ 55.429081639333482, 25.220154095313553 ], [ 55.431562607074326, 25.220180447154288 ], [ 55.431591551119922, 25.217923590432211 ], [ 55.429110629117162, 25.217897241273413 ] ] ] } },
{ "type": "Feature", "properties": { "cell_id": 1242, "district": "mirdif", "gius": 0.447, "walkability_norm": 0.265, "services_norm": 0.129, "transit_norm": 0.946, "cluster": 0 }, "geometry": { "type": "Polygon", "coordinates": [ [ [ 55.429081639333482, 25.220154095313553 ], [ 55.429052646055418, 25.222410948633485 ], [ 55.431533659539852, 25.222437303156244 ], [ 55.431562607074326, 25.220180447154288 ], [ 55.429081639333482, 25.220154095313553 ] ] ] } },
{ "type": "Feature", "properties": { "cell_id": 1243, "district": "mirdif", "gius": 0.441, "walkability_norm": 0.265, "services_norm": 0.129, "transit_norm": 0.93, "cluster": 0 }, "geometry": { "type": "Polygon", "coordinates": [ [ [ 55.429052646055418, 25.222410948633485 ], [ 55.429023649282676, 25.224667801233146 ], [ 55.431504708516208, 25.224694158438023 ], [ 55.431533659539852, 25.222437303156244 ], [ 55.429052646055418, 25.222410948633485 ] ] ] } },
{ "type": "Feature", "properties": { "cell_id": 1244, "district": "mirdif", "gius": 0.406, "walkability_norm": 0.255, "services_norm": 0.129, "transit_norm": 0.835, "cluster": 0 }, "geometry": { "type": "Polygon", "coordinates": [ [ [ 55.429023649282676, 25.224667801233146 ], [ 55.428994649014967, 25.226924653112494 ], [ 55.431475754003117, 25.226951012999589 ], [ 55.431504708516208, 25.224694158438023 ], [ 55.429023649282676, 25.224667801233146 ] ] ] } },
{ "type": "Feature", "properties": { "cell_id": 1245, "district": "mirdif", "gius": 0.421, "walkability_norm": 0.469, "services_norm": 0.065, "transit_norm": 0.728, "cluster": 1 }, "geometry": { "type": "Polygon", "coordinates": [ [ [ 55.428994649014967, 25.226924653112494 ], [ 55.428965645252028, 25.229181504271466 ], [ 55.431446796000301, 25.229207866840888 ], [ 55.431475754003117, 25.226951012999589 ], [ 55.428994649014967, 25.226924653112494 ] ] ] } },
{ "type": "Feature", "properties": { "cell_id": 1246, "district": "mirdif", "gius": 0.378, "walkability_norm": 0.418, "services_norm": 0.097, "transit_norm": 0.619, "cluster": 0 }, "geometry": { "type": "Polygon", "coordinates": [ [ [ 55.428965645252028, 25.229181504271466 ], [ 55.428936637993552, 25.231438354710036 ], [ 55.431417834507464, 25.23146471996187 ], [ 55.431446796000301, 25.229207866840888 ], [ 55.428965645252028, 25.229181504271466 ] ] ] } },
{ "type": "Feature", "properties": { "cell_id": 1247, "district": "mirdif", "gius": 0.242, "walkability_norm": 0.153, "services_norm": 0.065, "transit_norm": 0.508, "cluster": 0 }, "geometry": { "type": "Polygon", "coordinates": [ [ [ 55.428936637993552, 25.231438354710036 ], [ 55.428907627239283, 25.233695204428141 ], [ 55.431388869524348, 25.233721572362484 ], [ 55.431417834507464, 25.23146471996187 ], [ 55.428936637993552, 25.231438354710036 ] ] ] } },
{ "type": "Feature", "properties": { "cell_id": 1248, "district": "mirdif", "gius": 0.212, "walkability_norm": 0.143, "services_norm": 0.097, "transit_norm": 0.397, "cluster": 2 }, "geometry": { "type": "Polygon", "coordinates": [ [ [ 55.428907627239283, 25.233695204428141 ], [ 55.428878612988932, 25.235952053425731 ], [ 55.431359901050655, 25.235978424042674 ], [ 55.431388869524348, 25.233721572362484 ], [ 55.428907627239283, 25.233695204428141 ] ] ] } },
{ "type": "Feature", "properties": { "cell_id": 1249, "district": "mirdif", "gius": 0.171, "walkability_norm": 0.163, "services_norm": 0.065, "transit_norm": 0.286, "cluster": 2 }, "geometry": { "type": "Polygon", "coordinates": [ [ [ 55.428878612988932, 25.235952053425731 ], [ 55.428849595242205, 25.238208901702759 ], [ 55.431330929086116, 25.23823527500241 ], [ 55.431359901050655, 25.235978424042674 ], [ 55.428878612988932, 25.235952053425731 ] ] ] } },
{ "type": "Feature", "properties": { "cell_id": 1250, "district": "mirdif", "gius": 0.154, "walkability_norm": 0.224, "services_norm": 0.065, "transit_norm": 0.174, "cluster": 2 }, "geometry": { "type": "Polygon", "coordinates": [ [ [ 55.428849595242205, 25.238208901702759 ], [ 55.428820573998827, 25.240465749259183 ], [ 55.431301953630431, 25.240492125241627 ], [ 55.431330929086116, 25.23823527500241 ], [ 55.428849595242205, 25.238208901702759 ] ] ] } },
{ "type": "Feature", "properties": { "cell_id": 1251, "district": "mirdif", "gius": 0.015, "walkability_norm": 0.0, "services_norm": 0.0, "transit_norm": 0.045, "cluster": 2 }, "geometry": { "type": "Polygon", "coordinates": [ [ [ 55.431909705435594, 25.193098118975257 ], [ 55.431880799749159, 25.195354983615452 ], [ 55.434361268159904, 25.195381264391958 ], [ 55.434390128168566, 25.193124397075117 ], [ 55.431909705435594, 25.193098118975257 ] ] ] } },
{ "type": "Feature", "properties": { "cell_id": 1252, "district": "mirdif", "gius": 0.083, "walkability_norm": 0.184, "services_norm": 0.0, "transit_norm": 0.065, "cluster": 2 }, "geometry": { "type": "Polygon", "coordinates": [ [ [ 55.431880799749159, 25.195354983615452 ], [ 55.43185189057693, 25.197611847536059 ], [ 55.434332404670961, 25.197638130989308 ], [ 55.434361268159904, 25.195381264391958 ], [ 55.431880799749159, 25.195354983615452 ] ] ] } },
{ "type": "Feature", "properties": { "cell_id": 1253, "district": "mirdif", "gius": 0.221, "walkability_norm": 0.592, "services_norm": 0.0, "transit_norm": 0.072, "cluster": 2 }, "geometry": { "type": "Polygon", "coordinates": [ [ [ 55.43185189057693, 25.197611847536059 ], [ 55.431822977918628, 25.199868710737043 ], [ 55.434303537701446, 25.199894996867123 ], [ 55.434332404670961, 25.197638130989308 ], [ 55.43185189057693, 25.197611847536059 ] ] ] } },
{ "type": "Feature", "properties": { "cell_id": 1254, "district": "mirdif", "gius": 0.165, "walkability_norm": 0.429, "services_norm": 0.0, "transit_norm": 0.066, "cluster": 2 }, "geometry": { "type": "Polygon", "coordinates": [ [ [ 55.431822977918628, 25.199868710737043 ], [ 55.431794061773978, 25.202125573218343 ], [ 55.434274667251074, 25.202151862025357 ], [ 55.434303537701446, 25.199894996867123 ], [ 55.431822977918628, 25.199868710737043 ] ] ] } },
{ "type": "Feature", "properties": { "cell_id": 1255, "district": "mirdif", "gius": 0.081, "walkability_norm": 0.122, "services_norm": 0.0, "transit_norm": 0.122, "cluster": 2 }, "geometry": { "type": "Polygon", "coordinates": [ [ [ 55.431794061773978, 25.202125573218343 ], [ 55.431765142142694, 25.204382434979905 ], [ 55.434245793319597, 25.204408726463935 ], [ 55.434274667251074, 25.202151862025357 ], [ 55.431794061773978, 25.202125573218343 ] ] ] } },
{ "type": "Feature", "properties": { "cell_id": 1256, "district": "mirdif", "gius": 0.091, "walkability_norm": 0.051, "services_norm": 0.0, "transit_norm": 0.223, "cluster": 2 }, "geometry": { "type": "Polygon", "coordinates": [ [ [ 55.431765142142694, 25.204382434979905 ], [ 55.431736219024494, 25.206639296021688 ], [ 55.434216915906696, 25.206665590182848 ], [ 55.434245793319597, 25.204408726463935 ], [ 55.431765142142694, 25.204382434979905 ] ] ] } },
{ "type": "Feature", "properties": { "cell_id": 1257, "district": "mirdif", "gius": 0.107, "walkability_norm": 0.0, "services_norm": 0.0, "transit_norm": 0.32, "cluster": 2 }, "geometry": { "type": "Polygon", "coordinates": [ [ [ 55.431736219024494, 25.206639296021688 ], [ 55.431707292419098, 25.208896156343648 ], [ 55.434188035012113, 25.208922453182026 ], [ 55.434216915906696, 25.206665590182848 ], [ 55.431736219024494, 25.206639296021688 ] ] ] } },
{ "type": "Feature", "properties": { "cell_id": 1258, "district": "mirdif", "gius": 0.143, "walkability_norm": 0.0, "services_norm": 0.0, "transit_norm": 0.428, "cluster": 2 }, "geometry": { "type": "Polygon", "coordinates": [ [ [ 55.431707292419098, 25.208896156343648 ], [ 55.431678362326217, 25.21115301594573 ], [ 55.434159150635558, 25.211179315461415 ], [ 55.434188035012113, 25.208922453182026 ], [ 55.431707292419098, 25.208896156343648 ] ] ] } },
{ "type": "Feature", "properties": { "cell_id": 1259, "district": "mirdif", "gius": 0.18, "walkability_norm": 0.0, "services_norm": 0.0, "transit_norm": 0.539, "cluster": 0 }, "geometry": { "type": "Polygon", "coordinates": [ [ [ 55.431678362326217, 25.21115301594573 ], [ 55.431649428745587, 25.213409874827878 ], [ 55.434130262776762, 25.213436177020981 ], [ 55.434159150635558, 25.211179315461415 ], [ 55.431678362326217, 25.21115301594573 ] ] ] } },
{ "type": "Feature", "properties": { "cell_id": 1260, "district": "mirdif", "gius": 0.217, "walkability_norm": 0.0, "services_norm": 0.0, "transit_norm": 0.651, "cluster": 0 }, "geometry": { "type": "Polygon", "coordinates": [ [ [ 55.431649428745587, 25.213409874827878 ], [ 55.431620491676917, 25.215666732990051 ], [ 55.434101371435432, 25.21569303786066 ], [ 55.434130262776762, 25.213436177020981 ], [ 55.431649428745587, 25.213409874827878 ] ] ] } },
{ "type": "Feature", "properties": { "cell_id": 1261, "district": "mirdif", "gius": 0.254, "walkability_norm": 0.0, "services_norm": 0.0, "transit_norm": 0.762, "cluster": 0 }, "geometry": { "type": "Polygon", "coordinates": [ [ [ 55.431620491676917, 25.215666732990051 ], [ 55.431591551119922, 25.217923590432211 ], [ 55.434072476611291, 25.217949897980411 ], [ 55.434101371435432, 25.21569303786066 ], [ 55.431620491676917, 25.215666732990051 ] ] ] } },
{ "type": "Feature", "properties": { "cell_id": 1262, "district": "mirdif", "gius": 0.36, "walkability_norm": 0.112, "services_norm": 0.097, "transit_norm": 0.872, "cluster": 0 }, "geometry": { "type": "Polygon", "coordinates": [ [ [ 55.431591551119922, 25.217923590432211 ], [ 55.431562607074326, 25.220180447154288 ], [ 55.434043578304056, 25.22020675738019 ], [ 55.434072476611291, 25.217949897980411 ], [ 55.431591551119922, 25.217923590432211 ] ] ] } },
{ "type": "Feature", "properties": { "cell_id": 1263, "district": "mirdif", "gius": 0.511, "walkability_norm": 0.367, "services_norm": 0.194, "transit_norm": 0.973, "cluster": 1 }, "geometry": { "type": "Polygon", "coordinates": [ [ [ 55.431562607074326, 25.220180447154288 ], [ 55.431533659539852, 25.222437303156244 ], [ 55.434014676513456, 25.22246361605994 ], [ 55.434043578304056, 25.22020675738019 ], [ 55.431562607074326, 25.220180447154288 ] ] ] } },
{ "type": "Feature", "properties": { "cell_id": 1264, "district": "mirdif", "gius": 0.453, "walkability_norm": 0.214, "services_norm": 0.194, "transit_norm": 0.951, "cluster": 0 }, "geometry": { "type": "Polygon", "coordinates": [ [ [ 55.431533659539852, 25.222437303156244 ], [ 55.431504708516208, 25.224694158438023 ], [ 55.433985771239186, 25.224720474019616 ], [ 55.434014676513456, 25.22246361605994 ], [ 55.431533659539852, 25.222437303156244 ] ] ] } },
{ "type": "Feature", "properties": { "cell_id": 1265, "district": "mirdif", "gius": 0.338, "walkability_norm": 0.071, "services_norm": 0.097, "transit_norm": 0.845, "cluster": 0 }, "geometry": { "type": "Polygon", "coordinates": [ [ [ 55.431504708516208, 25.224694158438023 ], [ 55.431475754003117, 25.226951012999589 ], [ 55.43395686248099, 25.226977331259167 ], [ 55.433985771239186, 25.224720474019616 ], [ 55.431504708516208, 25.224694158438023 ] ] ] } },
{ "type": "Feature", "properties": { "cell_id": 1266, "district": "mirdif", "gius": 0.382, "walkability_norm": 0.347, "services_norm": 0.065, "transit_norm": 0.734, "cluster": 0 }, "geometry": { "type": "Polygon", "coordinates": [ [ [ 55.431475754003117, 25.226951012999589 ], [ 55.431446796000301, 25.229207866840888 ], [ 55.433927950238584, 25.229234187778541 ], [ 55.43395686248099, 25.226977331259167 ], [ 55.431475754003117, 25.226951012999589 ] ] ] } },
{ "type": "Feature", "properties": { "cell_id": 1267, "district": "mirdif", "gius": 0.322, "walkability_norm": 0.214, "services_norm": 0.129, "transit_norm": 0.623, "cluster": 0 }, "geometry": { "type": "Polygon", "coordinates": [ [ [ 55.431446796000301, 25.229207866840888 ], [ 55.431417834507464, 25.23146471996187 ], [ 55.433899034511676, 25.231491043577702 ], [ 55.433927950238584, 25.229234187778541 ], [ 55.431446796000301, 25.229207866840888 ] ] ] } },
{ "type": "Feature", "properties": { "cell_id": 1268, "district": "mirdif", "gius": 0.271, "walkability_norm": 0.204, "services_norm": 0.097, "transit_norm": 0.512, "cluster": 0 }, "geometry": { "type": "Polygon", "coordinates": [ [ [ 55.431417834507464, 25.23146471996187 ], [ 55.431388869524348, 25.233721572362484 ], [ 55.433870115299989, 25.233747898656588 ], [ 55.433899034511676, 25.231491043577702 ], [ 55.431417834507464, 25.23146471996187 ] ] ] } },
{ "type": "Feature", "properties": { "cell_id": 1269, "district": "mirdif", "gius": 0.286, "walkability_norm": 0.296, "services_norm": 0.161, "transit_norm": 0.4, "cluster": 2 }, "geometry": { "type": "Polygon", "coordinates": [ [ [ 55.431388869524348, 25.233721572362484 ], [ 55.431359901050655, 25.235978424042674 ], [ 55.433841192603239, 25.236004753015155 ], [ 55.433870115299989, 25.233747898656588 ], [ 55.431388869524348, 25.233721572362484 ] ] ] } },
{ "type": "Feature", "properties": { "cell_id": 1270, "district": "mirdif", "gius": 0.326, "walkability_norm": 0.592, "services_norm": 0.097, "transit_norm": 0.288, "cluster": 2 }, "geometry": { "type": "Polygon", "coordinates": [ [ [ 55.431359901050655, 25.235978424042674 ], [ 55.431330929086116, 25.23823527500241 ], [ 55.43381226642115, 25.238261606653353 ], [ 55.433841192603239, 25.236004753015155 ], [ 55.431359901050655, 25.235978424042674 ] ] ] } },
{ "type": "Feature", "properties": { "cell_id": 1271, "district": "mirdif", "gius": 0.118, "walkability_norm": 0.112, "services_norm": 0.065, "transit_norm": 0.177, "cluster": 2 }, "geometry": { "type": "Polygon", "coordinates": [ [ [ 55.431330929086116, 25.23823527500241 ], [ 55.431301953630431, 25.240492125241627 ], [ 55.433783336753443, 25.240518459571131 ], [ 55.43381226642115, 25.238261606653353 ], [ 55.431330929086116, 25.23823527500241 ] ] ] } },
{ "type": "Feature", "properties": { "cell_id": 1272, "district": "mirdif", "gius": 0.017, "walkability_norm": 0.051, "services_norm": 0.0, "transit_norm": 0.0, "cluster": 2 }, "geometry": { "type": "Polygon", "coordinates": [ [ [ 55.434390128168566, 25.193124397075117 ], [ 55.434361268159904, 25.195381264391958 ], [ 55.436841740050937, 25.195407503599988 ], [ 55.436870554381549, 25.193150633610735 ], [ 55.434390128168566, 25.193124397075117 ] ] ] } },
{ "type": "Feature", "properties": { "cell_id": 1273, "district": "mirdif", "gius": 0.088, "walkability_norm": 0.265, "services_norm": 0.0, "transit_norm": 0.0, "cluster": 2 }, "geometry": { "type": "Polygon", "coordinates": [ [ [ 55.434361268159904, 25.195381264391958 ], [ 55.434332404670961, 25.197638130989308 ], [ 55.436812922245544, 25.197664372869841 ], [ 55.436841740050937, 25.195407503599988 ], [ 55.434361268159904, 25.195381264391958 ] ] ] } },
{ "type": "Feature", "properties": { "cell_id": 1274, "district": "mirdif", "gius": 0.204, "walkability_norm": 0.612, "services_norm": 0.0, "transit_norm": 0.0, "cluster": 2 }, "geometry": { "type": "Polygon", "coordinates": [ [ [ 55.434332404670961, 25.197638130989308 ], [ 55.434303537701446, 25.199894996867123 ], [ 55.436784100965099, 25.199921241420252 ], [ 55.436812922245544, 25.197664372869841 ], [ 55.434332404670961, 25.197638130989308 ] ] ] } },
{ "type": "Feature", "properties": { "cell_id": 1275, "district": "mirdif", "gius": 0.075, "walkability_norm": 0.194, "services_norm": 0.032, "transit_norm": 0.0, "cluster": 2 }, "geometry": { "type": "Polygon", "coordinates": [ [ [ 55.434303537701446, 25.199894996867123 ], [ 55.434274667251074, 25.202151862025357 ], [ 55.436755276209311, 25.202178109251186 ], [ 55.436784100965099, 25.199921241420252 ], [ 55.434303537701446, 25.199894996867123 ] ] ] } },
{ "type": "Feature", "properties": { "cell_id": 1276, "district": "mirdif", "gius": 0.044, "walkability_norm": 0.051, "services_norm": 0.0, "transit_norm": 0.081, "cluster": 2 }, "geometry": { "type": "Polygon", "coordinates": [ [ [ 55.434274667251074, 25.202151862025357 ], [ 55.434245793319597, 25.204408726463935 ], [ 55.436726447977904, 25.204434976362563 ], [ 55.436755276209311, 25.202178109251186 ], [ 55.434274667251074, 25.202151862025357 ] ] ] } },
{ "type": "Feature", "properties": { "cell_id": 1277, "district": "mirdif", "gius": 0.064, "walkability_norm": 0.0, "services_norm": 0.0, "transit_norm": 0.191, "cluster": 2 }, "geometry": { "type": "Polygon", "coordinates": [ [ [ 55.434245793319597, 25.204408726463935 ], [ 55.434216915906696, 25.206665590182848 ], [ 55.436697616270592, 25.206691842754363 ], [ 55.436726447977904, 25.204434976362563 ], [ 55.434245793319597, 25.204408726463935 ] ] ] } },
{ "type": "Feature", "properties": { "cell_id": 1278, "district": "mirdif", "gius": 0.1, "walkability_norm": 0.0, "services_norm": 0.0, "transit_norm": 0.301, "cluster": 2 }, "geometry": { "type": "Polygon", "coordinates": [ [ [ 55.434216915906696, 25.206665590182848 ], [ 55.434188035012113, 25.208922453182026 ], [ 55.436668781087107, 25.208948708426515 ], [ 55.436697616270592, 25.206691842754363 ], [ 55.434216915906696, 25.206665590182848 ] ] ] } },
{ "type": "Feature", "properties": { "cell_id": 1279, "district": "mirdif", "gius": 0.137, "walkability_norm": 0.0, "services_norm": 0.0, "transit_norm": 0.41, "cluster": 2 }, "geometry": { "type": "Polygon", "coordinates": [ [ [ 55.434188035012113, 25.208922453182026 ], [ 55.434159150635558, 25.211179315461415 ], [ 55.436639942427156, 25.211205573378994 ], [ 55.436668781087107, 25.208948708426515 ], [ 55.434188035012113, 25.208922453182026 ] ] ] } },
{ "type": "Feature", "properties": { "cell_id": 1280, "district": "mirdif", "gius": 0.173, "walkability_norm": 0.0, "services_norm": 0.0, "transit_norm": 0.518, "cluster": 0 }, "geometry": { "type": "Polygon", "coordinates": [ [ [ 55.434159150635558, 25.211179315461415 ], [ 55.434130262776762, 25.213436177020981 ], [ 55.43661110029047, 25.213462437611724 ], [ 55.436639942427156, 25.211205573378994 ], [ 55.434159150635558, 25.211179315461415 ] ] ] } },
{ "type": "Feature", "properties": { "cell_id": 1281, "district": "mirdif", "gius": 0.208, "walkability_norm": 0.0, "services_norm": 0.0, "transit_norm": 0.624, "cluster": 0 }, "geometry": { "type": "Polygon", "coordinates": [ [ [ 55.434130262776762, 25.213436177020981 ], [ 55.434101371435432, 25.21569303786066 ], [ 55.436582254676757, 25.215719301124683 ], [ 55.43661110029047, 25.213462437611724 ], [ 55.434130262776762, 25.213436177020981 ] ] ] } },
{ "type": "Feature", "properties": { "cell_id": 1282, "district": "mirdif", "gius": 0.248, "walkability_norm": 0.02, "services_norm": 0.0, "transit_norm": 0.725, "cluster": 0 }, "geometry": { "type": "Polygon", "coordinates": [ [ [ 55.434101371435432, 25.21569303786066 ], [ 55.434072476611291, 25.217949897980411 ], [ 55.436553405585748, 25.217976163917807 ], [ 55.436582254676757, 25.215719301124683 ], [ 55.434101371435432, 25.21569303786066 ] ] ] } },
{ "type": "Feature", "properties": { "cell_id": 1283, "district": "mirdif", "gius": 0.38, "walkability_norm": 0.163, "services_norm": 0.161, "transit_norm": 0.815, "cluster": 0 }, "geometry": { "type": "Polygon", "coordinates": [ [ [ 55.434072476611291, 25.217949897980411 ], [ 55.434043578304056, 25.22020675738019 ], [ 55.436524553017158, 25.220233025991043 ], [ 55.436553405585748, 25.217976163917807 ], [ 55.434072476611291, 25.217949897980411 ] ] ] } },
{ "type": "Feature", "properties": { "cell_id": 1284, "district": "mirdif", "gius": 0.468, "walkability_norm": 0.337, "services_norm": 0.194, "transit_norm": 0.874, "cluster": 0 }, "geometry": { "type": "Polygon", "coordinates": [ [ [ 55.434043578304056, 25.22020675738019 ], [ 55.434014676513456, 25.22246361605994 ], [ 55.436495696970702, 25.222489887344356 ], [ 55.436524553017158, 25.220233025991043 ], [ 55.434043578304056, 25.22020675738019 ] ] ] } },
{ "type": "Feature", "properties": { "cell_id": 1285, "district": "mirdif", "gius": 0.451, "walkability_norm": 0.296, "services_norm": 0.194, "transit_norm": 0.864, "cluster": 0 }, "geometry": { "type": "Polygon", "coordinates": [ [ [ 55.434014676513456, 25.22246361605994 ], [ 55.433985771239186, 25.224720474019616 ], [ 55.436466837446105, 25.224746747977679 ], [ 55.436495696970702, 25.222489887344356 ], [ 55.434014676513456, 25.22246361605994 ] ] ] } },
{ "type": "Feature", "properties": { "cell_id": 1286, "district": "mirdif", "gius": 0.345, "walkability_norm": 0.143, "services_norm": 0.097, "transit_norm": 0.794, "cluster": 0 }, "geometry": { "type": "Polygon", "coordinates": [ [ [ 55.433985771239186, 25.224720474019616 ], [ 55.43395686248099, 25.226977331259167 ], [ 55.436437974443081, 25.227003607890985 ], [ 55.436466837446105, 25.224746747977679 ], [ 55.433985771239186, 25.224720474019616 ] ] ] } },
{ "type": "Feature", "properties": { "cell_id": 1287, "district": "mirdif", "gius": 0.391, "walkability_norm": 0.408, "services_norm": 0.065, "transit_norm": 0.7, "cluster": 0 }, "geometry": { "type": "Polygon", "coordinates": [ [ [ 55.43395686248099, 25.226977331259167 ], [ 55.433927950238584, 25.229234187778541 ], [ 55.43640910796136, 25.229260467084206 ], [ 55.436437974443081, 25.227003607890985 ], [ 55.43395686248099, 25.226977331259167 ] ] ] } },
{ "type": "Feature", "properties": { "cell_id": 1288, "district": "mirdif", "gius": 0.337, "walkability_norm": 0.316, "services_norm": 0.097, "transit_norm": 0.598, "cluster": 0 }, "geometry": { "type": "Polygon", "coordinates": [ [ [ 55.433927950238584, 25.229234187778541 ], [ 55.433899034511676, 25.231491043577702 ], [ 55.436380238000659, 25.231517325557309 ], [ 55.43640910796136, 25.229260467084206 ], [ 55.433927950238584, 25.229234187778541 ] ] ] } },
{ "type": "Feature", "properties": { "cell_id": 1289, "district": "mirdif", "gius": 0.344, "walkability_norm": 0.378, "services_norm": 0.161, "transit_norm": 0.492, "cluster": 0 }, "geometry": { "type": "Polygon", "coordinates": [ [ [ 55.433899034511676, 25.231491043577702 ], [ 55.433870115299989, 25.233747898656588 ], [ 55.436351364560686, 25.233774183310235 ], [ 55.436380238000659, 25.231517325557309 ], [ 55.433899034511676, 25.231491043577702 ] ] ] } },
{ "type": "Feature", "properties": { "cell_id": 1290, "district": "mirdif", "gius": 0.237, "walkability_norm": 0.102, "services_norm": 0.226, "transit_norm": 0.383, "cluster": 2 }, "geometry": { "type": "Polygon", "coordinates": [ [ [ 55.433870115299989, 25.233747898656588 ], [ 55.433841192603239, 25.236004753015155 ], [ 55.436322487641156, 25.236031040342937 ], [ 55.436351364560686, 25.233774183310235 ], [ 55.433870115299989, 25.233747898656588 ] ] ] } },
{ "type": "Feature", "properties": { "cell_id": 1291, "district": "mirdif", "gius": 0.312, "walkability_norm": 0.469, "services_norm": 0.194, "transit_norm": 0.274, "cluster": 2 }, "geometry": { "type": "Polygon", "coordinates": [ [ [ 55.433841192603239, 25.236004753015155 ], [ 55.43381226642115, 25.238261606653353 ], [ 55.436293607241815, 25.238287896655361 ], [ 55.436322487641156, 25.236031040342937 ], [ 55.433841192603239, 25.236004753015155 ] ] ] } },
{ "type": "Feature", "properties": { "cell_id": 1292, "district": "mirdif", "gius": 0.114, "walkability_norm": 0.112, "services_norm": 0.065, "transit_norm": 0.164, "cluster": 2 }, "geometry": { "type": "Polygon", "coordinates": [ [ [ 55.43381226642115, 25.238261606653353 ], [ 55.433783336753443, 25.240518459571131 ], [ 55.436264723362356, 25.24054475224747 ], [ 55.436293607241815, 25.238287896655361 ], [ 55.43381226642115, 25.238261606653353 ] ] ] } },
{ "type": "Feature", "properties": { "cell_id": 1293, "district": "mirdif", "gius": 0.017, "walkability_norm": 0.051, "services_norm": 0.0, "transit_norm": 0.0, "cluster": 2 }, "geometry": { "type": "Polygon", "coordinates": [ [ [ 55.436870554381549, 25.193150633610735 ], [ 55.436841740050937, 25.195407503599988 ], [ 55.439322215416745, 25.195433701239303 ], [ 55.439350984069023, 25.193176828581873 ], [ 55.436870554381549, 25.193150633610735 ] ] ] } },
{ "type": "Feature", "properties": { "cell_id": 1294, "district": "mirdif", "gius": 0.15, "walkability_norm": 0.449, "services_norm": 0.0, "transit_norm": 0.0, "cluster": 2 }, "geometry": { "type": "Polygon", "coordinates": [ [ [ 55.436841740050937, 25.195407503599988 ], [ 55.436812922245544, 25.197664372869841 ], [ 55.439293443295192, 25.197690573177422 ], [ 55.439322215416745, 25.195433701239303 ], [ 55.436841740050937, 25.195407503599988 ] ] ] } },
{ "type": "Feature", "properties": { "cell_id": 1295, "district": "mirdif", "gius": 0.31, "walkability_norm": 0.898, "services_norm": 0.032, "transit_norm": 0.0, "cluster": 2 }, "geometry": { "type": "Polygon", "coordinates": [ [ [ 55.436812922245544, 25.197664372869841 ], [ 55.436784100965099, 25.199921241420252 ], [ 55.439264667704087, 25.199947444396212 ], [ 55.439293443295192, 25.197690573177422 ], [ 55.436812922245544, 25.197664372869841 ] ] ] } },
{ "type": "Feature", "properties": { "cell_id": 1296, "district": "mirdif", "gius": 0.124, "walkability_norm": 0.306, "services_norm": 0.065, "transit_norm": 0.0, "cluster": 2 }, "geometry": { "type": "Polygon", "coordinates": [ [ [ 55.436784100965099, 25.199921241420252 ], [ 55.436755276209311, 25.202178109251186 ], [ 55.439235888643154, 25.202204314895599 ], [ 55.439264667704087, 25.199947444396212 ], [ 55.436784100965099, 25.199921241420252 ] ] ] } },
{ "type": "Feature", "properties": { "cell_id": 1297, "district": "mirdif", "gius": 0.068, "walkability_norm": 0.082, "services_norm": 0.065, "transit_norm": 0.057, "cluster": 2 }, "geometry": { "type": "Polygon", "coordinates": [ [ [ 55.436755276209311, 25.202178109251186 ], [ 55.436726447977904, 25.204434976362563 ], [ 55.4392071061121, 25.204461184675541 ], [ 55.439235888643154, 25.202204314895599 ], [ 55.436755276209311, 25.202178109251186 ] ] ] } },
{ "type": "Feature", "properties": { "cell_id": 1298, "district": "mirdif", "gius": 0.065, "walkability_norm": 0.0, "services_norm": 0.032, "transit_norm": 0.164, "cluster": 2 }, "geometry": { "type": "Polygon", "coordinates": [ [ [ 55.436726447977904, 25.204434976362563 ], [ 55.436697616270592, 25.206691842754363 ], [ 55.439178320110663, 25.206718053735994 ], [ 55.4392071061121, 25.204461184675541 ], [ 55.436726447977904, 25.204434976362563 ] ] ] } },
{ "type": "Feature", "properties": { "cell_id": 1299, "district": "mirdif", "gius": 0.09, "walkability_norm": 0.0, "services_norm": 0.0, "transit_norm": 0.27, "cluster": 2 }, "geometry": { "type": "Polygon", "coordinates": [ [ [ 55.436697616270592, 25.206691842754363 ], [ 55.436668781087107, 25.208948708426515 ], [ 55.439149530638552, 25.208974922076901 ], [ 55.439178320110663, 25.206718053735994 ], [ 55.436697616270592, 25.206691842754363 ] ] ] } },
{ "type": "Feature", "properties": { "cell_id": 1300, "district": "mirdif", "gius": 0.125, "walkability_norm": 0.0, "services_norm": 0.0, "transit_norm": 0.374, "cluster": 2 }, "geometry": { "type": "Polygon", "coordinates": [ [ [ 55.436668781087107, 25.208948708426515 ], [ 55.436639942427156, 25.211205573378994 ], [ 55.439120737695482, 25.211231789698221 ], [ 55.439149530638552, 25.208974922076901 ], [ 55.436668781087107, 25.208948708426515 ] ] ] } },
{ "type": "Feature", "properties": { "cell_id": 1301, "district": "mirdif", "gius": 0.158, "walkability_norm": 0.0, "services_norm": 0.0, "transit_norm": 0.475, "cluster": 2 }, "geometry": { "type": "Polygon", "coordinates": [ [ [ 55.436639942427156, 25.211205573378994 ], [ 55.43661110029047, 25.213462437611724 ], [ 55.439091941281191, 25.213488656599903 ], [ 55.439120737695482, 25.211231789698221 ], [ 55.436639942427156, 25.211205573378994 ] ] ] } },
{ "type": "Feature", "properties": { "cell_id": 1302, "district": "mirdif", "gius": 0.19, "walkability_norm": 0.0, "services_norm": 0.0, "transit_norm": 0.57, "cluster": 0 }, "geometry": { "type": "Polygon", "coordinates": [ [ [ 55.43661110029047, 25.213462437611724 ], [ 55.436582254676757, 25.215719301124683 ], [ 55.439063141395387, 25.215745522781891 ], [ 55.439091941281191, 25.213488656599903 ], [ 55.43661110029047, 25.213462437611724 ] ] ] } },
{ "type": "Feature", "properties": { "cell_id": 1303, "district": "mirdif", "gius": 0.256, "walkability_norm": 0.112, "services_norm": 0.0, "transit_norm": 0.656, "cluster": 0 }, "geometry": { "type": "Polygon", "coordinates": [ [ [ 55.436582254676757, 25.215719301124683 ], [ 55.436553405585748, 25.217976163917807 ], [ 55.439034338037786, 25.218002388244145 ], [ 55.439063141395387, 25.215745522781891 ], [ 55.436582254676757, 25.215719301124683 ] ] ] } },
{ "type": "Feature", "properties": { "cell_id": 1304, "district": "mirdif", "gius": 0.362, "walkability_norm": 0.327, "services_norm": 0.032, "transit_norm": 0.726, "cluster": 0 }, "geometry": { "type": "Polygon", "coordinates": [ [ [ 55.436553405585748, 25.217976163917807 ], [ 55.436524553017158, 25.220233025991043 ], [ 55.439005531208124, 25.220259252986615 ], [ 55.439034338037786, 25.218002388244145 ], [ 55.436553405585748, 25.217976163917807 ] ] ] } },
{ "type": "Feature", "properties": { "cell_id": 1305, "district": "mirdif", "gius": 0.383, "walkability_norm": 0.224, "services_norm": 0.161, "transit_norm": 0.764, "cluster": 0 }, "geometry": { "type": "Polygon", "coordinates": [ [ [ 55.436524553017158, 25.220233025991043 ], [ 55.436495696970702, 25.222489887344356 ], [ 55.438976720906098, 25.222516117009246 ], [ 55.439005531208124, 25.220259252986615 ], [ 55.436524553017158, 25.220233025991043 ] ] ] } },
{ "type": "Feature", "properties": { "cell_id": 1306, "district": "mirdif", "gius": 0.375, "walkability_norm": 0.204, "services_norm": 0.161, "transit_norm": 0.759, "cluster": 0 }, "geometry": { "type": "Polygon", "coordinates": [ [ [ 55.436495696970702, 25.222489887344356 ], [ 55.436466837446105, 25.224746747977679 ], [ 55.43894790713145, 25.224772980312 ], [ 55.438976720906098, 25.222516117009246 ], [ 55.436495696970702, 25.222489887344356 ] ] ] } },
{ "type": "Feature", "properties": { "cell_id": 1307, "district": "mirdif", "gius": 0.359, "walkability_norm": 0.367, "services_norm": 0.0, "transit_norm": 0.711, "cluster": 0 }, "geometry": { "type": "Polygon", "coordinates": [ [ [ 55.436466837446105, 25.224746747977679 ], [ 55.436437974443081, 25.227003607890985 ], [ 55.438919089883889, 25.227029842894815 ], [ 55.43894790713145, 25.224772980312 ], [ 55.436466837446105, 25.224746747977679 ] ] ] } },
{ "type": "Feature", "properties": { "cell_id": 1308, "district": "mirdif", "gius": 0.273, "walkability_norm": 0.184, "services_norm": 0.0, "transit_norm": 0.636, "cluster": 0 }, "geometry": { "type": "Polygon", "coordinates": [ [ [ 55.436437974443081, 25.227003607890985 ], [ 55.43640910796136, 25.229260467084206 ], [ 55.438890269163132, 25.229286704757651 ], [ 55.438919089883889, 25.227029842894815 ], [ 55.436437974443081, 25.227003607890985 ] ] ] } },
{ "type": "Feature", "properties": { "cell_id": 1309, "district": "mirdif", "gius": 0.231, "walkability_norm": 0.112, "services_norm": 0.032, "transit_norm": 0.547, "cluster": 0 }, "geometry": { "type": "Polygon", "coordinates": [ [ [ 55.43640910796136, 25.229260467084206 ], [ 55.436380238000659, 25.231517325557309 ], [ 55.4388614449689, 25.231543565900466 ], [ 55.438890269163132, 25.229286704757651 ], [ 55.43640910796136, 25.229260467084206 ] ] ] } },
{ "type": "Feature", "properties": { "cell_id": 1310, "district": "mirdif", "gius": 0.302, "walkability_norm": 0.327, "services_norm": 0.129, "transit_norm": 0.45, "cluster": 2 }, "geometry": { "type": "Polygon", "coordinates": [ [ [ 55.436380238000659, 25.231517325557309 ], [ 55.436351364560686, 25.233774183310235 ], [ 55.438832617300925, 25.233800426323192 ], [ 55.4388614449689, 25.231543565900466 ], [ 55.436380238000659, 25.231517325557309 ] ] ] } },
{ "type": "Feature", "properties": { "cell_id": 1311, "district": "mirdif", "gius": 0.29, "walkability_norm": 0.327, "services_norm": 0.194, "transit_norm": 0.349, "cluster": 2 }, "geometry": { "type": "Polygon", "coordinates": [ [ [ 55.436351364560686, 25.233774183310235 ], [ 55.436322487641156, 25.236031040342937 ], [ 55.438803786158914, 25.23605728602579 ], [ 55.438832617300925, 25.233800426323192 ], [ 55.436351364560686, 25.233774183310235 ] ] ] } },
{ "type": "Feature", "properties": { "cell_id": 1312, "district": "mirdif", "gius": 0.449, "walkability_norm": 0.908, "services_norm": 0.194, "transit_norm": 0.244, "cluster": 1 }, "geometry": { "type": "Polygon", "coordinates": [ [ [ 55.436322487641156, 25.236031040342937 ], [ 55.436293607241815, 25.238287896655361 ], [ 55.438774951542584, 25.238314145008214 ], [ 55.438803786158914, 25.23605728602579 ], [ 55.436322487641156, 25.236031040342937 ] ] ] } },
{ "type": "Feature", "properties": { "cell_id": 1313, "district": "mirdif", "gius": 0.123, "walkability_norm": 0.102, "services_norm": 0.129, "transit_norm": 0.138, "cluster": 2 }, "geometry": { "type": "Polygon", "coordinates": [ [ [ 55.436293607241815, 25.238287896655361 ], [ 55.436264723362356, 25.24054475224747 ], [ 55.438746113451664, 25.240571003270411 ], [ 55.438774951542584, 25.238314145008214 ], [ 55.436293607241815, 25.238287896655361 ] ] ] } },
{ "type": "Feature", "properties": { "cell_id": 1314, "district": "mirdif", "gius": 0.007, "walkability_norm": 0.02, "services_norm": 0.0, "transit_norm": 0.0, "cluster": 2 }, "geometry": { "type": "Polygon", "coordinates": [ [ [ 55.439350984069023, 25.193176828581873 ], [ 55.439322215416745, 25.195433701239303 ], [ 55.441802694251827, 25.195459857309672 ], [ 55.441831417225494, 25.193202981988303 ], [ 55.439350984069023, 25.193176828581873 ] ] ] } },
{ "type": "Feature", "properties": { "cell_id": 1315, "district": "mirdif", "gius": 0.037, "walkability_norm": 0.112, "services_norm": 0.0, "transit_norm": 0.0, "cluster": 2 }, "geometry": { "type": "Polygon", "coordinates": [ [ [ 55.439322215416745, 25.195433701239303 ], [ 55.439293443295192, 25.197690573177422 ], [ 55.441773967814392, 25.197716731911839 ], [ 55.441802694251827, 25.195459857309672 ], [ 55.439322215416745, 25.195433701239303 ] ] ] } },
{ "type": "Feature", "properties": { "cell_id": 1316, "district": "mirdif", "gius": 0.113, "walkability_norm": 0.276, "services_norm": 0.065, "transit_norm": 0.0, "cluster": 2 }, "geometry": { "type": "Polygon", "coordinates": [ [ [ 55.439293443295192, 25.197690573177422 ], [ 55.439264667704087, 25.199947444396212 ], [ 55.441745237912919, 25.19997360579476 ], [ 55.441773967814392, 25.197716731911839 ], [ 55.439293443295192, 25.197690573177422 ] ] ] } },
{ "type": "Feature", "properties": { "cell_id": 1317, "district": "mirdif", "gius": 0.066, "walkability_norm": 0.133, "services_norm": 0.065, "transit_norm": 0.0, "cluster": 2 }, "geometry": { "type": "Polygon", "coordinates": [ [ [ 55.439264667704087, 25.199947444396212 ], [ 55.439235888643154, 25.202204314895599 ], [ 55.441716504547109, 25.202230478958377 ], [ 55.441745237912919, 25.19997360579476 ], [ 55.439264667704087, 25.199947444396212 ] ] ] } },
{ "type": "Feature", "properties": { "cell_id": 1318, "district": "mirdif", "gius": 0.256, "walkability_norm": 0.684, "services_norm": 0.065, "transit_norm": 0.021, "cluster": 2 }, "geometry": { "type": "Polygon", "coordinates": [ [ [ 55.439235888643154, 25.202204314895599 ], [ 55.4392071061121, 25.204461184675541 ], [ 55.441687767716701, 25.204487351402648 ], [ 55.441716504547109, 25.202230478958377 ], [ 55.439235888643154, 25.202204314895599 ] ] ] } },
{ "type": "Feature", "properties": { "cell_id": 1319, "district": "mirdif", "gius": 0.052, "walkability_norm": 0.0, "services_norm": 0.032, "transit_norm": 0.124, "cluster": 2 }, "geometry": { "type": "Polygon", "coordinates": [ [ [ 55.4392071061121, 25.204461184675541 ], [ 55.439178320110663, 25.206718053735994 ], [ 55.441659027421409, 25.206744223127522 ], [ 55.441687767716701, 25.204487351402648 ], [ 55.4392071061121, 25.204461184675541 ] ] ] } },
{ "type": "Feature", "properties": { "cell_id": 1320, "district": "mirdif", "gius": 0.075, "walkability_norm": 0.0, "services_norm": 0.0, "transit_norm": 0.224, "cluster": 2 }, "geometry": { "type": "Polygon", "coordinates": [ [ [ 55.439178320110663, 25.206718053735994 ], [ 55.439149530638552, 25.208974922076901 ], [ 55.441630283660949, 25.209001094132955 ], [ 55.441659027421409, 25.206744223127522 ], [ 55.439178320110663, 25.206718053735994 ] ] ] } },
{ "type": "Feature", "properties": { "cell_id": 1321, "district": "mirdif", "gius": 0.107, "walkability_norm": 0.0, "services_norm": 0.0, "transit_norm": 0.322, "cluster": 2 }, "geometry": { "type": "Polygon", "coordinates": [ [ [ 55.439149530638552, 25.208974922076901 ], [ 55.439120737695482, 25.211231789698221 ], [ 55.441601536435051, 25.211257964418877 ], [ 55.441630283660949, 25.209001094132955 ], [ 55.439149530638552, 25.208974922076901 ] ] ] } },
{ "type": "Feature", "properties": { "cell_id": 1322, "district": "mirdif", "gius": 0.138, "walkability_norm": 0.0, "services_norm": 0.0, "transit_norm": 0.414, "cluster": 2 }, "geometry": { "type": "Polygon", "coordinates": [ [ [ 55.439120737695482, 25.211231789698221 ], [ 55.439091941281191, 25.213488656599903 ], [ 55.441572785743425, 25.213514833985265 ], [ 55.441601536435051, 25.211257964418877 ], [ 55.439120737695482, 25.211231789698221 ] ] ] } },
{ "type": "Feature", "properties": { "cell_id": 1323, "district": "mirdif", "gius": 0.166, "walkability_norm": 0.0, "services_norm": 0.0, "transit_norm": 0.498, "cluster": 2 }, "geometry": { "type": "Polygon", "coordinates": [ [ [ 55.439091941281191, 25.213488656599903 ], [ 55.439063141395387, 25.215745522781891 ], [ 55.441544031585806, 25.215771702832061 ], [ 55.441572785743425, 25.213514833985265 ], [ 55.439091941281191, 25.213488656599903 ] ] ] } },
{ "type": "Feature", "properties": { "cell_id": 1324, "district": "mirdif", "gius": 0.2, "walkability_norm": 0.031, "services_norm": 0.0, "transit_norm": 0.571, "cluster": 0 }, "geometry": { "type": "Polygon", "coordinates": [ [ [ 55.439063141395387, 25.215745522781891 ], [ 55.439034338037786, 25.218002388244145 ], [ 55.441515273961897, 25.218028570959216 ], [ 55.441544031585806, 25.215771702832061 ], [ 55.439063141395387, 25.215745522781891 ] ] ] } },
{ "type": "Feature", "properties": { "cell_id": 1325, "district": "mirdif", "gius": 0.29, "walkability_norm": 0.245, "services_norm": 0.0, "transit_norm": 0.625, "cluster": 0 }, "geometry": { "type": "Polygon", "coordinates": [ [ [ 55.439034338037786, 25.218002388244145 ], [ 55.439005531208124, 25.220259252986615 ], [ 55.441486512871428, 25.220285438366684 ], [ 55.441515273961897, 25.218028570959216 ], [ 55.439034338037786, 25.218002388244145 ] ] ] } },
{ "type": "Feature", "properties": { "cell_id": 1326, "district": "mirdif", "gius": 0.32, "walkability_norm": 0.306, "services_norm": 0.0, "transit_norm": 0.653, "cluster": 0 }, "geometry": { "type": "Polygon", "coordinates": [ [ [ 55.439005531208124, 25.220259252986615 ], [ 55.438976720906098, 25.222516117009246 ], [ 55.441457748314129, 25.222542305054407 ], [ 55.441486512871428, 25.220285438366684 ], [ 55.439005531208124, 25.220259252986615 ] ] ] } },
{ "type": "Feature", "properties": { "cell_id": 1327, "district": "mirdif", "gius": 0.329, "walkability_norm": 0.337, "services_norm": 0.0, "transit_norm": 0.649, "cluster": 0 }, "geometry": { "type": "Polygon", "coordinates": [ [ [ 55.438976720906098, 25.222516117009246 ], [ 55.43894790713145, 25.224772980312 ], [ 55.441428980289693, 25.224799171022337 ], [ 55.441457748314129, 25.222542305054407 ], [ 55.438976720906098, 25.222516117009246 ] ] ] } },
{ "type": "Feature", "properties": { "cell_id": 1328, "district": "mirdif", "gius": 0.314, "walkability_norm": 0.327, "services_norm": 0.0, "transit_norm": 0.614, "cluster": 0 }, "geometry": { "type": "Polygon", "coordinates": [ [ [ 55.43894790713145, 25.224772980312 ], [ 55.438919089883889, 25.227029842894815 ], [ 55.441400208797873, 25.227056036270444 ], [ 55.441428980289693, 25.224799171022337 ], [ 55.43894790713145, 25.224772980312 ] ] ] } },
{ "type": "Feature", "properties": { "cell_id": 1329, "district": "mirdif", "gius": 0.334, "walkability_norm": 0.449, "services_norm": 0.0, "transit_norm": 0.554, "cluster": 0 }, "geometry": { "type": "Polygon", "coordinates": [ [ [ 55.438919089883889, 25.227029842894815 ], [ 55.438890269163132, 25.229286704757651 ], [ 55.441371433838363, 25.229312900798654 ], [ 55.441400208797873, 25.227056036270444 ], [ 55.438919089883889, 25.227029842894815 ] ] ] } },
{ "type": "Feature", "properties": { "cell_id": 1330, "district": "mirdif", "gius": 0.231, "walkability_norm": 0.184, "services_norm": 0.032, "transit_norm": 0.478, "cluster": 2 }, "geometry": { "type": "Polygon", "coordinates": [ [ [ 55.438890269163132, 25.229286704757651 ], [ 55.4388614449689, 25.231543565900466 ], [ 55.441342655410899, 25.231569764606935 ], [ 55.441371433838363, 25.229312900798654 ], [ 55.438890269163132, 25.229286704757651 ] ] ] } },
{ "type": "Feature", "properties": { "cell_id": 1331, "district": "mirdif", "gius": 0.227, "walkability_norm": 0.224, "services_norm": 0.065, "transit_norm": 0.392, "cluster": 2 }, "geometry": { "type": "Polygon", "coordinates": [ [ [ 55.4388614449689, 25.231543565900466 ], [ 55.438832617300925, 25.233800426323192 ], [ 55.441313873515199, 25.233826627695237 ], [ 55.441342655410899, 25.231569764606935 ], [ 55.4388614449689, 25.231543565900466 ] ] ] } },
{ "type": "Feature", "properties": { "cell_id": 1332, "district": "mirdif", "gius": 0.296, "walkability_norm": 0.429, "services_norm": 0.161, "transit_norm": 0.298, "cluster": 2 }, "geometry": { "type": "Polygon", "coordinates": [ [ [ 55.438832617300925, 25.233800426323192 ], [ 55.438803786158914, 25.23605728602579 ], [ 55.44128508815097, 25.236083490063496 ], [ 55.441313873515199, 25.233826627695237 ], [ 55.438832617300925, 25.233800426323192 ] ] ] } },
{ "type": "Feature", "properties": { "cell_id": 1333, "district": "mirdif", "gius": 0.249, "walkability_norm": 0.418, "services_norm": 0.129, "transit_norm": 0.2, "cluster": 2 }, "geometry": { "type": "Polygon", "coordinates": [ [ [ 55.438803786158914, 25.23605728602579 ], [ 55.438774951542584, 25.238314145008214 ], [ 55.441256299317956, 25.238340351711678 ], [ 55.44128508815097, 25.236083490063496 ], [ 55.438803786158914, 25.23605728602579 ] ] ] } },
{ "type": "Feature", "properties": { "cell_id": 1334, "district": "mirdif", "gius": 0.11, "walkability_norm": 0.102, "services_norm": 0.129, "transit_norm": 0.099, "cluster": 2 }, "geometry": { "type": "Polygon", "coordinates": [ [ [ 55.438774951542584, 25.238314145008214 ], [ 55.438746113451664, 25.240571003270411 ], [ 55.441227507015853, 25.240597212639731 ], [ 55.441256299317956, 25.238340351711678 ], [ 55.438774951542584, 25.238314145008214 ] ] ] } },
{ "type": "Feature", "properties": { "cell_id": 1335, "district": "mirdif", "gius": 0.003, "walkability_norm": 0.01, "services_norm": 0.0, "transit_norm": 0.0, "cluster": 2 }, "geometry": { "type": "Polygon", "coordinates": [ [ [ 55.441831417225494, 25.193202981988303 ], [ 55.441802694251827, 25.195459857309672 ], [ 55.444283176550677, 25.195485971810882 ], [ 55.444311853845456, 25.193229093829796 ], [ 55.441831417225494, 25.193202981988303 ] ] ] } },
{ "type": "Feature", "properties": { "cell_id": 1336, "district": "mirdif", "gius": 0.034, "walkability_norm": 0.102, "services_norm": 0.0, "transit_norm": 0.0, "cluster": 2 }, "geometry": { "type": "Polygon", "coordinates": [ [ [ 55.441802694251827, 25.195459857309672 ], [ 55.441773967814392, 25.197716731911839 ], [ 55.444254495797644, 25.197742849072849 ], [ 55.444283176550677, 25.195485971810882 ], [ 55.441802694251827, 25.195459857309672 ] ] ] } },
{ "type": "Feature", "properties": { "cell_id": 1337, "district": "mirdif", "gius": 0.069, "walkability_norm": 0.173, "services_norm": 0.032, "transit_norm": 0.0, "cluster": 2 }, "geometry": { "type": "Polygon", "coordinates": [ [ [ 55.441773967814392, 25.197716731911839 ], [ 55.441745237912919, 25.19997360579476 ], [ 55.444225811586072, 25.199999725615676 ], [ 55.444254495797644, 25.197742849072849 ], [ 55.441773967814392, 25.197716731911839 ] ] ] } },
{ "type": "Feature", "properties": { "cell_id": 1338, "district": "mirdif", "gius": 0.022, "walkability_norm": 0.0, "services_norm": 0.065, "transit_norm": 0.0, "cluster": 2 }, "geometry": { "type": "Polygon", "coordinates": [ [ [ 55.441745237912919, 25.19997360579476 ], [ 55.441716504547109, 25.202230478958377 ], [ 55.444197123915671, 25.202256601439291 ], [ 55.444225811586072, 25.199999725615676 ], [ 55.441745237912919, 25.19997360579476 ] ] ] } },
{ "type": "Feature", "properties": { "cell_id": 1339, "district": "mirdif", "gius": 0.014, "walkability_norm": 0.01, "services_norm": 0.032, "transit_norm": 0.0, "cluster": 2 }, "geometry": { "type": "Polygon", "coordinates": [ [ [ 55.441716504547109, 25.202230478958377 ], [ 55.441687767716701, 25.204487351402648 ], [ 55.444168432786185, 25.204513476543656 ], [ 55.444197123915671, 25.202256601439291 ], [ 55.441716504547109, 25.202230478958377 ] ] ] } },
{ "type": "Feature", "properties": { "cell_id": 1340, "district": "mirdif", "gius": 0.035, "walkability_norm": 0.0, "services_norm": 0.032, "transit_norm": 0.072, "cluster": 2 }, "geometry": { "type": "Polygon", "coordinates": [ [ [ 55.441687767716701, 25.204487351402648 ], [ 55.441659027421409, 25.206744223127522 ], [ 55.444139738197322, 25.206770350928718 ], [ 55.444168432786185, 25.204513476543656 ], [ 55.441687767716701, 25.204487351402648 ] ] ] } },
{ "type": "Feature", "properties": { "cell_id": 1341, "district": "mirdif", "gius": 0.056, "walkability_norm": 0.0, "services_norm": 0.0, "transit_norm": 0.167, "cluster": 2 }, "geometry": { "type": "Polygon", "coordinates": [ [ [ 55.441659027421409, 25.206744223127522 ], [ 55.441630283660949, 25.209001094132955 ], [ 55.44411104014879, 25.209027224594429 ], [ 55.444139738197322, 25.206770350928718 ], [ 55.441659027421409, 25.206744223127522 ] ] ] } },
{ "type": "Feature", "properties": { "cell_id": 1342, "district": "mirdif", "gius": 0.086, "walkability_norm": 0.0, "services_norm": 0.0, "transit_norm": 0.257, "cluster": 2 }, "geometry": { "type": "Polygon", "coordinates": [ [ [ 55.441630283660949, 25.209001094132955 ], [ 55.441601536435051, 25.211257964418877 ], [ 55.444082338640335, 25.211284097540734 ], [ 55.44411104014879, 25.209027224594429 ], [ 55.441630283660949, 25.209001094132955 ] ] ] } },
{ "type": "Feature", "properties": { "cell_id": 1343, "district": "mirdif", "gius": 0.113, "walkability_norm": 0.0, "services_norm": 0.0, "transit_norm": 0.34, "cluster": 2 }, "geometry": { "type": "Polygon", "coordinates": [ [ [ 55.441601536435051, 25.211257964418877 ], [ 55.441572785743425, 25.213514833985265 ], [ 55.444053633671672, 25.2135409697676 ], [ 55.444082338640335, 25.211284097540734 ], [ 55.441601536435051, 25.211257964418877 ] ] ] } },
{ "type": "Feature", "properties": { "cell_id": 1344, "district": "mirdif", "gius": 0.149, "walkability_norm": 0.0, "services_norm": 0.032, "transit_norm": 0.414, "cluster": 2 }, "geometry": { "type": "Polygon", "coordinates": [ [ [ 55.441572785743425, 25.213514833985265 ], [ 55.441544031585806, 25.215771702832061 ], [ 55.444024925242502, 25.215797841274966 ], [ 55.444053633671672, 25.2135409697676 ], [ 55.441572785743425, 25.213514833985265 ] ] ] } },
{ "type": "Feature", "properties": { "cell_id": 1345, "district": "mirdif", "gius": 0.169, "walkability_norm": 0.0, "services_norm": 0.032, "transit_norm": 0.476, "cluster": 2 }, "geometry": { "type": "Polygon", "coordinates": [ [ [ 55.441544031585806, 25.215771702832061 ], [ 55.441515273961897, 25.218028570959216 ], [ 55.443996213352577, 25.218054712062784 ], [ 55.444024925242502, 25.215797841274966 ], [ 55.441544031585806, 25.215771702832061 ] ] ] } },
{ "type": "Feature", "properties": { "cell_id": 1346, "district": "mirdif", "gius": 0.184, "walkability_norm": 0.0, "services_norm": 0.032, "transit_norm": 0.52, "cluster": 0 }, "geometry": { "type": "Polygon", "coordinates": [ [ [ 55.441515273961897, 25.218028570959216 ], [ 55.441486512871428, 25.220285438366684 ], [ 55.443967498001591, 25.220311582131007 ], [ 55.443996213352577, 25.218054712062784 ], [ 55.441515273961897, 25.218028570959216 ] ] ] } },
{ "type": "Feature", "properties": { "cell_id": 1347, "district": "mirdif", "gius": 0.202, "walkability_norm": 0.031, "services_norm": 0.032, "transit_norm": 0.542, "cluster": 0 }, "geometry": { "type": "Polygon", "coordinates": [ [ [ 55.441486512871428, 25.220285438366684 ], [ 55.441457748314129, 25.222542305054407 ], [ 55.443938779189274, 25.222568451479592 ], [ 55.443967498001591, 25.220311582131007 ], [ 55.441486512871428, 25.220285438366684 ] ] ] } },
{ "type": "Feature", "properties": { "cell_id": 1348, "district": "mirdif", "gius": 0.231, "walkability_norm": 0.122, "services_norm": 0.032, "transit_norm": 0.539, "cluster": 0 }, "geometry": { "type": "Polygon", "coordinates": [ [ [ 55.441457748314129, 25.222542305054407 ], [ 55.441428980289693, 25.224799171022337 ], [ 55.443910056915357, 25.224825320108469 ], [ 55.443938779189274, 25.222568451479592 ], [ 55.441457748314129, 25.222542305054407 ] ] ] } },
{ "type": "Feature", "properties": { "cell_id": 1349, "district": "mirdif", "gius": 0.221, "walkability_norm": 0.153, "services_norm": 0.0, "transit_norm": 0.511, "cluster": 0 }, "geometry": { "type": "Polygon", "coordinates": [ [ [ 55.441428980289693, 25.224799171022337 ], [ 55.441400208797873, 25.227056036270444 ], [ 55.44388133117954, 25.227082188017626 ], [ 55.443910056915357, 25.224825320108469 ], [ 55.441428980289693, 25.224799171022337 ] ] ] } },
{ "type": "Feature", "properties": { "cell_id": 1350, "district": "mirdif", "gius": 0.263, "walkability_norm": 0.327, "services_norm": 0.0, "transit_norm": 0.462, "cluster": 2 }, "geometry": { "type": "Polygon", "coordinates": [ [ [ 55.441400208797873, 25.227056036270444 ], [ 55.441371433838363, 25.229312900798654 ], [ 55.443852601981561, 25.229339055206982 ], [ 55.44388133117954, 25.227082188017626 ], [ 55.441400208797873, 25.227056036270444 ] ] ] } },
{ "type": "Feature", "properties": { "cell_id": 1351, "district": "mirdif", "gius": 0.191, "walkability_norm": 0.143, "services_norm": 0.032, "transit_norm": 0.397, "cluster": 2 }, "geometry": { "type": "Polygon", "coordinates": [ [ [ 55.441371433838363, 25.229312900798654 ], [ 55.441342655410899, 25.231569764606935 ], [ 55.443823869321143, 25.231595921676497 ], [ 55.443852601981561, 25.229339055206982 ], [ 55.441371433838363, 25.229312900798654 ] ] ] } },
{ "type": "Feature", "properties": { "cell_id": 1352, "district": "mirdif", "gius": 0.206, "walkability_norm": 0.235, "services_norm": 0.065, "transit_norm": 0.32, "cluster": 2 }, "geometry": { "type": "Polygon", "coordinates": [ [ [ 55.441342655410899, 25.231569764606935 ], [ 55.441313873515199, 25.233826627695237 ], [ 55.443795133197987, 25.23385278742613 ], [ 55.443823869321143, 25.231595921676497 ], [ 55.441342655410899, 25.231569764606935 ] ] ] } },
{ "type": "Feature", "properties": { "cell_id": 1353, "district": "mirdif", "gius": 0.171, "walkability_norm": 0.214, "services_norm": 0.065, "transit_norm": 0.235, "cluster": 2 }, "geometry": { "type": "Polygon", "coordinates": [ [ [ 55.441313873515199, 25.233826627695237 ], [ 55.44128508815097, 25.236083490063496 ], [ 55.443766393611831, 25.236109652455823 ], [ 55.443795133197987, 25.23385278742613 ], [ 55.441313873515199, 25.233826627695237 ] ] ] } },
{ "type": "Feature", "properties": { "cell_id": 1354, "district": "mirdif", "gius": 0.138, "walkability_norm": 0.173, "services_norm": 0.097, "transit_norm": 0.144, "cluster": 2 }, "geometry": { "type": "Polygon", "coordinates": [ [ [ 55.44128508815097, 25.236083490063496 ], [ 55.441256299317956, 25.238340351711678 ], [ 55.443737650562397, 25.238366516765527 ], [ 55.443766393611831, 25.236109652455823 ], [ 55.44128508815097, 25.236083490063496 ] ] ] } },
{ "type": "Feature", "properties": { "cell_id": 1355, "district": "mirdif", "gius": 0.075, "walkability_norm": 0.112, "services_norm": 0.065, "transit_norm": 0.048, "cluster": 2 }, "geometry": { "type": "Polygon", "coordinates": [ [ [ 55.441256299317956, 25.238340351711678 ], [ 55.441227507015853, 25.240597212639731 ], [ 55.443708904049394, 25.240623380355206 ], [ 55.443737650562397, 25.238366516765527 ], [ 55.441256299317956, 25.238340351711678 ] ] ] } },
{ "type": "Feature", "properties": { "cell_id": 1370, "district": "mirdif", "gius": 0.146, "walkability_norm": 0.0, "services_norm": 0.032, "transit_norm": 0.405, "cluster": 2 }, "geometry": { "type": "Polygon", "coordinates": [ [ [ 55.443910056915357, 25.224825320108469 ], [ 55.44388133117954, 25.227082188017626 ], [ 55.446362457023376, 25.227108298136141 ], [ 55.446391137002891, 25.224851427570179 ], [ 55.443910056915357, 25.224825320108469 ] ] ] } },
{ "type": "Feature", "properties": { "cell_id": 1371, "district": "mirdif", "gius": 0.121, "walkability_norm": 0.0, "services_norm": 0.0, "transit_norm": 0.364, "cluster": 2 }, "geometry": { "type": "Polygon", "coordinates": [ [ [ 55.44388133117954, 25.227082188017626 ], [ 55.443852601981561, 25.229339055206982 ], [ 55.446333773587206, 25.229365167982401 ], [ 55.446362457023376, 25.227108298136141 ], [ 55.44388133117954, 25.227082188017626 ] ] ] } },
{ "type": "Feature", "properties": { "cell_id": 1372, "district": "mirdif", "gius": 0.103, "walkability_norm": 0.0, "services_norm": 0.0, "transit_norm": 0.308, "cluster": 2 }, "geometry": { "type": "Polygon", "coordinates": [ [ [ 55.443852601981561, 25.229339055206982 ], [ 55.443823869321143, 25.231595921676497 ], [ 55.446305086694103, 25.231622037108924 ], [ 55.446333773587206, 25.229365167982401 ], [ 55.443852601981561, 25.229339055206982 ] ] ] } },
{ "type": "Feature", "properties": { "cell_id": 1373, "district": "mirdif", "gius": 0.152, "walkability_norm": 0.184, "services_norm": 0.032, "transit_norm": 0.239, "cluster": 2 }, "geometry": { "type": "Polygon", "coordinates": [ [ [ 55.443823869321143, 25.231595921676497 ], [ 55.443795133197987, 25.23385278742613 ], [ 55.446276396343791, 25.233878905515645 ], [ 55.446305086694103, 25.231622037108924 ], [ 55.443823869321143, 25.231595921676497 ] ] ] } },
{ "type": "Feature", "properties": { "cell_id": 1374, "district": "mirdif", "gius": 0.119, "walkability_norm": 0.163, "services_norm": 0.032, "transit_norm": 0.162, "cluster": 2 }, "geometry": { "type": "Polygon", "coordinates": [ [ [ 55.443795133197987, 25.23385278742613 ], [ 55.443766393611831, 25.236109652455823 ], [ 55.446247702535977, 25.236135773202538 ], [ 55.446276396343791, 25.233878905515645 ], [ 55.443795133197987, 25.23385278742613 ] ] ] } },
{ "type": "Feature", "properties": { "cell_id": 1375, "district": "mirdif", "gius": 0.033, "walkability_norm": 0.02, "services_norm": 0.0, "transit_norm": 0.078, "cluster": 2 }, "geometry": { "type": "Polygon", "coordinates": [ [ [ 55.443766393611831, 25.236109652455823 ], [ 55.443737650562397, 25.238366516765527 ], [ 55.4462190052704, 25.238392640169536 ], [ 55.446247702535977, 25.236135773202538 ], [ 55.443766393611831, 25.236109652455823 ] ] ] } },
{ "type": "Feature", "properties": { "cell_id": 1376, "district": "mirdif", "gius": 0.024, "walkability_norm": 0.071, "services_norm": 0.0, "transit_norm": 0.0, "cluster": 2 }, "geometry": { "type": "Polygon", "coordinates": [ [ [ 55.443737650562397, 25.238366516765527 ], [ 55.443708904049394, 25.240623380355206 ], [ 55.446190304546775, 25.240649506416595 ], [ 55.4462190052704, 25.238392640169536 ], [ 55.443737650562397, 25.238366516765527 ] ] ] } },
{ "type": "Feature", "properties": { "cell_id": 754, "district": "deira", "gius": 0.436, "walkability_norm": 0.398, "services_norm": 0.032, "transit_norm": 0.878, "cluster": 0 }, "geometry": { "type": "Polygon", "coordinates": [ [ [ 55.346509205447148, 25.271166493098782 ], [ 55.346478618156368, 25.273423238882945 ], [ 55.348960566811691, 25.273451031632121 ], [ 55.348991108241577, 25.271194283023885 ], [ 55.346509205447148, 25.271166493098782 ] ] ] } },
{ "type": "Feature", "properties": { "cell_id": 1357, "district": "mirdif", "gius": 0.0, "walkability_norm": 0.0, "services_norm": 0.0, "transit_norm": 0.0, "cluster": 2 }, "geometry": { "type": "Polygon", "coordinates": [ [ [ 55.444283176550677, 25.195485971810882 ], [ 55.444254495797644, 25.197742849072849 ], [ 55.446735027239427, 25.197768924660242 ], [ 55.446763662307788, 25.195512044742696 ], [ 55.444283176550677, 25.195485971810882 ] ] ] } },
{ "type": "Feature", "properties": { "cell_id": 1358, "district": "mirdif", "gius": 0.0, "walkability_norm": 0.0, "services_norm": 0.0, "transit_norm": 0.0, "cluster": 2 }, "geometry": { "type": "Polygon", "coordinates": [ [ [ 55.444254495797644, 25.197742849072849 ], [ 55.444225811586072, 25.199999725615676 ], [ 55.446706388718034, 25.200025803858733 ], [ 55.446735027239427, 25.197768924660242 ], [ 55.444254495797644, 25.197742849072849 ] ] ] } },
{ "type": "Feature", "properties": { "cell_id": 1359, "district": "mirdif", "gius": 0.0, "walkability_norm": 0.0, "services_norm": 0.0, "transit_norm": 0.0, "cluster": 2 }, "geometry": { "type": "Polygon", "coordinates": [ [ [ 55.444225811586072, 25.199999725615676 ], [ 55.444197123915671, 25.202256601439291 ], [ 55.446677746743333, 25.202282682338119 ], [ 55.446706388718034, 25.200025803858733 ], [ 55.444225811586072, 25.199999725615676 ] ] ] } },
{ "type": "Feature", "properties": { "cell_id": 1360, "district": "mirdif", "gius": 0.011, "walkability_norm": 0.0, "services_norm": 0.032, "transit_norm": 0.0, "cluster": 2 }, "geometry": { "type": "Polygon", "coordinates": [ [ [ 55.444197123915671, 25.202256601439291 ], [ 55.444168432786185, 25.204513476543656 ], [ 55.446649101315039, 25.20453956009834 ], [ 55.446677746743333, 25.202282682338119 ], [ 55.444197123915671, 25.202256601439291 ] ] ] } },
{ "type": "Feature", "properties": { "cell_id": 1361, "district": "mirdif", "gius": 0.004, "walkability_norm": 0.0, "services_norm": 0.0, "transit_norm": 0.011, "cluster": 2 }, "geometry": { "type": "Polygon", "coordinates": [ [ [ 55.444168432786185, 25.204513476543656 ], [ 55.444139738197322, 25.206770350928718 ], [ 55.446620452432882, 25.206796437139353 ], [ 55.446649101315039, 25.20453956009834 ], [ 55.444168432786185, 25.204513476543656 ] ] ] } },
{ "type": "Feature", "properties": { "cell_id": 1362, "district": "mirdif", "gius": 0.033, "walkability_norm": 0.0, "services_norm": 0.0, "transit_norm": 0.099, "cluster": 2 }, "geometry": { "type": "Polygon", "coordinates": [ [ [ 55.444139738197322, 25.206770350928718 ], [ 55.44411104014879, 25.209027224594429 ], [ 55.44659180009657, 25.209053313461116 ], [ 55.446620452432882, 25.206796437139353 ], [ 55.444139738197322, 25.206770350928718 ] ] ] } }
]
}
